bewerber_id;name;geburtsdatum;plz;ort;telefon;email;qualifikation;berufsfeld;verfuegbar_ab;quelle;niederlassung;eingang_datum;letzter_kontakt;einwilligung_bis;status
BW-01041;Krause, Jens;1993-03-27;99734;Nordhausen;0152 2985805;jens.krause@mailbox.org;Mechatroniker Instandhaltung, Deutsch B2;Elektro;2026-05-27;Empfehlung;Heilbad Heiligenstadt;2025-07-06;2025-08-13;2028-07-06;Abgelehnt
BW-01042;König, Steffi;1974-03-08;07318;Saalfeld;0151 8788461;steffi.koenig@t-online.de;Konstruktionsmechaniker;Metallbau und Schweißen;2026-06-30;Jobbörse;Jena;2025-09-22;2026-03-18;2027-09-22;Im Pool
BW-01043;Mayer, Björn;1982-01-14;07548;Gera;0176 4464054;bjoern.mayer@gmx.de;Buchbinder, Weiterverarbeitung;Druck und Verpackung;2026-07-06;Initiativbewerbung;Gera;2024-12-13;2026-02-06;2027-12-13;Im Pool
BW-01044;Nowak, Silvio;1970-01-10;99817;Eisenach;03621 649385;silvio.nowak@t-online.de;Helfer Kunststoffverarbeitung, Staplerschein;Produktion und Montage;2026-06-24;Anzeige Website;Gotha;2025-06-11;2025-08-17;2028-06-11;Im Pool
BW-01045;Arnold, Josephine;1985-07-22;07545;Gera;0365 666351;josephine.arnold@googlemail.com;Holzmechaniker Möbelbau, Kranschein;Tischlerei und Holz;2026-09-06;Anzeige Website;Gera;2026-09-06;2026-09-06;2028-09-06;Neu
BW-01046;Lehmann, Melanie;1975-05-06;99096;Erfurt;0361 298220;melanie.lehmann@outlook.de;Offsetdrucker, Bogenoffset, Deutsch B2;Druck und Verpackung;2026-06-21;Initiativbewerbung;Erfurt;2026-03-07;2026-07-28;2029-03-07;Im Pool
BW-01047;Mayer, Doreen;1964-06-09;99974;Mühlhausen;03606 817873;doreen.mayer@gmx.de;Versandmitarbeiter, Staplerschein, Montagebereitschaft;Lager und Logistik;2026-06-21;Karrieremesse;Heilbad Heiligenstadt;2026-04-27;2026-06-19;2028-04-27;Neu
BW-01048;Schneider, Hendrik;1966-10-23;07973;Greiz;0365 872617;hendrik.schneider@web.de;Sachbearbeitung Auftragsabwicklung, SAP, Staplerschein;Kaufmännische Sachbearbeitung;2026-11-24;Multiposting-Portal;Gera;2026-06-02;2026-06-20;2028-06-02;Vermittelt
BW-01049;Achtelik, Ramona;1978-11-04;99880;Waltershausen;03621 239334;ramona.achtelik@outlook.de;Maschinenbediener Kunststoff;Produktion und Montage;2026-05-21;Empfehlung;Gotha;2026-03-17;2026-03-28;2029-03-17;Im Pool
BW-01050;Steinbrück, Jana;2005-04-23;07407;Rudolstadt;0171 6100943;jana.steinbrueck@web.de;Lagerhelfer, Staplerschein;Lager und Logistik;2026-06-21;Multiposting-Portal;Jena;2025-09-05;2026-05-14;2027-09-05;Erstgespräch geführt
BW-01051;Wolff, Marcel;1967-03-17;37308;Heilbad Heiligenstadt;0160 1281999;marcel.wolff@gmx.de;Bürokauffrau, MS Office;Kaufmännische Sachbearbeitung;2026-08-30;Empfehlung;Heilbad Heiligenstadt;2025-05-07;2026-05-04;2028-05-07;Neu
BW-01052;Fuchs, Rene;1991-10-17;99734;Nordhausen;0157 8650604;rene.fuchs@gmx.de;Zerspanungsmechaniker, Frästechnik, Höhentauglichkeit G41;CNC-Zerspanung;2026-09-07;Bundesagentur für Arbeit;Heilbad Heiligenstadt;2026-02-22;2026-07-12;2028-02-22;Im Pool
BW-01053;Schuster, Silvio;1967-08-13;99734;Nordhausen;03606 366699;silvio.schuster@googlemail.com;Fachlagerist, Staplerschein;Lager und Logistik;2026-05-30;Jobbörse;Heilbad Heiligenstadt;2025-05-08;2025-06-12;2028-05-08;Nicht erreichbar
BW-01054;Winkler, Simone;1975-09-17;99867;Gotha;03621 973252;simone.winkler@freenet.de;Verpackungsmitarbeiter, Akkordbereitschaft, Montagebereitschaft;Druck und Verpackung;2026-06-08;Jobbörse;Gotha;2025-09-11;2026-01-03;2027-09-11;Im Pool
BW-01055;Vogt, Steffen;1964-10-21;07545;Gera;0365 580214;steffen.vogt@outlook.de;Kaufmann Büromanagement, DATEV-Grundkenntnisse;Kaufmännische Sachbearbeitung;2027-03-12;Empfehlung;Gera;2025-08-22;2026-03-11;2027-08-22;Im Einsatz
BW-01056;Friedrich, Rene;1996-02-12;99085;Erfurt;0361 364972;rene.friedrich@googlemail.com;Assistenz Vertriebsinnendienst, Schichtbereitschaft;Kaufmännische Sachbearbeitung;2026-08-12;Multiposting-Portal;Erfurt;2025-10-31;2026-07-01;2027-10-31;Im Pool
BW-01057;Fischer, Matthias;1999-06-28;07545;Gera;0365 936666;matthias.fischer@freenet.de;Buchbinder, Weiterverarbeitung, Schichtbereitschaft;Druck und Verpackung;2026-08-19;Multiposting-Portal;Gera;2026-03-02;2026-05-17;2029-03-02;Abgelehnt
BW-01058;Heinrich, Daniel;1994-12-11;07546;Gera;0365 768302;daniel.heinrich@gmx.de;Druckhelfer, Nachtschicht;Druck und Verpackung;2026-09-01;Initiativbewerbung;Gera;2025-09-01;2026-07-17;2027-09-01;Abgelehnt
BW-01059;Richter, Steffen;1973-06-06;99610;Sömmerda;0361 446981;steffen.richter@outlook.de;Konstruktionsmechaniker, Montagebereitschaft;Metallbau und Schweißen;2027-03-13;Empfehlung;Erfurt;2026-07-12;2026-09-02;2029-07-12;Vermittelt
BW-01060;Winter, Alexander;1974-12-03;99734;Nordhausen;0170 1372776;alexander.winter@outlook.de;Elektroniker Energie- und Gebäudetechnik;Elektro;2026-10-03;Bundesagentur für Arbeit;Heilbad Heiligenstadt;2025-02-03;2025-02-04;2027-02-03;Im Einsatz
BW-01061;Lehmann, Christian;1978-05-15;99085;Erfurt;0361 369970;christian.lehmann@t-online.de;Sachbearbeitung Auftragsabwicklung, SAP;Kaufmännische Sachbearbeitung;2026-08-05;Jobbörse;Erfurt;2026-02-20;2026-04-25;2029-02-20;Im Pool
BW-01062;Hoffmann, Andreas;1997-05-18;07546;Gera;0365 371521;andreas.hoffmann@mailbox.org;Kommissionierer, Scannererfahrung, Kranschein;Lager und Logistik;2026-06-12;Initiativbewerbung;Gera;2025-01-11;2025-05-21;2027-01-11;Abgelehnt
BW-01063;Busch, Melanie;1964-03-21;99880;Waltershausen;03621 448764;melanie.busch@outlook.de;Druckhelfer, Nachtschicht, Führerschein B;Druck und Verpackung;2026-05-31;Initiativbewerbung;Gotha;2025-05-04;2026-01-20;2028-05-04;Neu
BW-01064;Krämer, Silvio;1977-02-06;99425;Weimar;0361 637764;silvio.kraemer@outlook.de;CNC-Bediener, Rüsterfahrung, Schichtbereitschaft;CNC-Zerspanung;2026-07-12;Anzeige Website;Erfurt;2025-10-07;2026-05-18;2027-10-07;Im Pool
BW-01065;Berger, Lars;1999-12-02;99086;Erfurt;0170 4169510;lars.berger@web.de;Sachbearbeitung Einkauf, Höhentauglichkeit G41;Kaufmännische Sachbearbeitung;2026-08-14;Jobbörse;Erfurt;2025-12-19;2026-07-21;2027-12-19;Kein Interesse
BW-01066;Heinrich, Stefan;1992-05-05;07768;Kahla;03641 609621;stefan.heinrich@mailbox.org;Konstruktionsmechaniker;Metallbau und Schweißen;2027-01-20;Multiposting-Portal;Jena;2025-12-20;2026-06-06;2027-12-20;Vermittelt
BW-01067;Weiß, Uwe;1967-02-27;99310;Arnstadt;0361 299581;uwe.weiss@mailbox.org;Versandmitarbeiter, Staplerschein;Lager und Logistik;2026-07-03;Jobbörse;Erfurt;2025-01-15;2026-05-14;2027-01-15;Erstgespräch geführt
BW-01068;Hahn, Antje;2004-03-04;99089;Erfurt;0361 402074;antje.hahn@googlemail.com;Montagehelfer Serienfertigung, Reinraumerfahrung;Produktion und Montage;2026-06-30;Jobbörse;Erfurt;2026-06-30;2026-08-15;2028-06-30;Neu
BW-01069;Otto, Lena;1988-02-23;07749;Jena;03641 619484;lena.otto@t-online.de;Montagehelfer Serienfertigung;Produktion und Montage;2026-06-13;Initiativbewerbung;Jena;2025-04-04;2025-11-05;2027-04-04;Im Pool
BW-01070;Arnold, Hendrik;1998-03-22;07407;Rudolstadt;03641 982908;hendrik.arnold@gmx.de;Kaufmann Büromanagement, DATEV-Grundkenntnisse;Kaufmännische Sachbearbeitung;2026-07-15;Anzeige Website;Jena;2025-06-24;2026-06-30;2027-06-24;Abgelehnt
BW-01071;Werner, Sven;2000-04-18;99974;Mühlhausen;03606 911077;sven.werner@web.de;Offsetdrucker, Bogenoffset, Kranschein;Druck und Verpackung;2026-06-13;Jobbörse;Heilbad Heiligenstadt;2025-07-22;2026-06-03;2027-07-22;Abgelehnt
BW-01072;Horn, Maik;1965-09-16;99734;Nordhausen;03606 790254;maik.horn@t-online.de;Kreditorenbuchhaltung, SAP FI;Buchhaltung;2026-05-14;Jobbörse;Heilbad Heiligenstadt;2025-10-27;2026-05-22;2027-10-27;Erstgespräch geführt
BW-01073;Ludwig, Sebastian;2006-09-08;99867;Gotha;0163 6362097;sebastian.ludwig@web.de;Sachbearbeitung Auftragsabwicklung, SAP, Schichtbereitschaft;Kaufmännische Sachbearbeitung;2026-07-15;Jobbörse;Gotha;2025-09-05;2025-12-04;2028-09-05;Erstgespräch geführt
BW-01074;Möller, Enrico;1968-02-02;07318;Saalfeld;03641 813793;enrico.moeller@gmx.de;CNC-Fräser, Heidenhain TNC, Höhentauglichkeit G41;CNC-Zerspanung;2027-01-11;Multiposting-Portal;Jena;2025-10-11;2025-10-19;2028-10-11;Im Einsatz
BW-01075;Heinrich, Holger;1976-04-05;99974;Mühlhausen;03606 516196;holger.heinrich@mailbox.org;Medientechnologe Druck, Reinraumerfahrung;Druck und Verpackung;2027-03-16;Karrieremesse;Heilbad Heiligenstadt;2025-07-29;2026-03-19;2027-07-29;Im Einsatz
BW-01076;Winter, Ralf;1977-04-17;07407;Rudolstadt;0171 8678969;ralf.winter@web.de;Elektroniker Energie- und Gebäudetechnik;Elektro;2026-06-02;Initiativbewerbung;Jena;2025-04-19;2026-01-11;2027-04-19;Nicht erreichbar
BW-01077;Krämer, Antje;1993-05-11;37308;Heilbad Heiligenstadt;03606 785029;antje.kraemer@freenet.de;Produktionsmitarbeiter, Anlernkraft, Kranschein;Produktion und Montage;2026-08-29;Multiposting-Portal;Heilbad Heiligenstadt;2026-04-25;2026-07-07;2028-04-25;Im Pool
BW-01078;Bauer, Jörg;1967-07-12;99097;Erfurt;0361 763840;joerg.bauer@mailbox.org;Medientechnologe Druck;Druck und Verpackung;2026-08-28;Multiposting-Portal;Erfurt;2019-04-20;2026-08-10;2028-08-10;Im Pool
BW-01079;Hahn, Sven;1992-05-23;07407;Rudolstadt;03641 956753;sven.hahn@t-online.de;Helfer Kunststoffverarbeitung, Kranschein;Produktion und Montage;2027-01-21;Bundesagentur für Arbeit;Jena;2024-12-24;2025-08-24;2026-12-24;Vermittelt
BW-01080;Vollmer, Lisa;1965-06-08;07973;Greiz;0365 759632;lisa.vollmer@gmx.de;Lagerhelfer, Staplerschein;Lager und Logistik;2026-08-11;Empfehlung;Gera;2026-06-05;2026-07-20;2029-06-05;Im Pool
BW-01081;Möller, Denise;1964-04-27;98693;Ilmenau;03621 956455;denise.moeller@googlemail.com;Buchbinder, Weiterverarbeitung, Führerschein B;Druck und Verpackung;2026-08-01;Empfehlung;Gotha;2025-02-12;2026-01-20;2028-02-12;Im Pool
BW-01082;Köhler, Ronny;1992-07-22;99734;Nordhausen;03606 535142;ronny.koehler@web.de;Tischlerhelfer, Oberflächenbearbeitung;Tischlerei und Holz;2026-05-31;Anzeige Website;Heilbad Heiligenstadt;2025-05-24;2025-06-26;2028-05-24;Nicht erreichbar
BW-01083;Schröder, Christian;1974-10-09;99880;Waltershausen;03621 524257;christian.schroeder@mailbox.org;Sachbearbeitung Auftragsabwicklung, SAP;Kaufmännische Sachbearbeitung;2026-06-30;Anzeige Website;Gotha;2025-07-22;2026-03-15;2027-07-22;Nicht erreichbar
BW-01084;Schmitz, Alexander;1992-05-24;99094;Erfurt;0171 3901269;alexander.schmitz@googlemail.com;Tischlerhelfer, Oberflächenbearbeitung, Schichtbereitschaft;Tischlerei und Holz;2026-09-01;Bundesagentur für Arbeit;Erfurt;2026-03-15;2026-03-27;2028-03-15;Abgelehnt
BW-01085;Kuhn, Antje;1983-05-18;99817;Eisenach;03621 245135;antje.kuhn@googlemail.com;Lagerfachkraft, Wareneingang, Schichtbereitschaft;Lager und Logistik;2026-08-25;Initiativbewerbung;Gotha;2025-12-17;2026-07-22;2028-12-17;Im Pool
BW-01086;Seidel, Marcel;1975-06-12;07973;Greiz;0365 325284;marcel.seidel@web.de;Bautischler, Montage;Tischlerei und Holz;2026-07-27;Anzeige Website;Gera;2025-01-21;2026-05-05;2027-01-21;Im Pool
BW-01087;Müller, Frank;1988-10-12;99310;Arnstadt;0361 299732;frank.mueller@googlemail.com;Zerspanungsmechaniker, Drehtechnik;CNC-Zerspanung;2026-06-13;Multiposting-Portal;Erfurt;2025-05-04;2025-07-18;2028-05-04;Erstgespräch geführt
BW-01088;Schmid, Steffen;1998-09-12;98693;Ilmenau;0176 7560136;steffen.schmid@googlemail.com;Montagehelfer Serienfertigung;Produktion und Montage;2026-05-27;Anzeige Website;Gotha;2026-05-27;2026-08-31;2028-05-27;Im Pool
BW-01089;Böhm, Alexander;1999-11-09;99867;Gotha;0178 9261650;alexander.boehm@t-online.de;Buchbinder, Weiterverarbeitung, Montagebereitschaft;Druck und Verpackung;2026-09-01;Initiativbewerbung;Gotha;2025-04-02;2026-06-19;2028-04-02;Kein Interesse
BW-01090;Franke, Kevin;1983-05-16;07407;Rudolstadt;0163 7458630;kevin.franke@web.de;Schweißer WIG 141, Kranschein;Metallbau und Schweißen;2026-08-23;Jobbörse;Jena;2025-02-25;2026-06-03;2028-02-25;Im Pool
BW-01091;Seidel, Steffen;1979-05-17;07745;Jena;03641 580444;steffen.seidel@freenet.de;Schweißer MAG 135, Prüfung gültig, Kranschein;Metallbau und Schweißen;2026-07-03;Initiativbewerbung;Jena;2025-03-29;2025-09-13;2027-03-29;Erstgespräch geführt
BW-01092;Fuchs, Toni;2006-04-15;99097;Erfurt;0163 1532820;toni.fuchs@web.de;Druckhelfer, Nachtschicht;Druck und Verpackung;2026-08-21;Empfehlung;Erfurt;2025-02-11;2026-07-16;2028-02-11;Im Pool
BW-01093;Neumann, Stefan;1962-02-22;07937;Zeulenroda;0365 286649;stefan.neumann@googlemail.com;Helfer Kunststoffverarbeitung, Kranschein;Produktion und Montage;2026-05-19;Empfehlung;Gera;2024-11-11;2026-01-18;2026-11-11;Erstgespräch geführt
BW-01094;Sommer, Mario;1974-08-18;99427;Weimar;0160 7547524;mario.sommer@mailbox.org;Zerspanungsmechaniker, Frästechnik, Deutsch B2;CNC-Zerspanung;2026-09-02;Anzeige Website;Erfurt;2026-07-27;2026-07-27;2028-07-27;Im Pool
BW-01095;Seidel, Kevin;1987-02-21;07545;Gera;0163 6328949;kevin.seidel@googlemail.com;Tischlerhelfer, Oberflächenbearbeitung, Reinraumerfahrung;Tischlerei und Holz;2026-08-28;Anzeige Website;Gera;2026-08-28;2026-09-02;2029-08-28;Im Pool
BW-01096;Wolff, Mario;2001-10-13;07546;Gera;0365 393685;mario.wolff@freenet.de;CNC-Dreher, Siemens 840D;CNC-Zerspanung;2026-07-31;Multiposting-Portal;Gera;2026-03-17;2026-08-16;2028-03-17;Im Pool
BW-01097;Schreiber, Ronny;1971-06-20;99867;Gotha;0163 8097389;ronny.schreiber@freenet.de;Elektroinstallateur, Baustelleneinsatz;Elektro;2026-09-08;Initiativbewerbung;Gotha;2024-10-14;2026-03-28;2026-10-14;Abgelehnt
BW-01098;Braun, Daniel;2002-12-24;99817;Eisenach;03621 777299;daniel.braun@googlemail.com;Offsetdrucker, Bogenoffset;Druck und Verpackung;2026-08-30;Bundesagentur für Arbeit;Gotha;2026-05-19;2026-08-16;2028-05-19;Nicht erreichbar
BW-01099;Fuchs, Regina;1986-03-27;99867;Gotha;03621 582322;regina.fuchs@freenet.de;Maschinenbediener Kunststoff, Höhentauglichkeit G41;Produktion und Montage;2026-06-21;Jobbörse;Gotha;2026-03-01;2026-08-24;2029-03-01;Im Pool
BW-01100;Hartmann, Silke;1963-05-17;07937;Zeulenroda;0365 763765;silke.hartmann@mailbox.org;Elektroniker Betriebstechnik, Deutsch B2;Elektro;2026-08-09;Jobbörse;Gera;2026-08-09;2026-08-10;2029-08-09;Im Pool
BW-01101;Schäfer, Sabine;1987-08-07;99099;Erfurt;0361 886538;sabine.schaefer@googlemail.com;Metallbauer Konstruktionstechnik, Schichtbereitschaft;Metallbau und Schweißen;2026-08-15;Initiativbewerbung;Erfurt;2026-05-25;2026-07-26;2029-05-25;Neu
BW-01102;Hoffmann, Hendrik;1994-08-09;07973;Greiz;0365 627953;hendrik.hoffmann@gmx.de;Fachlagerist, Staplerschein;Lager und Logistik;2026-07-05;Jobbörse;Gera;2026-06-10;2026-07-20;2029-06-10;Erstgespräch geführt
BW-01103;Krüger, Ines;1994-07-07;98693;Ilmenau;0177 2886071;ines.krueger@t-online.de;CNC-Dreher, Siemens 840D;CNC-Zerspanung;2026-06-14;Empfehlung;Gotha;2025-12-04;2025-12-19;2027-12-04;Abgelehnt
BW-01104;Weiß, Hendrik;1973-06-11;99734;Nordhausen;03606 552361;hendrik.weiss@mailbox.org;CNC-Bediener, Rüsterfahrung;CNC-Zerspanung;2026-08-15;Multiposting-Portal;Heilbad Heiligenstadt;2026-08-15;2026-08-24;2028-08-15;Nicht erreichbar
BW-01105;Haas, Dennis;1988-04-24;07407;Rudolstadt;0178 2414050;dennis.haas@freenet.de;Zerspanungsmechaniker, Frästechnik;CNC-Zerspanung;2027-02-21;Empfehlung;Jena;2026-03-21;2026-07-09;2029-03-21;Vermittelt
BW-01106;Engel, Jörg;1979-01-17;07548;Gera;0365 348955;joerg.engel@t-online.de;Konstruktionsmechaniker;Metallbau und Schweißen;2026-07-20;Anzeige Website;Gera;2025-06-28;2026-04-29;2027-06-28;Im Pool
BW-01107;Thomas, Nico;1999-01-01;07545;Gera;0365 782688;nico.thomas@gmx.de;Zerspanungsmechaniker, Frästechnik, Schichtbereitschaft;CNC-Zerspanung;2027-03-31;Jobbörse;Gera;2026-07-03;2026-08-12;2028-07-03;Vermittelt
BW-01108;Vogel, Christian;1989-08-15;07743;Jena;03641 592990;christian.vogel@t-online.de;Metallbauer Konstruktionstechnik;Metallbau und Schweißen;2026-11-05;Initiativbewerbung;Jena;2025-01-18;2025-12-01;2027-01-18;Vermittelt
BW-01109;Schwarz, Uwe;1963-08-18;99310;Arnstadt;0361 351148;uwe.schwarz@outlook.de;Druckhelfer, Nachtschicht;Druck und Verpackung;2026-08-17;Multiposting-Portal;Erfurt;2025-11-07;2026-03-09;2027-11-07;Im Pool
BW-01110;Beck, Erik;1979-09-20;07546;Gera;0365 795289;erik.beck@mailbox.org;Kaufmann Büromanagement, DATEV-Grundkenntnisse;Kaufmännische Sachbearbeitung;2026-08-13;Jobbörse;Gera;2025-04-05;2026-04-01;2028-04-05;Im Pool
BW-01111;Brandt, Sebastian;1977-01-17;99974;Mühlhausen;03606 256324;sebastian.brandt@mailbox.org;Konstruktionsmechaniker;Metallbau und Schweißen;2027-01-09;Jobbörse;Heilbad Heiligenstadt;2025-11-28;2026-03-30;2027-11-28;Im Einsatz
BW-01112;Jäger, Julia;1992-01-12;99867;Gotha;0151 3838986;julia.jaeger@web.de;Holzmechaniker Möbelbau, Deutsch B2;Tischlerei und Holz;2027-03-23;Initiativbewerbung;Gotha;2024-11-19;2026-04-21;2026-11-19;Im Einsatz
BW-01113;Schuster, Nadine;2003-01-08;07743;Jena;03641 516032;nadine.schuster@outlook.de;Medientechnologe Druck;Druck und Verpackung;2027-04-12;Empfehlung;Jena;2025-05-07;2026-05-08;2027-05-07;Im Einsatz
BW-01114;Lehmann, Marvin;1968-07-22;99817;Eisenach;0152 7781155;marvin.lehmann@gmx.de;Industriemechaniker Instandhaltung, Führerschein B;Metallbau und Schweißen;2026-07-05;Anzeige Website;Gotha;2026-02-20;2026-09-06;2028-02-20;Abgelehnt
BW-01115;Otto, Maik;1986-12-11;07749;Jena;0163 9302985;maik.otto@freenet.de;Elektroniker Betriebstechnik;Elektro;2026-06-25;Empfehlung;Jena;2025-02-21;2026-01-12;2027-02-21;Im Pool
BW-01116;Lange, Anke;1985-10-11;99867;Gotha;03621 479294;anke.lange@t-online.de;Lagerhelfer, Staplerschein;Lager und Logistik;2027-02-14;Multiposting-Portal;Gotha;2025-09-21;2025-12-21;2027-09-21;Im Einsatz
BW-01117;Lehmann, Steffen;2003-07-09;99427;Weimar;0177 5515631;steffen.lehmann@mailbox.org;Buchbinder, Weiterverarbeitung;Druck und Verpackung;2026-07-03;Multiposting-Portal;Erfurt;2026-03-02;2026-07-09;2028-03-02;Im Pool
BW-01118;Winter, Christian;1983-04-21;99084;Erfurt;0361 684241;christian.winter@mailbox.org;Bürokauffrau, MS Office;Kaufmännische Sachbearbeitung;2026-10-26;Jobbörse;Erfurt;2025-08-14;2025-11-14;2027-08-14;Vermittelt
BW-01119;König, Holger;1986-01-06;99310;Arnstadt;0171 4862865;holger.koenig@gmx.de;CNC-Dreher, Siemens 840D;CNC-Zerspanung;2026-07-14;Empfehlung;Erfurt;2025-08-04;2025-09-16;2027-08-04;Im Pool
BW-01120;Rehberg, Thomas;1967-01-06;99423;Weimar;0361 324810;thomas.rehberg@web.de;Finanzbuchhaltung, DATEV;Buchhaltung;2026-06-03;Empfehlung;Erfurt;2026-03-06;2026-09-06;2028-03-06;Abgelehnt
BW-01121;Nowak, Anja;1987-06-19;99867;Gotha;0163 9588030;anja.nowak@web.de;Elektroinstallateur, Baustelleneinsatz;Elektro;2026-07-10;Jobbörse;Gotha;2025-11-13;2026-06-23;2027-11-13;Im Pool
BW-01122;Beck, Holger;1998-07-05;99086;Erfurt;0361 792516;holger.beck@outlook.de;Bautischler, Montage;Tischlerei und Holz;2026-08-16;Anzeige Website;Erfurt;2026-04-23;2026-05-27;2029-04-23;Im Pool
BW-01123;Ritschel, Hendrik;2001-10-26;99423;Weimar;0361 307492;hendrik.ritschel@mailbox.org;Offsetdrucker, Bogenoffset;Druck und Verpackung;2026-06-30;Anzeige Website;Erfurt;2025-11-06;2026-01-28;2027-11-06;Im Pool
BW-01124;Brandt, Marcel;1994-07-22;07318;Saalfeld;03641 457397;marcel.brandt@googlemail.com;Finanzbuchhaltung, DATEV, Deutsch B2;Buchhaltung;2026-08-19;Jobbörse;Jena;2025-08-16;2026-05-11;2027-08-16;Neu
BW-01125;Schäfer, Petra;1970-03-01;99867;Gotha;03621 327623;petra.schaefer@web.de;CNC-Bediener, Rüsterfahrung, Deutsch B2;CNC-Zerspanung;2026-07-02;Initiativbewerbung;Gotha;2026-07-02;2026-08-15;2028-07-02;Im Pool
BW-01126;Meier, Torsten;1968-04-09;99097;Erfurt;0361 611483;torsten.meier@mailbox.org;Maschinenführer Verpackungslinie;Druck und Verpackung;2026-06-12;Initiativbewerbung;Erfurt;2025-06-10;2026-07-09;2027-06-10;Im Pool
BW-01127;Weiß, Holger;1976-08-13;07549;Gera;0365 581879;holger.weiss@mailbox.org;CNC-Fräser, Heidenhain TNC;CNC-Zerspanung;2026-07-14;Anzeige Website;Gera;2026-06-03;2026-06-07;2028-06-03;Im Pool
BW-01128;Balzer, Silke;1964-11-05;07646;Stadtroda;03641 857120;silke.balzer@googlemail.com;CNC-Bediener, Rüsterfahrung;CNC-Zerspanung;2026-08-17;Multiposting-Portal;Jena;2025-02-14;2025-03-14;2027-02-14;Abgelehnt
BW-01129;Schneider, Toni;1962-01-01;99089;Erfurt;0163 9744623;toni.schneider@mailbox.org;Bürokauffrau, MS Office;Kaufmännische Sachbearbeitung;2026-08-03;Anzeige Website;Erfurt;2024-11-25;2025-04-25;2026-11-25;Neu
BW-01130;Vollmer, Tobias;2002-01-18;07745;Jena;03641 439125;tobias.vollmer@mailbox.org;Montagehelfer Serienfertigung;Produktion und Montage;2026-07-24;Jobbörse;Jena;2026-03-27;2026-07-15;2028-03-27;Erstgespräch geführt
BW-01131;Werner, Jörg;1978-11-22;99423;Weimar;0170 2303879;joerg.werner@freenet.de;Helfer Kunststoffverarbeitung;Produktion und Montage;2026-06-28;Jobbörse;Erfurt;2025-08-11;2025-11-25;2027-08-11;Neu
BW-01132;Berger, Anke;1996-11-20;07747;Jena;03641 847135;anke.berger@googlemail.com;Finanzbuchhaltung, DATEV;Buchhaltung;2026-05-31;Empfehlung;Jena;2026-02-17;2026-07-01;2029-02-17;Erstgespräch geführt
BW-01133;Schmid, Robert;1984-08-23;07545;Gera;0157 5421709;robert.schmid@mailbox.org;Maschinenführer Verpackungslinie;Druck und Verpackung;2026-05-23;Initiativbewerbung;Gera;2025-08-14;2025-10-08;2027-08-14;Im Pool
BW-01134;Kühn, Ronny;1991-02-08;99610;Sömmerda;0361 253246;ronny.kuehn@gmx.de;Sachbearbeitung Einkauf;Kaufmännische Sachbearbeitung;2026-07-05;Anzeige Website;Erfurt;2026-04-17;2026-07-27;2028-04-17;Nicht erreichbar
BW-01135;Weber, Heike;2005-01-13;99310;Arnstadt;0361 606218;heike.weber@gmx.de;Buchbinder, Weiterverarbeitung, Montagebereitschaft;Druck und Verpackung;2026-07-24;Jobbörse;Erfurt;2024-12-30;2026-05-02;2027-12-30;Im Pool
BW-01136;Grunewald, Christian;2004-07-18;07749;Jena;03641 352540;christian.grunewald@googlemail.com;Industriemechaniker Instandhaltung;Metallbau und Schweißen;2026-08-28;Multiposting-Portal;Jena;2026-03-08;2026-03-22;2029-03-08;Im Pool
BW-01137;Voigt, Frank;1972-05-04;07546;Gera;0178 7059854;frank.voigt@mailbox.org;Versandmitarbeiter, Staplerschein, Führerschein B;Lager und Logistik;2026-09-04;Jobbörse;Gera;2026-09-04;2026-09-06;2029-09-04;Abgelehnt
BW-01138;Kuhn, Patrick;1982-01-18;99084;Erfurt;0361 443798;patrick.kuhn@outlook.de;Zerspanungsmechaniker, Frästechnik, Reinraumerfahrung;CNC-Zerspanung;2026-07-15;Multiposting-Portal;Erfurt;2025-11-22;2026-06-27;2028-11-22;Im Pool
BW-01139;Ziegler, Lisa;1962-05-07;98693;Ilmenau;03621 621458;lisa.ziegler@mailbox.org;Konstruktionsmechaniker, Staplerschein;Metallbau und Schweißen;2026-06-30;Jobbörse;Gotha;2025-06-10;2026-01-20;2027-06-10;Im Pool
BW-01140;Voigt, Jana;1991-08-07;07407;Rudolstadt;03641 795377;jana.voigt@freenet.de;Lohnbuchhaltung, Tarifkenntnisse;Buchhaltung;2026-11-09;Karrieremesse;Jena;2025-05-31;2026-05-10;2028-05-31;Im Einsatz
BW-01141;Busch, Elke;2004-05-19;99947;Bad Langensalza;03621 842694;elke.busch@web.de;Produktionshelfer, 3-Schicht;Produktion und Montage;2026-05-19;Anzeige Website;Gotha;2025-09-15;2026-01-08;2028-09-15;Im Pool
BW-01142;Achtelik, Enrico;2007-03-06;37308;Heilbad Heiligenstadt;03606 793466;enrico.achtelik@gmx.de;Elektrohelfer, Schaltschrankbau, Höhentauglichkeit G41;Elektro;2026-12-06;Anzeige Website;Heilbad Heiligenstadt;2026-08-14;2026-09-07;2028-08-14;Vermittelt
BW-01143;Krause, Elke;1987-04-18;07407;Rudolstadt;0170 5733183;elke.krause@googlemail.com;Fachlagerist, Staplerschein;Lager und Logistik;2026-08-15;Jobbörse;Jena;2026-08-15;2026-08-24;2028-08-15;Abgelehnt
BW-01144;Krämer, Susanne;1997-06-04;98693;Ilmenau;03621 644813;susanne.kraemer@outlook.de;Technischer Produktdesigner, Inventor, Staplerschein;Technische Fachkraft;2026-08-18;Anzeige Website;Gotha;2025-10-01;2026-02-21;2027-10-01;Im Pool
BW-01145;Werner, Torsten;1984-07-07;99097;Erfurt;0361 662092;torsten.werner@outlook.de;Bilanzbuchhalter, Abschlusssicher, Reinraumerfahrung;Buchhaltung;2026-12-16;Jobbörse;Erfurt;2025-08-10;2026-04-04;2028-08-10;Im Einsatz
BW-01146;Günther, Björn;1990-04-07;07548;Gera;0178 7927886;bjoern.guenther@freenet.de;Tischler, CNC-Bearbeitungszentrum, Führerschein B;Tischlerei und Holz;2027-04-15;Anzeige Website;Gera;2026-08-13;2026-08-21;2029-08-13;Im Einsatz
BW-01147;Lehmann, Ralf;1965-10-26;99089;Erfurt;0177 1130774;ralf.lehmann@outlook.de;Zerspanungsmechaniker, Frästechnik;CNC-Zerspanung;2026-08-10;Anzeige Website;Erfurt;2026-07-10;2026-09-02;2028-07-10;Im Pool
BW-01148;Günther, Alexander;2002-02-16;99099;Erfurt;0178 3424827;alexander.guenther@gmx.de;Montagehelfer Serienfertigung;Produktion und Montage;2026-06-21;Anzeige Website;Erfurt;2026-05-07;2026-08-05;2029-05-07;Nicht erreichbar
BW-01149;Pfeiffer, Björn;2006-01-17;07381;Pößneck;0365 859025;bjoern.pfeiffer@outlook.de;Konstruktionsmechaniker;Metallbau und Schweißen;2026-07-21;Empfehlung;Gera;2026-03-16;2026-03-28;2028-03-16;Im Pool
BW-01150;Krüger, Simone;1967-10-08;07747;Jena;0178 8838528;simone.krueger@mailbox.org;Assistenz Vertriebsinnendienst, Höhentauglichkeit G41;Kaufmännische Sachbearbeitung;2026-05-21;Empfehlung;Jena;2026-03-25;2026-04-08;2028-03-25;Im Pool
BW-01151;Schmitt, Enrico;1967-03-09;99947;Bad Langensalza;03621 701644;enrico.schmitt@mailbox.org;CNC-Fräser, Heidenhain TNC;CNC-Zerspanung;2026-08-24;Empfehlung;Gotha;2025-07-02;2026-05-12;2028-07-02;Neu
BW-01152;König, Steffi;1973-01-24;07580;Ronneburg;0365 471303;steffi.koenig@web.de;Schlosser, Montageerfahrung;Metallbau und Schweißen;2026-07-22;Initiativbewerbung;Gera;2025-05-23;2025-12-28;2028-05-23;Im Pool
BW-01153;Koch, Erik;1976-03-22;07318;Saalfeld;03641 209682;erik.koch@web.de;Produktionshelfer, 3-Schicht, Deutsch B2;Produktion und Montage;2027-01-19;Jobbörse;Jena;2025-08-09;2025-12-15;2027-08-09;Im Einsatz
BW-01154;Wagner, Antje;1977-04-06;99734;Nordhausen;0170 4948193;antje.wagner@outlook.de;Lagerfachkraft, Wareneingang, Reinraumerfahrung;Lager und Logistik;2026-05-16;Jobbörse;Heilbad Heiligenstadt;2024-10-19;2026-06-18;2026-10-19;Neu
BW-01155;Stein, Enrico;2002-03-03;99310;Arnstadt;0361 966817;enrico.stein@mailbox.org;Kreditorenbuchhaltung, SAP FI, Reinraumerfahrung;Buchhaltung;2026-09-05;Jobbörse;Erfurt;2026-09-05;2026-09-05;2028-09-05;Kein Interesse
BW-01156;Böhm, Dirk;1987-12-05;99610;Sömmerda;0361 988110;dirk.boehm@web.de;Tischlerhelfer, Oberflächenbearbeitung;Tischlerei und Holz;2026-05-19;Jobbörse;Erfurt;2025-02-17;2025-07-27;2027-02-17;Im Pool
BW-01157;Schmitz, Alexander;1994-10-11;99817;Eisenach;0177 5252818;alexander.schmitz@googlemail.com;Schweißer MAG 135, Prüfung gültig, Schichtbereitschaft;Metallbau und Schweißen;2026-07-30;Bundesagentur für Arbeit;Gotha;2025-01-06;2026-06-10;2028-01-06;Im Pool
BW-01158;Meyer, Kathrin;2002-07-22;07549;Gera;0365 409568;kathrin.meyer@outlook.de;Metallbauer Konstruktionstechnik, Führerschein B;Metallbau und Schweißen;2026-08-22;Bundesagentur für Arbeit;Gera;2025-06-08;2025-09-05;2027-06-08;Erstgespräch geführt
BW-01159;Berger, Katrin;1978-06-03;99310;Arnstadt;0178 4297691;katrin.berger@gmx.de;Produktionshelfer, 3-Schicht, Montagebereitschaft;Produktion und Montage;2026-08-31;Jobbörse;Erfurt;2026-07-11;2026-08-12;2028-07-11;Abgelehnt
BW-01160;Braun, Katrin;1979-05-01;99947;Bad Langensalza;0163 6994037;katrin.braun@web.de;Versandmitarbeiter, Staplerschein;Lager und Logistik;2026-08-09;Anzeige Website;Gotha;2026-08-09;2026-08-19;2028-08-09;Neu
BW-01161;Graf, Ralf;1975-09-08;99423;Weimar;0157 9910040;ralf.graf@freenet.de;Kommissionierer, Scannererfahrung;Lager und Logistik;2026-07-29;Multiposting-Portal;Erfurt;2026-07-29;2026-08-02;2029-07-29;Im Pool
BW-01162;Baumann, Ronny;1996-03-09;99974;Mühlhausen;03606 891545;ronny.baumann@gmx.de;Elektrohelfer, Schaltschrankbau;Elektro;2026-05-16;Empfehlung;Heilbad Heiligenstadt;2026-04-22;2026-08-10;2028-04-22;Im Pool
BW-01163;Roth, Ramona;2003-02-05;07545;Gera;0365 703561;ramona.roth@googlemail.com;Zerspanungsmechaniker, Frästechnik;CNC-Zerspanung;2026-06-15;Jobbörse;Gera;2025-06-22;2026-08-20;2027-06-22;Im Pool
BW-01164;Wolf, Heike;1977-05-26;99734;Nordhausen;0177 8076551;heike.wolf@web.de;CNC-Fräser, Heidenhain TNC;CNC-Zerspanung;2026-07-13;Jobbörse;Heilbad Heiligenstadt;2025-06-26;2026-08-02;2027-06-26;Kein Interesse
BW-01165;Lang, Anke;1965-09-07;37327;Leinefelde-Worbis;03606 569136;anke.lang@t-online.de;Kaufmann Büromanagement, DATEV-Grundkenntnisse, Höhentauglichkeit G41;Kaufmännische Sachbearbeitung;2026-08-12;Jobbörse;Heilbad Heiligenstadt;2026-08-12;2026-08-22;2028-08-12;Im Pool
BW-01166;Klein, Björn;1992-11-13;99610;Sömmerda;0152 5777216;bjoern.klein@googlemail.com;Versandmitarbeiter, Staplerschein, Führerschein B;Lager und Logistik;2027-02-20;Jobbörse;Erfurt;2025-06-05;2025-09-14;2028-06-05;Im Einsatz
BW-01167;Schmid, Silvio;1988-03-01;99094;Erfurt;0361 845314;silvio.schmid@gmx.de;Metallbauer Konstruktionstechnik;Metallbau und Schweißen;2026-07-19;Bundesagentur für Arbeit;Erfurt;2026-02-28;2026-04-01;2028-02-28;Erstgespräch geführt
BW-01168;Hoffmann, Carolin;1972-04-27;99094;Erfurt;0361 286317;carolin.hoffmann@googlemail.com;Technischer Zeichner, AutoCAD;Technische Fachkraft;2026-07-16;Karrieremesse;Erfurt;2026-07-16;2026-08-19;2028-07-16;Im Pool
BW-01169;Nowak, Nadine;2005-04-26;99610;Sömmerda;0361 261093;nadine.nowak@gmx.de;Maschinen- und Anlagenführer, Führerschein B;Produktion und Montage;2026-05-18;Multiposting-Portal;Erfurt;2025-08-06;2026-02-16;2028-08-06;Im Pool
BW-01170;Ziegenhorn, Rene;1965-11-22;07546;Gera;0365 844191;rene.ziegenhorn@googlemail.com;Produktionsmitarbeiter, Anlernkraft;Produktion und Montage;2026-07-18;Bundesagentur für Arbeit;Gera;2025-07-07;2026-03-28;2027-07-07;Im Pool
BW-01171;Werner, Marcel;2005-08-15;98693;Ilmenau;03621 238283;marcel.werner@mailbox.org;Staplerfahrer Schubmast;Lager und Logistik;2026-08-01;Initiativbewerbung;Gotha;2025-11-15;2026-04-25;2028-11-15;Neu
BW-01172;Pfaff, Kathrin;1998-02-23;99094;Erfurt;0170 3402681;kathrin.pfaff@freenet.de;Lagerfachkraft, Wareneingang, Staplerschein;Lager und Logistik;2026-08-25;Multiposting-Portal;Erfurt;2026-05-30;2026-09-02;2029-05-30;Kein Interesse
BW-01173;Krüger, Diana;1976-07-17;99867;Gotha;03621 480623;diana.krueger@t-online.de;Sachbearbeitung Einkauf;Kaufmännische Sachbearbeitung;2026-08-30;Empfehlung;Gotha;2026-08-30;2026-08-30;2028-08-30;Im Pool
BW-01174;Arnold, Thomas;1980-03-05;07381;Pößneck;0365 572029;thomas.arnold@t-online.de;Versandmitarbeiter, Staplerschein;Lager und Logistik;2026-06-13;Anzeige Website;Gera;2024-10-18;2024-10-27;2027-10-18;Erstgespräch geführt
BW-01175;Schubert, Doreen;1976-12-27;07548;Gera;0365 892064;doreen.schubert@mailbox.org;Kommissionierer, Scannererfahrung, Staplerschein;Lager und Logistik;2027-04-04;Initiativbewerbung;Gera;2025-01-27;2025-06-30;2028-01-27;Vermittelt
BW-01176;Baumann, Daniel;1990-01-07;99867;Gotha;03621 323230;daniel.baumann@googlemail.com;Industriemechaniker Instandhaltung;Metallbau und Schweißen;2026-07-18;Anzeige Website;Gotha;2024-10-24;2025-11-14;2026-10-24;Neu
BW-01177;Heinrich, Claudia;1985-03-20;99423;Weimar;0361 549814;claudia.heinrich@mailbox.org;Kaufmann Büromanagement, DATEV-Grundkenntnisse, Schichtbereitschaft;Kaufmännische Sachbearbeitung;2026-06-14;Initiativbewerbung;Erfurt;2025-12-15;2026-01-25;2027-12-15;Erstgespräch geführt
BW-01178;Jäger, Elke;1984-03-14;99974;Mühlhausen;0151 6570202;elke.jaeger@t-online.de;Maschinenbediener Kunststoff, Führerschein B;Produktion und Montage;2027-03-02;Multiposting-Portal;Heilbad Heiligenstadt;2025-01-01;2025-09-02;2027-01-01;Im Einsatz
BW-01179;Schmitt, Frank;1992-07-09;99085;Erfurt;0178 9179267;frank.schmitt@gmx.de;Kundenservice, Telefonie;Kaufmännische Sachbearbeitung;2026-08-20;Karrieremesse;Erfurt;2025-08-02;2026-03-16;2028-08-02;Im Pool
BW-01180;Maier, Torsten;1997-08-04;99867;Gotha;03621 366924;torsten.maier@web.de;Elektroniker Energie- und Gebäudetechnik;Elektro;2026-07-14;Multiposting-Portal;Gotha;2025-05-01;2025-11-06;2028-05-01;Neu
BW-01181;Vollmer, Toni;1971-07-25;99425;Weimar;0361 699484;toni.vollmer@outlook.de;Produktionshelfer, 3-Schicht;Produktion und Montage;2026-10-15;Initiativbewerbung;Erfurt;2024-10-22;2026-04-04;2026-10-22;Im Einsatz
BW-01182;Meier, Nadine;1998-01-04;07545;Gera;0170 5915767;nadine.meier@t-online.de;Mechatroniker Instandhaltung;Elektro;2026-10-26;Jobbörse;Gera;2026-05-19;2026-05-28;2028-05-19;Im Einsatz
BW-01183;Krämer, Enrico;1976-12-08;37351;Dingelstädt;03606 599461;enrico.kraemer@mailbox.org;Schlosser, Montageerfahrung, Höhentauglichkeit G41;Metallbau und Schweißen;2026-07-31;Initiativbewerbung;Heilbad Heiligenstadt;2024-10-23;2025-03-01;2026-10-23;Neu
BW-01184;Schubert, Josephine;1984-08-25;99610;Sömmerda;0361 922323;josephine.schubert@mailbox.org;Industriemechaniker Instandhaltung;Metallbau und Schweißen;2026-06-09;Initiativbewerbung;Erfurt;2026-02-15;2026-08-04;2028-02-15;Kein Interesse
BW-01185;Achtelik, Frank;1974-02-18;98693;Ilmenau;03621 726830;frank.achtelik@googlemail.com;Montagehelfer Serienfertigung;Produktion und Montage;2026-08-03;Multiposting-Portal;Gotha;2025-01-10;2026-05-19;2027-01-10;Im Pool
BW-01186;Steinbrück, Ines;1981-05-17;07549;Gera;0170 2911817;ines.steinbrueck@freenet.de;Schweißer WIG 141, Reinraumerfahrung;Metallbau und Schweißen;2026-06-14;Jobbörse;Gera;2024-10-25;2025-09-28;2027-10-25;Nicht erreichbar
BW-01187;Ludwig, Antje;1986-08-04;37308;Heilbad Heiligenstadt;0177 5683497;antje.ludwig@gmx.de;Elektrohelfer, Schaltschrankbau, Führerschein B;Elektro;2026-08-01;Multiposting-Portal;Heilbad Heiligenstadt;2026-05-11;2026-08-02;2028-05-11;Erstgespräch geführt
BW-01188;Walter, Ramona;1994-11-11;99423;Weimar;0361 297034;ramona.walter@t-online.de;Maschinen- und Anlagenführer;Produktion und Montage;2026-08-25;Jobbörse;Erfurt;2025-03-10;2025-04-07;2027-03-10;Im Pool
BW-01189;Schneider, Stefan;1966-02-24;99089;Erfurt;0151 3377376;stefan.schneider@outlook.de;Metallbauer Konstruktionstechnik;Metallbau und Schweißen;2026-06-10;Empfehlung;Erfurt;2026-06-10;2026-08-28;2028-06-10;Im Pool
BW-01190;Schäfer, Toni;2000-11-05;07546;Gera;0170 9190611;toni.schaefer@googlemail.com;Sachbearbeitung Einkauf, Schichtbereitschaft;Kaufmännische Sachbearbeitung;2026-08-14;Empfehlung;Gera;2025-07-24;2025-11-07;2027-07-24;Kein Interesse
BW-01191;Winkler, Lars;2007-11-17;07545;Gera;0365 666667;lars.winkler@t-online.de;Produktionshelfer, 3-Schicht, Montagebereitschaft;Produktion und Montage;2026-06-25;Anzeige Website;Gera;2024-12-25;2026-01-03;2026-12-25;Erstgespräch geführt
BW-01192;Jung, Nico;1966-02-18;99867;Gotha;03621 885929;nico.jung@gmx.de;Industriemechaniker Instandhaltung;Metallbau und Schweißen;2026-12-25;Initiativbewerbung;Gotha;2025-11-15;2025-11-18;2027-11-15;Vermittelt
BW-01193;Kloß, Michael;2003-02-12;99427;Weimar;0361 502591;michael.kloss@freenet.de;Montagehelfer Serienfertigung;Produktion und Montage;2026-07-22;Empfehlung;Erfurt;2025-10-25;2026-01-04;2028-10-25;Erstgespräch geführt
BW-01194;Müller, Falk;2006-11-20;99880;Waltershausen;0157 5971156;falk.mueller@web.de;Helfer Kunststoffverarbeitung;Produktion und Montage;2026-08-23;Initiativbewerbung;Gotha;2025-10-27;2025-12-23;2028-10-27;Erstgespräch geführt
BW-01195;Herrmann, Enrico;1971-10-20;07768;Kahla;0157 9739108;enrico.herrmann@freenet.de;Maschinenbediener Kunststoff;Produktion und Montage;2026-08-23;Anzeige Website;Jena;2025-06-01;2025-11-26;2027-06-01;Abgelehnt
BW-01196;Krüger, Thomas;2004-03-02;07973;Greiz;0365 878046;thomas.krueger@freenet.de;CNC-Dreher, Siemens 840D, Deutsch B2;CNC-Zerspanung;2026-08-02;Anzeige Website;Gera;2024-10-09;2026-07-10;2026-10-09;Im Pool
BW-01197;Keller, Nadine;1974-06-18;37351;Dingelstädt;03606 306990;nadine.keller@mailbox.org;CNC-Fräser, Heidenhain TNC, Höhentauglichkeit G41;CNC-Zerspanung;2027-03-17;Multiposting-Portal;Heilbad Heiligenstadt;2025-05-30;2025-09-19;2028-05-30;Vermittelt
BW-01198;Lang, Nico;1983-11-01;99099;Erfurt;0170 5567700;nico.lang@gmx.de;Produktionshelfer, 3-Schicht, Deutsch B2;Produktion und Montage;2026-08-02;Karrieremesse;Erfurt;2026-03-21;2026-09-06;2029-03-21;Abgelehnt
BW-01199;Groß, Stefan;1986-06-22;99974;Mühlhausen;03606 347076;stefan.gross@web.de;Schlosser, Montageerfahrung;Metallbau und Schweißen;2026-09-05;Multiposting-Portal;Heilbad Heiligenstadt;2025-08-11;2025-08-31;2027-08-11;Im Pool
BW-01200;Schumacher, Beate;1985-11-24;99867;Gotha;0152 7858864;beate.schumacher@gmx.de;Maschinenführer Verpackungslinie;Druck und Verpackung;2026-09-01;Initiativbewerbung;Gotha;2026-04-20;2026-04-21;2029-04-20;Im Pool
BW-01201;Köhler, Silvio;1975-01-02;07749;Jena;0170 1714402;silvio.koehler@freenet.de;Maschinenbediener Kunststoff, Reinraumerfahrung;Produktion und Montage;2026-07-31;Bundesagentur für Arbeit;Jena;2026-07-31;2026-08-24;2029-07-31;Im Pool
BW-01202;Schmitt, Diana;1999-02-14;99310;Arnstadt;0361 489570;diana.schmitt@mailbox.org;CNC-Bediener, Rüsterfahrung;CNC-Zerspanung;2026-06-05;Multiposting-Portal;Erfurt;2025-08-08;2025-11-24;2027-08-08;Im Pool
BW-01203;Weiß, Enrico;1994-09-16;07549;Gera;0171 5570629;enrico.weiss@outlook.de;Montagehelfer Serienfertigung;Produktion und Montage;2026-06-15;Anzeige Website;Gera;2025-11-17;2026-02-28;2027-11-17;Nicht erreichbar
BW-01204;Pfaff, Birgit;1965-09-13;37351;Dingelstädt;0151 1140174;birgit.pfaff@outlook.de;Helfer Kunststoffverarbeitung, Führerschein B;Produktion und Montage;2026-06-01;Karrieremesse;Heilbad Heiligenstadt;2025-02-14;2025-07-13;2028-02-14;Im Pool
BW-01205;Brandt, Nico;1976-08-18;99094;Erfurt;0361 869690;nico.brandt@mailbox.org;Produktionshelfer, 3-Schicht;Produktion und Montage;2026-08-04;Initiativbewerbung;Erfurt;2025-07-14;2025-10-12;2028-07-14;Erstgespräch geführt
BW-01206;Vogt, Torsten;1981-10-14;99423;Weimar;0361 915249;torsten.vogt@web.de;Tischler, CNC-Bearbeitungszentrum;Tischlerei und Holz;2026-08-15;Multiposting-Portal;Erfurt;2025-03-26;2026-02-05;2027-03-26;Im Pool
BW-01207;Bauer, Michael;1988-10-24;07381;Pößneck;0365 578907;michael.bauer@gmx.de;CNC-Fachkraft, Programmierkenntnisse, Reinraumerfahrung;CNC-Zerspanung;2027-01-10;Multiposting-Portal;Gera;2026-02-03;2026-04-14;2028-02-03;Im Einsatz
BW-01208;Hahn, Robert;1963-01-18;07548;Gera;0365 974200;robert.hahn@web.de;Assistenz Vertriebsinnendienst, Montagebereitschaft;Kaufmännische Sachbearbeitung;2026-06-11;Bundesagentur für Arbeit;Gera;2025-08-15;2026-06-18;2027-08-15;Im Pool
BW-01209;Werner, Frank;1970-02-13;07546;Gera;0365 993273;frank.werner@freenet.de;Maschinen- und Anlagenführer;Produktion und Montage;2027-01-02;Initiativbewerbung;Gera;2025-08-18;2026-01-11;2027-08-18;Vermittelt
BW-01210;Möller, Ramona;1967-03-01;07548;Gera;0170 5593895;ramona.moeller@mailbox.org;Produktionsmitarbeiter, Anlernkraft;Produktion und Montage;2026-08-30;Jobbörse;Gera;2026-08-26;2026-08-26;2028-08-26;Im Pool
BW-01211;Wolf, Lars;1992-11-28;99974;Mühlhausen;0160 5902945;lars.wolf@freenet.de;Lagerfachkraft, Wareneingang;Lager und Logistik;2026-06-11;Jobbörse;Heilbad Heiligenstadt;2025-11-21;2026-06-04;2028-11-21;Im Pool
BW-01212;Richter, Birgit;2000-05-23;99610;Sömmerda;0157 3049143;birgit.richter@mailbox.org;Lagerhelfer, Staplerschein, Deutsch B2;Lager und Logistik;2026-06-29;Multiposting-Portal;Erfurt;2025-07-29;2026-07-11;2027-07-29;Im Pool
BW-01213;Kraus, Torsten;1969-01-25;99096;Erfurt;0361 504399;torsten.kraus@mailbox.org;Fachlagerist, Staplerschein, Höhentauglichkeit G41;Lager und Logistik;2026-11-20;Initiativbewerbung;Erfurt;2024-12-12;2025-12-30;2027-12-12;Vermittelt
BW-01214;Voigt, Ramona;1989-07-03;07747;Jena;03641 308126;ramona.voigt@gmx.de;Schlosser, Montageerfahrung;Metallbau und Schweißen;2026-08-16;Initiativbewerbung;Jena;2025-11-24;2026-04-11;2027-11-24;Abgelehnt
BW-01215;Herrmann, Sandra;1996-06-21;99423;Weimar;0361 939271;sandra.herrmann@gmx.de;Staplerfahrer Schubmast;Lager und Logistik;2026-08-04;Jobbörse;Erfurt;2024-12-17;2025-04-28;2026-12-17;Nicht erreichbar
BW-01216;Grunewald, Mario;1969-11-26;07548;Gera;0365 250915;mario.grunewald@outlook.de;Maschinen- und Anlagenführer, Deutsch B2;Produktion und Montage;2026-06-17;Bundesagentur für Arbeit;Gera;2025-03-16;2025-12-09;2028-03-16;Im Pool
BW-01217;Schwarz, Marvin;1970-03-27;99084;Erfurt;0361 576068;marvin.schwarz@outlook.de;Kaufmann Büromanagement, DATEV-Grundkenntnisse;Kaufmännische Sachbearbeitung;2026-08-26;Jobbörse;Erfurt;2025-08-03;2026-02-14;2027-08-03;Im Pool
BW-01218;Vogel, Tobias;1995-03-13;07318;Saalfeld;0160 8630559;tobias.vogel@mailbox.org;Kaufmann Büromanagement, DATEV-Grundkenntnisse;Kaufmännische Sachbearbeitung;2026-07-17;Anzeige Website;Jena;2024-11-19;2026-05-08;2026-11-19;Im Pool
BW-01219;Hartmann, Stefan;1993-12-16;07580;Ronneburg;0365 292136;stefan.hartmann@t-online.de;Bürokauffrau, MS Office;Kaufmännische Sachbearbeitung;2026-07-16;Empfehlung;Gera;2025-02-05;2026-03-24;2027-02-05;Im Pool
BW-01220;Peters, Jana;1996-03-24;07381;Pößneck;0365 955782;jana.peters@mailbox.org;Maschinen- und Anlagenführer;Produktion und Montage;2026-08-18;Bundesagentur für Arbeit;Gera;2026-08-03;2026-09-06;2029-08-03;Im Pool
BW-01221;Arnold, Christian;1966-10-28;07973;Greiz;0365 815518;christian.arnold@freenet.de;Versandmitarbeiter, Staplerschein, Deutsch B2;Lager und Logistik;2026-12-16;Bundesagentur für Arbeit;Gera;2026-07-04;2026-09-04;2029-07-04;Vermittelt
BW-01222;Nowak, Regina;1963-07-13;07407;Rudolstadt;03641 533552;regina.nowak@t-online.de;Schlosser, Montageerfahrung;Metallbau und Schweißen;2026-06-16;Anzeige Website;Jena;2025-03-18;2026-03-11;2027-03-18;Erstgespräch geführt
BW-01223;Lange, Uwe;1989-01-06;07545;Gera;0365 638279;uwe.lange@googlemail.com;Fachlagerist, Staplerschein;Lager und Logistik;2026-08-17;Jobbörse;Gera;2024-11-17;2025-10-31;2027-11-17;Kein Interesse
BW-01224;Fischer, Michael;1988-06-04;07318;Saalfeld;0176 6576271;michael.fischer@outlook.de;Verpackungsmitarbeiter, Akkordbereitschaft;Druck und Verpackung;2026-07-03;Anzeige Website;Jena;2025-07-21;2025-09-08;2028-07-21;Im Pool
BW-01225;Koch, Kevin;1963-01-27;07743;Jena;03641 761115;kevin.koch@gmx.de;Elektroniker Energie- und Gebäudetechnik, Staplerschein;Elektro;2026-08-11;Empfehlung;Jena;2025-02-01;2025-03-23;2027-02-01;Erstgespräch geführt
BW-01226;Vollmer, Steffen;1997-08-09;99867;Gotha;03621 850392;steffen.vollmer@web.de;Druckhelfer, Nachtschicht, Montagebereitschaft;Druck und Verpackung;2026-12-23;Jobbörse;Gotha;2024-12-13;2025-02-15;2026-12-13;Im Einsatz
BW-01227;Schäfer, Silvio;1965-05-24;99734;Nordhausen;0176 3123931;silvio.schaefer@gmx.de;Versandmitarbeiter, Staplerschein;Lager und Logistik;2026-05-22;Anzeige Website;Heilbad Heiligenstadt;2025-10-20;2026-03-31;2027-10-20;Im Pool
BW-01228;Vogt, Sebastian;1968-03-20;99310;Arnstadt;0361 873579;sebastian.vogt@mailbox.org;Offsetdrucker, Bogenoffset, Kranschein;Druck und Verpackung;2026-05-12;Karrieremesse;Erfurt;2025-01-16;2026-04-01;2027-01-16;Im Pool
BW-01229;Dietrich, Jens;1964-01-08;99085;Erfurt;0160 9737540;jens.dietrich@web.de;Sachbearbeitung Auftragsabwicklung, SAP;Kaufmännische Sachbearbeitung;2026-07-15;Empfehlung;Erfurt;2026-04-28;2026-06-22;2028-04-28;Erstgespräch geführt
BW-01230;Kloß, Toni;1977-02-14;07548;Gera;0365 462561;toni.kloss@gmx.de;Technischer Zeichner, AutoCAD, Montagebereitschaft;Technische Fachkraft;2026-05-25;Anzeige Website;Gera;2025-10-21;2026-02-10;2027-10-21;Abgelehnt
BW-01231;Steinbrück, Daniel;1984-05-28;37308;Heilbad Heiligenstadt;03606 496518;daniel.steinbrueck@mailbox.org;Versandmitarbeiter, Staplerschein;Lager und Logistik;2027-05-02;Anzeige Website;Heilbad Heiligenstadt;2025-03-21;2026-05-02;2028-03-21;Vermittelt
BW-01232;Lang, Lars;2003-10-14;99427;Weimar;0163 8018089;lars.lang@web.de;Produktionsmitarbeiter, Anlernkraft, Reinraumerfahrung;Produktion und Montage;2026-06-01;Anzeige Website;Erfurt;2025-02-06;2026-05-14;2028-02-06;Neu
BW-01233;Steinbrück, Ines;2000-02-12;07747;Jena;03641 797661;ines.steinbrueck@outlook.de;Qualitätsprüfer, Messmittel und Lehren;Technische Fachkraft;2026-08-30;Empfehlung;Jena;2026-04-06;2026-09-03;2028-04-06;Abgelehnt
BW-01234;Dietrich, Antje;1971-02-15;07381;Pößneck;0365 454750;antje.dietrich@gmx.de;Lohnbuchhaltung, Tarifkenntnisse, Schichtbereitschaft;Buchhaltung;2026-05-23;Multiposting-Portal;Gera;2024-10-12;2026-06-29;2026-10-12;Im Pool
BW-01235;Wolf, Susanne;1992-09-25;07743;Jena;0157 9434708;susanne.wolf@freenet.de;CNC-Fachkraft, Programmierkenntnisse;CNC-Zerspanung;2026-06-17;Initiativbewerbung;Jena;2026-05-28;2026-09-07;2028-05-28;Abgelehnt
BW-01236;Friedrich, Tobias;1998-02-20;99084;Erfurt;0361 939442;tobias.friedrich@mailbox.org;Zerspanungsmechaniker, Frästechnik, Deutsch B2;CNC-Zerspanung;2026-08-18;Empfehlung;Erfurt;2025-10-06;2025-12-28;2028-10-06;Im Pool
BW-01237;Berger, Carolin;1982-08-07;99094;Erfurt;0361 268031;carolin.berger@t-online.de;Kundenservice, Telefonie;Kaufmännische Sachbearbeitung;2026-09-04;Jobbörse;Erfurt;2024-12-18;2026-02-27;2026-12-18;Im Pool
BW-01238;Franke, Rene;2002-07-13;07407;Rudolstadt;0157 3874398;rene.franke@web.de;Buchbinder, Weiterverarbeitung;Druck und Verpackung;2026-06-08;Jobbörse;Jena;2025-12-16;2026-02-16;2028-12-16;Im Pool
BW-01239;Thomas, Antje;1966-03-04;99310;Arnstadt;0361 591947;antje.thomas@outlook.de;Industriemechaniker Instandhaltung;Metallbau und Schweißen;2026-06-20;Initiativbewerbung;Erfurt;2025-07-14;2026-07-06;2027-07-14;Kein Interesse
BW-01240;Koch, Thomas;1983-02-20;99086;Erfurt;0176 9191455;thomas.koch@t-online.de;Verpackungsmitarbeiter, Akkordbereitschaft, Höhentauglichkeit G41;Druck und Verpackung;2026-07-21;Empfehlung;Erfurt;2026-06-15;2026-08-07;2028-06-15;Im Pool
BW-01241;Schulze, Dirk;1991-09-03;98693;Ilmenau;03621 966824;dirk.schulze@outlook.de;Maschinen- und Anlagenführer;Produktion und Montage;2026-07-06;Initiativbewerbung;Gotha;2024-10-20;2025-02-18;2026-10-20;Im Pool
BW-01242;Müller, Tobias;1962-10-18;99880;Waltershausen;0151 3936820;tobias.mueller@freenet.de;Helfer Kunststoffverarbeitung, Staplerschein;Produktion und Montage;2026-08-12;Bundesagentur für Arbeit;Gotha;2025-11-27;2026-05-27;2027-11-27;Erstgespräch geführt
BW-01243;Schwarz, Ronny;1963-05-13;99867;Gotha;03621 499526;ronny.schwarz@web.de;Offsetdrucker, Bogenoffset, Reinraumerfahrung;Druck und Verpackung;2026-08-31;Anzeige Website;Gotha;2026-01-31;2026-07-22;2028-01-31;Im Pool
BW-01244;Jäger, Kerstin;1970-12-09;98693;Ilmenau;03621 794673;kerstin.jaeger@web.de;CNC-Fräser, Heidenhain TNC;CNC-Zerspanung;2026-06-27;Initiativbewerbung;Gotha;2025-05-05;2026-02-22;2028-05-05;Erstgespräch geführt
BW-01245;Fischer, Steffen;1991-03-18;99867;Gotha;03621 961173;steffen.fischer@freenet.de;Staplerfahrer Schubmast;Lager und Logistik;2026-12-19;Initiativbewerbung;Gotha;2024-12-24;2026-03-02;2026-12-24;Vermittelt
BW-01246;Wolf, Elke;1997-05-15;99734;Nordhausen;03606 774549;elke.wolf@freenet.de;Lagerhelfer, Staplerschein;Lager und Logistik;2026-09-06;Multiposting-Portal;Heilbad Heiligenstadt;2026-09-06;2026-09-07;2028-09-06;Im Pool
BW-01247;Steinbrück, Sebastian;1995-03-03;07548;Gera;0365 642159;sebastian.steinbrueck@googlemail.com;Zerspanungsmechaniker, Frästechnik;CNC-Zerspanung;2026-08-14;Empfehlung;Gera;2024-11-01;2025-11-07;2026-11-01;Im Pool
BW-01248;Krämer, Sandra;1964-11-27;99510;Apolda;0361 232714;sandra.kraemer@googlemail.com;Elektrohelfer, Schaltschrankbau;Elektro;2026-05-28;Jobbörse;Erfurt;2026-03-24;2026-04-15;2028-03-24;Im Pool
BW-01249;Maier, Simone;1984-03-03;99089;Erfurt;0361 908278;simone.maier@web.de;CNC-Dreher, Siemens 840D;CNC-Zerspanung;2026-06-20;Jobbörse;Erfurt;2025-07-12;2025-11-18;2027-07-12;Im Pool
BW-01250;Groß, Claudia;1975-05-17;99817;Eisenach;0163 8541077;claudia.gross@gmx.de;Lagerfachkraft, Wareneingang, Führerschein B;Lager und Logistik;2026-08-12;Jobbörse;Gotha;2025-03-19;2025-10-23;2027-03-19;Im Pool
BW-01251;Huber, Mario;1977-06-13;07318;Saalfeld;0170 5154973;mario.huber@gmx.de;Montagehelfer Serienfertigung;Produktion und Montage;2026-07-19;Initiativbewerbung;Jena;2025-02-14;2025-11-24;2028-02-14;Im Pool
BW-01252;Pohl, Antje;2003-12-18;99610;Sömmerda;0171 1603677;antje.pohl@t-online.de;Tischlerhelfer, Oberflächenbearbeitung;Tischlerei und Holz;2026-08-20;Empfehlung;Erfurt;2024-10-28;2025-11-07;2026-10-28;Abgelehnt
BW-01253;Hofmann, Hendrik;1983-08-09;07646;Stadtroda;03641 901066;hendrik.hofmann@googlemail.com;Elektroniker Energie- und Gebäudetechnik;Elektro;2027-02-13;Multiposting-Portal;Jena;2026-06-05;2026-08-07;2028-06-05;Im Einsatz
BW-01254;Schuster, Kevin;2004-06-12;07745;Jena;03641 423751;kevin.schuster@gmx.de;Elektrohelfer, Schaltschrankbau;Elektro;2026-07-16;Multiposting-Portal;Jena;2026-06-19;2026-08-19;2028-06-19;Kein Interesse
BW-01255;Schwarz, Frank;1992-10-13;99867;Gotha;03621 798765;frank.schwarz@outlook.de;Staplerfahrer Schubmast;Lager und Logistik;2026-07-29;Multiposting-Portal;Gotha;2025-03-26;2026-04-18;2027-03-26;Erstgespräch geführt
BW-01256;Meier, Uwe;1996-03-25;99099;Erfurt;0361 676412;uwe.meier@mailbox.org;Versandmitarbeiter, Staplerschein, Reinraumerfahrung;Lager und Logistik;2026-08-13;Anzeige Website;Erfurt;2025-08-16;2026-05-24;2027-08-16;Erstgespräch geführt
BW-01257;Keller, Mario;1989-11-16;99867;Gotha;03621 541560;mario.keller@googlemail.com;Kundenservice, Telefonie, Staplerschein;Kaufmännische Sachbearbeitung;2026-07-14;Jobbörse;Gotha;2026-07-14;2026-08-27;2028-07-14;Im Pool
BW-01258;Krause, Regina;1999-10-16;99734;Nordhausen;0151 5125583;regina.krause@gmx.de;Offsetdrucker, Bogenoffset, Deutsch B2;Druck und Verpackung;2026-07-31;Initiativbewerbung;Heilbad Heiligenstadt;2026-07-31;2026-08-17;2028-07-31;Im Pool
BW-01259;Martin, Christian;1968-05-09;07318;Saalfeld;0152 9396189;christian.martin@gmx.de;CNC-Fachkraft, Programmierkenntnisse;CNC-Zerspanung;2026-06-29;Initiativbewerbung;Jena;2024-11-02;2026-01-15;2027-11-02;Im Pool
BW-01260;Stein, Falk;2000-09-17;99867;Gotha;03621 321580;falk.stein@mailbox.org;Helfer Kunststoffverarbeitung;Produktion und Montage;2026-07-23;Jobbörse;Gotha;2024-10-27;2026-08-10;2027-10-27;Neu
BW-01261;Lorenz, Sebastian;2006-01-08;99310;Arnstadt;0361 339756;sebastian.lorenz@googlemail.com;Buchbinder, Weiterverarbeitung;Druck und Verpackung;2026-08-21;Empfehlung;Erfurt;2026-07-26;2026-08-21;2028-07-26;Im Pool
BW-01262;Haas, Uwe;1964-04-11;37351;Dingelstädt;0177 6105400;uwe.haas@gmx.de;Buchbinder, Weiterverarbeitung;Druck und Verpackung;2026-07-05;Jobbörse;Heilbad Heiligenstadt;2026-05-23;2026-07-19;2028-05-23;Kein Interesse
BW-01263;Koch, Lars;1998-11-19;37327;Leinefelde-Worbis;0152 1576729;lars.koch@t-online.de;Metallbauer Konstruktionstechnik;Metallbau und Schweißen;2026-08-11;Initiativbewerbung;Heilbad Heiligenstadt;2025-01-12;2025-11-16;2028-01-12;Neu
BW-01264;Ziegler, Christian;1964-06-19;99094;Erfurt;0361 683585;christian.ziegler@googlemail.com;Versandmitarbeiter, Staplerschein;Lager und Logistik;2026-07-21;Jobbörse;Erfurt;2025-04-20;2025-06-30;2027-04-20;Neu
BW-01265;Wolff, Tobias;1975-04-18;37308;Heilbad Heiligenstadt;03606 762126;tobias.wolff@googlemail.com;Produktionshelfer, 3-Schicht;Produktion und Montage;2026-08-14;Jobbörse;Heilbad Heiligenstadt;2025-09-16;2025-11-19;2027-09-16;Im Pool
BW-01266;Möller, Nico;1967-08-22;07743;Jena;03641 384049;nico.moeller@web.de;Metallbauer Konstruktionstechnik, Schichtbereitschaft;Metallbau und Schweißen;2026-08-12;Initiativbewerbung;Jena;2026-02-24;2026-07-20;2029-02-24;Nicht erreichbar
BW-01267;Schreiber, Melanie;1973-02-06;99867;Gotha;0157 9197999;melanie.schreiber@mailbox.org;Assistenz Vertriebsinnendienst, Kranschein;Kaufmännische Sachbearbeitung;2026-07-10;Jobbörse;Gotha;2025-08-22;2026-06-03;2027-08-22;Erstgespräch geführt
BW-01268;Thomas, Nico;2000-12-27;07937;Zeulenroda;0176 1016318;nico.thomas@gmx.de;Staplerfahrer Schubmast;Lager und Logistik;2026-07-21;Empfehlung;Gera;2024-11-03;2024-12-11;2026-11-03;Erstgespräch geführt
BW-01269;Nowak, Daniel;2002-10-10;99427;Weimar;0151 8822612;daniel.nowak@web.de;Bilanzbuchhalter, Abschlusssicher;Buchhaltung;2026-06-30;Initiativbewerbung;Erfurt;2026-01-28;2026-04-29;2028-01-28;Neu
BW-01270;Schmidt, Robert;2004-10-08;99974;Mühlhausen;03606 784508;robert.schmidt@googlemail.com;Montagehelfer Serienfertigung;Produktion und Montage;2026-05-13;Empfehlung;Heilbad Heiligenstadt;2025-11-21;2026-01-15;2027-11-21;Neu
BW-01271;Meier, Sven;1981-05-21;99880;Waltershausen;03621 919523;sven.meier@outlook.de;Kaufmann Büromanagement, DATEV-Grundkenntnisse, Höhentauglichkeit G41;Kaufmännische Sachbearbeitung;2026-06-17;Jobbörse;Gotha;2026-04-23;2026-06-05;2028-04-23;Erstgespräch geführt
BW-01272;Braun, Lena;1977-01-28;07318;Saalfeld;03641 587343;lena.braun@gmx.de;CNC-Fräser, Heidenhain TNC, Reinraumerfahrung;CNC-Zerspanung;2026-06-04;Multiposting-Portal;Jena;2022-07-17;2026-07-25;2028-07-25;Im Pool
BW-01273;Pfaff, Daniel;1969-05-21;07549;Gera;0365 544594;daniel.pfaff@googlemail.com;Maschinen- und Anlagenführer;Produktion und Montage;2026-08-06;Anzeige Website;Gera;2024-10-17;2025-08-25;2026-10-17;Erstgespräch geführt
BW-01274;Maier, Jörg;1973-02-28;07318;Saalfeld;03641 397065;joerg.maier@googlemail.com;Zerspanungsmechaniker, Frästechnik, Führerschein B;CNC-Zerspanung;2026-08-12;Jobbörse;Jena;2025-11-16;2026-08-06;2027-11-16;Im Pool
BW-01275;Koch, Anke;1974-04-12;99085;Erfurt;0361 748156;anke.koch@googlemail.com;Zerspanungsmechaniker, Frästechnik;CNC-Zerspanung;2026-06-23;Anzeige Website;Erfurt;2026-06-23;2026-08-22;2028-06-23;Im Pool
BW-01276;Ziegenhorn, Björn;1997-08-17;99084;Erfurt;0361 946586;bjoern.ziegenhorn@mailbox.org;Kommissionierer, Scannererfahrung, Deutsch B2;Lager und Logistik;2026-07-27;Karrieremesse;Erfurt;2024-11-08;2026-04-29;2026-11-08;Im Pool
BW-01277;Werner, Ramona;1977-08-13;99425;Weimar;0361 859364;ramona.werner@web.de;Buchbinder, Weiterverarbeitung, Führerschein B;Druck und Verpackung;2026-08-01;Empfehlung;Erfurt;2026-06-25;2026-09-06;2029-06-25;Im Pool
BW-01278;Kraus, Matthias;1985-10-28;99425;Weimar;0361 674731;matthias.kraus@web.de;CNC-Fachkraft, Programmierkenntnisse;CNC-Zerspanung;2026-07-12;Empfehlung;Erfurt;2025-04-15;2025-05-25;2027-04-15;Nicht erreichbar
BW-01279;Meier, Stefan;1980-02-13;99947;Bad Langensalza;03621 961958;stefan.meier@gmx.de;Lagerfachkraft, Wareneingang, Staplerschein;Lager und Logistik;2026-11-14;Jobbörse;Gotha;2024-11-18;2026-07-18;2026-11-18;Vermittelt
BW-01280;Sommer, Doreen;1975-04-09;99423;Weimar;0361 982694;doreen.sommer@t-online.de;Lagerhelfer, Staplerschein;Lager und Logistik;2026-09-01;Multiposting-Portal;Erfurt;2025-05-15;2026-04-16;2027-05-15;Im Pool
BW-01281;Pohl, Simone;1979-12-06;99974;Mühlhausen;0170 2314684;simone.pohl@freenet.de;Bürokauffrau, MS Office, Staplerschein;Kaufmännische Sachbearbeitung;2026-06-11;Jobbörse;Heilbad Heiligenstadt;2025-09-15;2025-09-22;2027-09-15;Im Pool
BW-01282;Heinrich, Ralf;1964-05-05;07768;Kahla;03641 575547;ralf.heinrich@t-online.de;Holzmechaniker Möbelbau;Tischlerei und Holz;2026-05-18;Multiposting-Portal;Jena;2025-07-08;2026-06-16;2027-07-08;Nicht erreichbar
BW-01283;Walter, Falk;1966-10-08;99094;Erfurt;0176 4449687;falk.walter@freenet.de;Industriemechaniker Instandhaltung;Metallbau und Schweißen;2026-08-17;Multiposting-Portal;Erfurt;2025-04-30;2025-08-26;2028-04-30;Erstgespräch geführt
BW-01284;Beck, Maik;1994-12-01;98693;Ilmenau;03621 852784;maik.beck@googlemail.com;Lagerfachkraft, Wareneingang;Lager und Logistik;2026-05-14;Empfehlung;Gotha;2026-03-17;2026-08-03;2028-03-17;Abgelehnt
BW-01285;Graf, Rene;1987-04-17;99310;Arnstadt;0152 7498137;rene.graf@t-online.de;Elektroniker Betriebstechnik;Elektro;2027-01-15;Empfehlung;Erfurt;2025-06-16;2025-12-18;2028-06-16;Im Einsatz
BW-01286;Schneider, Toni;2006-07-14;99734;Nordhausen;0163 1563128;toni.schneider@gmx.de;Maschinenführer Verpackungslinie;Druck und Verpackung;2026-05-19;Jobbörse;Heilbad Heiligenstadt;2025-01-21;2026-04-26;2027-01-21;Erstgespräch geführt
BW-01287;Meyer, Heike;1978-11-10;07548;Gera;0177 3278848;heike.meyer@outlook.de;Offsetdrucker, Bogenoffset, Reinraumerfahrung;Druck und Verpackung;2026-07-28;Anzeige Website;Gera;2025-01-29;2026-06-12;2027-01-29;Im Pool
BW-01288;Steinbrück, Alexander;1996-05-18;99085;Erfurt;0361 931460;alexander.steinbrueck@web.de;CNC-Fräser, Heidenhain TNC;CNC-Zerspanung;2026-05-15;Initiativbewerbung;Erfurt;2026-04-04;2026-04-23;2028-04-04;Im Pool
BW-01289;Braun, Lars;1969-07-18;99947;Bad Langensalza;0157 6077112;lars.braun@gmx.de;Maschinenbediener Kunststoff, Schichtbereitschaft;Produktion und Montage;2026-06-14;Multiposting-Portal;Gotha;2025-07-18;2025-08-29;2027-07-18;Abgelehnt
BW-01290;Busch, Steffi;1964-05-13;99086;Erfurt;0361 367355;steffi.busch@gmx.de;Kreditorenbuchhaltung, SAP FI, Staplerschein;Buchhaltung;2026-08-20;Empfehlung;Erfurt;2025-04-18;2025-12-31;2028-04-18;Im Pool
BW-01291;Bauer, Jens;1985-03-21;99423;Weimar;0151 4573338;jens.bauer@mailbox.org;Kundenservice, Telefonie, Staplerschein;Kaufmännische Sachbearbeitung;2026-07-13;Bundesagentur für Arbeit;Erfurt;2025-03-20;2026-04-13;2027-03-20;Im Pool
BW-01292;Herrmann, Hendrik;2000-12-18;07745;Jena;0177 2015751;hendrik.herrmann@mailbox.org;Schlosser, Montageerfahrung, Montagebereitschaft;Metallbau und Schweißen;2026-07-04;Multiposting-Portal;Jena;2026-07-04;2026-09-07;2029-07-04;Abgelehnt
BW-01293;Sommer, Denise;2002-10-12;37327;Leinefelde-Worbis;03606 683597;denise.sommer@googlemail.com;Maschinenbediener Kunststoff;Produktion und Montage;2026-05-22;Bundesagentur für Arbeit;Heilbad Heiligenstadt;2026-03-09;2026-06-06;2028-03-09;Im Pool
BW-01294;Weber, Christian;1967-06-28;07973;Greiz;0170 3391289;christian.weber@googlemail.com;Lagerfachkraft, Wareneingang, Kranschein;Lager und Logistik;2026-08-30;Anzeige Website;Gera;2025-05-27;2025-09-27;2027-05-27;Im Pool
BW-01295;Groß, Holger;2005-12-06;99610;Sömmerda;0151 6163638;holger.gross@t-online.de;Assistenz Vertriebsinnendienst;Kaufmännische Sachbearbeitung;2026-09-04;Initiativbewerbung;Erfurt;2025-03-30;2025-08-30;2027-03-30;Abgelehnt
BW-01296;Ziegenhorn, Doreen;1999-04-13;07973;Greiz;0152 7045304;doreen.ziegenhorn@mailbox.org;Tischlerhelfer, Oberflächenbearbeitung, Schichtbereitschaft;Tischlerei und Holz;2026-12-16;Empfehlung;Gera;2025-06-08;2026-03-16;2027-06-08;Vermittelt
BW-01297;Schulz, Falk;1994-07-18;99880;Waltershausen;0178 5865129;falk.schulz@googlemail.com;Helfer Kunststoffverarbeitung;Produktion und Montage;2026-08-21;Jobbörse;Gotha;2025-01-12;2026-06-28;2027-01-12;Neu
BW-01298;Weber, Anke;1995-07-25;37327;Leinefelde-Worbis;03606 277927;anke.weber@t-online.de;Versandmitarbeiter, Staplerschein;Lager und Logistik;2026-06-11;Empfehlung;Heilbad Heiligenstadt;2025-12-21;2026-07-12;2027-12-21;Abgelehnt
BW-01299;Jäger, Jörg;1998-03-08;99425;Weimar;0361 856073;joerg.jaeger@gmx.de;Zerspanungsmechaniker, Drehtechnik;CNC-Zerspanung;2026-07-10;Jobbörse;Erfurt;2025-12-22;2026-07-20;2027-12-22;Nicht erreichbar
BW-01300;Neumann, Marvin;2006-06-09;99817;Eisenach;03621 963551;marvin.neumann@freenet.de;Medientechnologe Druck;Druck und Verpackung;2026-06-01;Empfehlung;Gotha;2025-12-23;2026-07-29;2028-12-23;Abgelehnt
BW-01301;Graf, Doreen;1980-05-21;07768;Kahla;0171 7082871;doreen.graf@freenet.de;CNC-Fräser, Heidenhain TNC, Deutsch B2;CNC-Zerspanung;2026-05-17;Jobbörse;Jena;2025-12-24;2026-03-15;2027-12-24;Im Pool
BW-01302;Krüger, Dirk;1984-12-04;07937;Zeulenroda;0365 522922;dirk.krueger@web.de;CNC-Fräser, Heidenhain TNC;CNC-Zerspanung;2026-07-01;Anzeige Website;Gera;2025-12-25;2026-08-18;2027-12-25;Nicht erreichbar
BW-01303;Haas, Ines;1980-08-27;99947;Bad Langensalza;03621 976097;ines.haas@web.de;Metallbauer Konstruktionstechnik;Metallbau und Schweißen;2026-08-20;Initiativbewerbung;Gotha;2025-10-06;2025-11-04;2027-10-06;Abgelehnt
BW-01304;Huber, Jana;2004-07-11;07318;Saalfeld;0151 9897918;jana.huber@freenet.de;Produktionshelfer, 3-Schicht;Produktion und Montage;2026-06-21;Initiativbewerbung;Jena;2026-06-21;2026-07-17;2028-06-21;Im Pool
BW-01305;Martin, Ralf;1987-08-12;99867;Gotha;03621 835829;ralf.martin@outlook.de;Lagerhelfer, Staplerschein;Lager und Logistik;2026-09-22;Jobbörse;Gotha;2026-09-01;2026-09-02;2028-09-01;Im Einsatz
BW-01306;Roth, Matthias;1996-01-11;07318;Saalfeld;0157 7591888;matthias.roth@gmx.de;Bautischler, Montage, Kranschein;Tischlerei und Holz;2026-07-22;Karrieremesse;Jena;2024-11-05;2025-02-27;2026-11-05;Abgelehnt
BW-01307;Schulze, Marcel;1994-08-20;07745;Jena;0171 5293954;marcel.schulze@freenet.de;Technischer Produktdesigner, Inventor;Technische Fachkraft;2027-02-14;Anzeige Website;Jena;2025-01-12;2026-01-19;2028-01-12;Im Einsatz
BW-01308;Lange, Uwe;1970-01-09;07747;Jena;03641 616087;uwe.lange@googlemail.com;Maschinenführer Verpackungslinie;Druck und Verpackung;2027-03-31;Karrieremesse;Jena;2026-08-08;2026-08-19;2029-08-08;Im Einsatz
BW-01309;Lehmann, Carolin;1965-11-28;99867;Gotha;0151 7263761;carolin.lehmann@t-online.de;Fachlagerist, Staplerschein;Lager und Logistik;2026-05-21;Anzeige Website;Gotha;2026-01-29;2026-02-25;2029-01-29;Im Pool
BW-01310;Engel, Uwe;1966-12-01;07407;Rudolstadt;0163 3015407;uwe.engel@mailbox.org;CNC-Dreher, Siemens 840D;CNC-Zerspanung;2026-07-08;Multiposting-Portal;Jena;2025-12-02;2026-03-16;2027-12-02;Im Pool
BW-01311;Balzer, Holger;2005-03-20;07407;Rudolstadt;0171 5838350;holger.balzer@googlemail.com;Zerspanungsmechaniker, Drehtechnik;CNC-Zerspanung;2026-06-16;Initiativbewerbung;Jena;2022-05-08;2026-08-29;2028-08-29;Neu
BW-01312;Braun, Kerstin;1974-01-02;99310;Arnstadt;0361 965654;kerstin.braun@freenet.de;Schweißer MAG 135, Prüfung gültig;Metallbau und Schweißen;2026-08-15;Empfehlung;Erfurt;2026-06-13;2026-08-11;2028-06-13;Im Pool
BW-01313;Voigt, Nico;2007-12-04;99947;Bad Langensalza;03621 801490;nico.voigt@outlook.de;CNC-Fräser, Heidenhain TNC;CNC-Zerspanung;2026-08-11;Bundesagentur für Arbeit;Gotha;2024-11-16;2026-03-01;2027-11-16;Im Pool
BW-01314;Groß, Sebastian;1997-05-12;99099;Erfurt;0361 559681;sebastian.gross@gmx.de;Produktionshelfer, 3-Schicht;Produktion und Montage;2027-01-16;Jobbörse;Erfurt;2026-08-15;2026-08-26;2028-08-15;Im Einsatz
BW-01315;Köhler, Melanie;1995-09-16;99880;Waltershausen;0171 8153891;melanie.koehler@googlemail.com;Konstruktionsmechaniker, Reinraumerfahrung;Metallbau und Schweißen;2026-05-13;Jobbörse;Gotha;2025-04-29;2025-05-12;2027-04-29;Im Pool
BW-01316;Krüger, Nico;1989-05-02;99867;Gotha;03621 664671;nico.krueger@gmx.de;Schweißer WIG 141, Reinraumerfahrung;Metallbau und Schweißen;2026-07-28;Jobbörse;Gotha;2026-05-23;2026-06-19;2028-05-23;Im Pool
BW-01317;Werner, Andrea;1968-09-20;98693;Ilmenau;0160 1293310;andrea.werner@googlemail.com;Schlosser, Montageerfahrung;Metallbau und Schweißen;2026-08-23;Empfehlung;Gotha;2025-06-05;2026-08-14;2027-06-05;Im Pool
BW-01318;Becker, Franziska;2001-06-13;99867;Gotha;03621 290856;franziska.becker@mailbox.org;Schweißer MAG 135, Prüfung gültig, Höhentauglichkeit G41;Metallbau und Schweißen;2026-08-15;Empfehlung;Gotha;2026-07-05;2026-07-21;2028-07-05;Kein Interesse
BW-01319;Schmid, Toni;1976-06-06;99310;Arnstadt;0160 2425470;toni.schmid@t-online.de;Tischlerhelfer, Oberflächenbearbeitung, Deutsch B2;Tischlerei und Holz;2026-06-28;Empfehlung;Erfurt;2025-03-27;2026-02-09;2027-03-27;Im Pool
BW-01320;Schulze, Enrico;1964-04-20;99610;Sömmerda;0361 867572;enrico.schulze@googlemail.com;Industriemechaniker Instandhaltung, Staplerschein;Metallbau und Schweißen;2026-06-18;Multiposting-Portal;Erfurt;2025-06-21;2025-10-04;2027-06-21;Neu
BW-01321;Schneider, Marvin;1982-10-07;98693;Ilmenau;0170 1143949;marvin.schneider@web.de;Qualitätsprüfer, Messmittel und Lehren;Technische Fachkraft;2026-06-06;Initiativbewerbung;Gotha;2026-04-22;2026-06-27;2028-04-22;Im Pool
BW-01322;Berger, Nadine;1996-01-22;07548;Gera;0365 285904;nadine.berger@freenet.de;Tischlerhelfer, Oberflächenbearbeitung, Deutsch B2;Tischlerei und Holz;2026-11-03;Jobbörse;Gera;2026-09-01;2026-09-05;2028-09-01;Vermittelt
BW-01323;Schmitt, Petra;1993-07-28;07381;Pößneck;0365 774295;petra.schmitt@t-online.de;Medientechnologe Druck;Druck und Verpackung;2027-05-01;Multiposting-Portal;Gera;2026-09-07;2026-09-07;2028-09-07;Im Einsatz
BW-01324;Jung, Enrico;1971-03-06;99867;Gotha;03621 438337;enrico.jung@web.de;Kundenservice, Telefonie, Kranschein;Kaufmännische Sachbearbeitung;2026-08-03;Multiposting-Portal;Gotha;2026-06-27;2026-08-15;2028-06-27;Im Pool
BW-01325;Meyer, Rene;2006-11-06;37308;Heilbad Heiligenstadt;03606 305766;rene.meyer@googlemail.com;Maschinen- und Anlagenführer;Produktion und Montage;2026-09-03;Initiativbewerbung;Heilbad Heiligenstadt;2024-12-21;2026-03-17;2026-12-21;Im Pool
BW-01326;Bauer, Maik;1991-01-26;99867;Gotha;03621 931878;maik.bauer@web.de;Zerspanungsmechaniker, Frästechnik, Deutsch B2;CNC-Zerspanung;2027-02-14;Anzeige Website;Gotha;2025-02-13;2025-11-07;2027-02-13;Vermittelt
BW-01327;Arnold, Sebastian;1978-02-25;99310;Arnstadt;0361 783013;sebastian.arnold@mailbox.org;Lagerfachkraft, Wareneingang;Lager und Logistik;2026-05-23;Anzeige Website;Erfurt;2025-10-31;2026-02-18;2027-10-31;Abgelehnt
BW-01328;Winkler, Uwe;2001-06-06;99094;Erfurt;0178 8206446;uwe.winkler@gmx.de;Lagerfachkraft, Wareneingang;Lager und Logistik;2027-02-11;Initiativbewerbung;Erfurt;2024-10-30;2024-11-25;2026-10-30;Vermittelt
BW-01329;Schubert, Maik;1962-06-02;07745;Jena;03641 556764;maik.schubert@t-online.de;Montagehelfer Serienfertigung;Produktion und Montage;2026-06-24;Jobbörse;Jena;2025-07-14;2026-06-16;2027-07-14;Im Pool
BW-01330;Ziegenhorn, Heike;1992-07-22;07381;Pößneck;0365 242299;heike.ziegenhorn@gmx.de;Verpackungsmitarbeiter, Akkordbereitschaft, Reinraumerfahrung;Druck und Verpackung;2026-08-03;Empfehlung;Gera;2025-09-30;2026-05-05;2027-09-30;Erstgespräch geführt
BW-01331;Weber, Nico;1976-04-11;99310;Arnstadt;0361 738422;nico.weber@mailbox.org;Druckhelfer, Nachtschicht;Druck und Verpackung;2026-07-26;Empfehlung;Erfurt;2025-05-08;2026-03-12;2028-05-08;Im Pool
BW-01332;Rehberg, Antje;1980-11-06;99310;Arnstadt;0361 463272;antje.rehberg@mailbox.org;Medientechnologe Druck;Druck und Verpackung;2026-07-11;Jobbörse;Erfurt;2026-07-11;2026-08-30;2028-07-11;Im Pool
BW-01333;Schreiber, Dennis;1991-11-06;99310;Arnstadt;0361 556311;dennis.schreiber@web.de;Medientechnologe Druck;Druck und Verpackung;2026-08-26;Multiposting-Portal;Erfurt;2025-12-08;2026-02-25;2028-12-08;Im Pool
BW-01334;Baumann, Andrea;2006-12-10;99947;Bad Langensalza;03621 536731;andrea.baumann@web.de;Helfer Kunststoffverarbeitung;Produktion und Montage;2026-06-28;Anzeige Website;Gotha;2026-04-24;2026-06-18;2028-04-24;Abgelehnt
BW-01335;Pohl, Dennis;2001-05-08;07407;Rudolstadt;03641 549032;dennis.pohl@t-online.de;Druckhelfer, Nachtschicht;Druck und Verpackung;2026-05-31;Multiposting-Portal;Jena;2025-02-08;2025-09-28;2027-02-08;Neu
BW-01336;Richter, Stefan;1987-10-14;99867;Gotha;03621 433190;stefan.richter@web.de;Lagerfachkraft, Wareneingang;Lager und Logistik;2026-09-02;Multiposting-Portal;Gotha;2026-06-21;2026-08-20;2028-06-21;Nicht erreichbar
BW-01337;Wolf, Jens;1973-12-05;07580;Ronneburg;0171 7953720;jens.wolf@t-online.de;Metallbauer Konstruktionstechnik, Höhentauglichkeit G41;Metallbau und Schweißen;2026-07-17;Jobbörse;Gera;2026-06-27;2026-08-25;2028-06-27;Im Pool
BW-01338;Krämer, Lisa;1966-03-06;99974;Mühlhausen;03606 959578;lisa.kraemer@gmx.de;Schlosser, Montageerfahrung;Metallbau und Schweißen;2026-07-14;Jobbörse;Heilbad Heiligenstadt;2026-01-29;2026-08-04;2028-01-29;Erstgespräch geführt
BW-01339;Scholz, Hendrik;1967-02-20;99974;Mühlhausen;03606 619144;hendrik.scholz@outlook.de;Medientechnologe Druck, Führerschein B;Druck und Verpackung;2026-08-10;Jobbörse;Heilbad Heiligenstadt;2026-05-26;2026-06-15;2028-05-26;Erstgespräch geführt
BW-01340;Simon, Sandra;2002-08-12;07318;Saalfeld;0152 4463648;sandra.simon@mailbox.org;Metallbauer Konstruktionstechnik;Metallbau und Schweißen;2026-06-11;Empfehlung;Jena;2026-03-19;2026-05-06;2029-03-19;Im Pool
BW-01341;Scholz, Steffi;1992-03-22;07546;Gera;0151 1372561;steffi.scholz@outlook.de;Kundenservice, Telefonie;Kaufmännische Sachbearbeitung;2026-08-26;Anzeige Website;Gera;2026-06-01;2026-08-20;2028-06-01;Kein Interesse
BW-01342;Schubert, Marco;1965-04-09;99096;Erfurt;0171 4707614;marco.schubert@gmx.de;Produktionsmitarbeiter, Anlernkraft, Staplerschein;Produktion und Montage;2026-12-22;Anzeige Website;Erfurt;2025-09-26;2026-04-29;2027-09-26;Im Einsatz
BW-01343;Braun, Ralf;2003-11-05;99427;Weimar;0361 350231;ralf.braun@mailbox.org;Versandmitarbeiter, Staplerschein;Lager und Logistik;2026-06-24;Empfehlung;Erfurt;2025-02-11;2025-11-21;2028-02-11;Erstgespräch geführt
BW-01344;Werner, Kevin;1964-11-01;07318;Saalfeld;0157 5122902;kevin.werner@googlemail.com;Helfer Kunststoffverarbeitung;Produktion und Montage;2026-08-24;Multiposting-Portal;Jena;2025-05-02;2025-06-16;2027-05-02;Im Pool
BW-01345;Friedrich, Matthias;1983-01-17;99096;Erfurt;0361 649426;matthias.friedrich@freenet.de;Maschinenbediener Kunststoff, Montagebereitschaft;Produktion und Montage;2026-08-24;Initiativbewerbung;Erfurt;2024-12-30;2026-06-21;2026-12-30;Kein Interesse
BW-01346;Haas, Dirk;1993-12-23;07381;Pößneck;0177 5509127;dirk.haas@gmx.de;Elektroniker Energie- und Gebäudetechnik, Führerschein B;Elektro;2026-09-06;Jobbörse;Gera;2025-10-06;2026-03-13;2027-10-06;Im Pool
BW-01347;Koch, Robert;1972-09-15;98693;Ilmenau;0157 4037375;robert.koch@googlemail.com;Finanzbuchhaltung, DATEV;Buchhaltung;2026-08-28;Multiposting-Portal;Gotha;2025-04-20;2026-04-16;2028-04-20;Erstgespräch geführt
BW-01348;Schubert, Matthias;2007-07-09;07747;Jena;0177 9980300;matthias.schubert@gmx.de;Elektrohelfer, Schaltschrankbau;Elektro;2026-08-08;Anzeige Website;Jena;2025-01-31;2025-11-13;2028-01-31;Im Pool
BW-01349;Engel, Silvio;1968-06-03;99974;Mühlhausen;03606 598161;silvio.engel@t-online.de;CNC-Fachkraft, Programmierkenntnisse, Schichtbereitschaft;CNC-Zerspanung;2026-06-01;Empfehlung;Heilbad Heiligenstadt;2025-11-26;2026-05-20;2027-11-26;Im Pool
BW-01350;Rehberg, Ralf;1977-01-10;99947;Bad Langensalza;03621 523856;ralf.rehberg@mailbox.org;CNC-Dreher, Siemens 840D;CNC-Zerspanung;2026-05-31;Initiativbewerbung;Gotha;2026-03-13;2026-04-16;2029-03-13;Im Pool
BW-01351;Schmitz, Steffen;1977-06-23;98693;Ilmenau;03621 926219;steffen.schmitz@freenet.de;Assistenz Vertriebsinnendienst, Führerschein B;Kaufmännische Sachbearbeitung;2027-03-08;Karrieremesse;Gotha;2024-10-29;2026-08-25;2026-10-29;Im Einsatz
BW-01352;Achtelik, Matthias;1978-07-28;07743;Jena;0152 9754141;matthias.achtelik@mailbox.org;Sachbearbeitung Auftragsabwicklung, SAP;Kaufmännische Sachbearbeitung;2026-05-31;Anzeige Website;Jena;2024-11-20;2026-02-12;2026-11-20;Neu
BW-01353;Engel, Ronny;1985-02-14;98693;Ilmenau;03621 553109;ronny.engel@freenet.de;Kommissionierer, Scannererfahrung, Führerschein B;Lager und Logistik;2026-08-31;Multiposting-Portal;Gotha;2025-09-01;2026-07-07;2027-09-01;Nicht erreichbar
BW-01354;Stein, Frank;1978-06-02;07545;Gera;0365 465241;frank.stein@freenet.de;Technischer Zeichner, AutoCAD, Führerschein B;Technische Fachkraft;2026-08-26;Multiposting-Portal;Gera;2026-08-26;2026-08-30;2028-08-26;Abgelehnt
BW-01355;Schulze, Melanie;2007-08-05;99867;Gotha;03621 959056;melanie.schulze@freenet.de;Bürokauffrau, MS Office, Staplerschein;Kaufmännische Sachbearbeitung;2026-07-19;Empfehlung;Gotha;2025-07-13;2026-01-06;2028-07-13;Im Pool
BW-01356;Graf, Torsten;1968-06-19;99867;Gotha;03621 288625;torsten.graf@gmx.de;Lagerhelfer, Staplerschein;Lager und Logistik;2026-07-25;Empfehlung;Gotha;2026-07-25;2026-09-02;2028-07-25;Im Pool
BW-01357;Hofmann, Thomas;1969-01-23;99423;Weimar;0163 8043111;thomas.hofmann@freenet.de;Industriemechaniker Instandhaltung;Metallbau und Schweißen;2026-06-28;Jobbörse;Erfurt;2025-06-23;2026-07-03;2027-06-23;Neu
BW-01358;Ziegenhorn, Uwe;1994-06-01;99880;Waltershausen;03621 280889;uwe.ziegenhorn@outlook.de;Industriemechaniker Instandhaltung, Reinraumerfahrung;Metallbau und Schweißen;2026-09-03;Multiposting-Portal;Gotha;2026-06-29;2026-08-25;2028-06-29;Im Pool
BW-01359;Albrecht, Regina;1981-07-04;99867;Gotha;0171 3213996;regina.albrecht@googlemail.com;Sachbearbeitung Einkauf, Höhentauglichkeit G41;Kaufmännische Sachbearbeitung;2026-07-22;Anzeige Website;Gotha;2026-03-28;2026-05-22;2029-03-28;Erstgespräch geführt
BW-01360;Albrecht, Marco;1971-01-08;99880;Waltershausen;0178 8411853;marco.albrecht@mailbox.org;Lagerhelfer, Staplerschein;Lager und Logistik;2026-07-02;Multiposting-Portal;Gotha;2026-07-01;2026-07-24;2028-07-01;Im Pool
BW-01361;Schwarz, Susanne;2001-03-02;99867;Gotha;03621 523762;susanne.schwarz@gmx.de;Bürokauffrau, MS Office;Kaufmännische Sachbearbeitung;2026-07-19;Initiativbewerbung;Gotha;2025-05-02;2026-01-18;2027-05-02;Erstgespräch geführt
BW-01362;Sommer, Sabine;1963-11-19;07749;Jena;03641 756824;sabine.sommer@outlook.de;Sachbearbeitung Auftragsabwicklung, SAP;Kaufmännische Sachbearbeitung;2026-12-24;Anzeige Website;Jena;2025-08-15;2026-06-21;2027-08-15;Vermittelt
BW-01363;Vogt, Franziska;1977-04-28;07745;Jena;0151 8196155;franziska.vogt@googlemail.com;CNC-Fräser, Heidenhain TNC, Reinraumerfahrung;CNC-Zerspanung;2026-08-21;Multiposting-Portal;Jena;2026-02-15;2026-07-01;2028-02-15;Abgelehnt
BW-01364;Beck, Sebastian;1963-08-25;37327;Leinefelde-Worbis;03606 446959;sebastian.beck@gmx.de;Staplerfahrer Schubmast;Lager und Logistik;2026-06-08;Multiposting-Portal;Heilbad Heiligenstadt;2025-01-20;2026-08-21;2028-01-20;Neu
BW-01365;Arnold, Sebastian;1966-09-28;37327;Leinefelde-Worbis;03606 755207;sebastian.arnold@mailbox.org;Helfer Kunststoffverarbeitung, Staplerschein;Produktion und Montage;2026-08-18;Empfehlung;Heilbad Heiligenstadt;2026-04-01;2026-06-18;2028-04-01;Im Pool
BW-01366;Schmidt, Daniel;2000-10-15;99880;Waltershausen;03621 383536;daniel.schmidt@web.de;Kommissionierer, Scannererfahrung, Reinraumerfahrung;Lager und Logistik;2026-06-24;Anzeige Website;Gotha;2025-08-11;2026-06-24;2028-08-11;Abgelehnt
BW-01367;Hoffmann, Tobias;1987-09-17;98693;Ilmenau;03621 309072;tobias.hoffmann@web.de;Qualitätsprüfer, Messmittel und Lehren, Kranschein;Technische Fachkraft;2027-04-10;Multiposting-Portal;Gotha;2026-07-02;2026-08-21;2029-07-02;Im Einsatz
BW-01368;Köhler, Marco;1982-08-08;07749;Jena;0157 7865207;marco.koehler@web.de;Maschinenbediener Kunststoff;Produktion und Montage;2026-05-12;Bundesagentur für Arbeit;Jena;2024-12-25;2026-07-12;2027-12-25;Neu
BW-01369;Bergmann, Sabine;1988-10-20;07580;Ronneburg;0157 4239464;sabine.bergmann@web.de;Kommissionierer, Scannererfahrung;Lager und Logistik;2026-08-24;Jobbörse;Gera;2025-09-29;2025-10-16;2027-09-29;Im Pool
BW-01370;Lang, Lars;1997-10-12;98693;Ilmenau;03621 671389;lars.lang@t-online.de;Fachlagerist, Staplerschein;Lager und Logistik;2026-07-14;Anzeige Website;Gotha;2026-06-15;2026-09-03;2028-06-15;Im Pool
BW-01371;Horn, Alexander;1967-10-11;99817;Eisenach;03621 732281;alexander.horn@t-online.de;Sachbearbeitung Einkauf;Kaufmännische Sachbearbeitung;2027-01-07;Empfehlung;Gotha;2026-07-24;2026-07-31;2028-07-24;Vermittelt
BW-01372;Schneider, Sebastian;2002-01-19;07743;Jena;03641 639074;sebastian.schneider@freenet.de;Produktionshelfer, 3-Schicht, Montagebereitschaft;Produktion und Montage;2026-05-21;Jobbörse;Jena;2024-12-22;2026-05-13;2027-12-22;Neu
BW-01373;König, Sebastian;1979-11-23;99867;Gotha;03621 480701;sebastian.koenig@web.de;Lagerfachkraft, Wareneingang;Lager und Logistik;2026-08-03;Anzeige Website;Gotha;2026-05-05;2026-05-05;2029-05-05;Erstgespräch geführt
BW-01374;Schulz, Lars;1986-07-24;99425;Weimar;0361 463429;lars.schulz@freenet.de;Produktionsmitarbeiter, Anlernkraft, Staplerschein;Produktion und Montage;2026-07-15;Anzeige Website;Erfurt;2024-12-28;2026-01-28;2027-12-28;Neu
BW-01375;Schulz, Thomas;1976-05-21;99310;Arnstadt;0361 732791;thomas.schulz@t-online.de;Schlosser, Montageerfahrung, Führerschein B;Metallbau und Schweißen;2026-12-01;Multiposting-Portal;Erfurt;2025-07-03;2026-04-12;2027-07-03;Vermittelt
BW-01376;Baumann, Maik;1987-02-11;07381;Pößneck;0365 506952;maik.baumann@outlook.de;Maschinenführer Verpackungslinie, Führerschein B;Druck und Verpackung;2026-08-07;Multiposting-Portal;Gera;2026-05-15;2026-05-17;2028-05-15;Im Pool
BW-01377;Martin, Sabine;1996-01-27;99817;Eisenach;03621 795308;sabine.martin@googlemail.com;Sachbearbeitung Auftragsabwicklung, SAP;Kaufmännische Sachbearbeitung;2026-08-05;Multiposting-Portal;Gotha;2025-03-19;2025-04-22;2028-03-19;Im Pool
BW-01378;Herrmann, Simone;1978-03-07;07407;Rudolstadt;0151 3618463;simone.herrmann@gmx.de;Schlosser, Montageerfahrung;Metallbau und Schweißen;2026-09-01;Initiativbewerbung;Jena;2026-09-01;2026-09-02;2028-09-01;Nicht erreichbar
BW-01379;Seidel, Björn;2002-01-13;07407;Rudolstadt;03641 885448;bjoern.seidel@outlook.de;CNC-Fachkraft, Programmierkenntnisse;CNC-Zerspanung;2026-08-19;Anzeige Website;Jena;2024-11-05;2025-03-25;2027-11-05;Im Pool
BW-01380;Rehberg, Carolin;1984-12-20;37351;Dingelstädt;0171 8650085;carolin.rehberg@outlook.de;Produktionshelfer, 3-Schicht;Produktion und Montage;2026-08-14;Bundesagentur für Arbeit;Heilbad Heiligenstadt;2025-07-11;2026-01-16;2028-07-11;Erstgespräch geführt
BW-01381;Busch, Michael;1993-02-18;99817;Eisenach;03621 302826;michael.busch@outlook.de;Lagerfachkraft, Wareneingang;Lager und Logistik;2026-12-15;Empfehlung;Gotha;2026-02-23;2026-05-02;2029-02-23;Im Einsatz
BW-01382;Franke, Stefan;1985-01-07;99510;Apolda;0361 395885;stefan.franke@mailbox.org;Bürokauffrau, MS Office, Staplerschein;Kaufmännische Sachbearbeitung;2026-05-31;Empfehlung;Erfurt;2025-04-15;2026-04-13;2027-04-15;Im Pool
BW-01383;Schulz, Dirk;1984-01-19;37308;Heilbad Heiligenstadt;03606 224559;dirk.schulz@freenet.de;Produktionsmitarbeiter, Anlernkraft;Produktion und Montage;2026-06-19;Multiposting-Portal;Heilbad Heiligenstadt;2025-11-25;2026-01-08;2028-11-25;Neu
BW-01384;Ziegenhorn, Lena;1998-09-02;07546;Gera;0163 9114350;lena.ziegenhorn@web.de;Finanzbuchhaltung, DATEV, Führerschein B;Buchhaltung;2026-08-12;Multiposting-Portal;Gera;2026-08-12;2026-09-07;2028-08-12;Erstgespräch geführt
BW-01385;Walter, Petra;2001-09-21;99867;Gotha;03621 224260;petra.walter@web.de;Sachbearbeitung Einkauf, Schichtbereitschaft;Kaufmännische Sachbearbeitung;2026-09-01;Anzeige Website;Gotha;2025-04-15;2025-06-21;2027-04-15;Im Pool
BW-01386;Richter, Christian;2003-04-17;99734;Nordhausen;03606 911435;christian.richter@gmx.de;Elektroinstallateur, Baustelleneinsatz, Staplerschein;Elektro;2026-08-05;Bundesagentur für Arbeit;Heilbad Heiligenstadt;2025-08-31;2026-03-03;2027-08-31;Kein Interesse
BW-01387;Fuchs, Heike;1966-09-25;07545;Gera;0152 2992376;heike.fuchs@outlook.de;Schlosser, Montageerfahrung;Metallbau und Schweißen;2026-06-27;Jobbörse;Gera;2025-03-18;2025-09-18;2028-03-18;Neu
BW-01388;Kraus, Jens;1988-07-21;99974;Mühlhausen;03606 840853;jens.kraus@mailbox.org;Maschinenführer Verpackungslinie;Druck und Verpackung;2026-07-06;Anzeige Website;Heilbad Heiligenstadt;2025-01-14;2026-01-05;2027-01-14;Neu
BW-01389;Bauer, Marcel;2002-11-14;99094;Erfurt;0361 211924;marcel.bauer@freenet.de;Schweißer MAG 135, Prüfung gültig;Metallbau und Schweißen;2026-06-10;Empfehlung;Erfurt;2025-05-19;2026-08-15;2027-05-19;Im Pool
BW-01390;Sommer, Maik;1973-05-27;37327;Leinefelde-Worbis;0177 1564758;maik.sommer@outlook.de;Montagehelfer Serienfertigung;Produktion und Montage;2026-07-09;Multiposting-Portal;Heilbad Heiligenstadt;2025-03-08;2026-05-13;2028-03-08;Im Pool
BW-01391;Otto, Yvonne;1980-11-10;07545;Gera;0365 551384;yvonne.otto@freenet.de;Lagerfachkraft, Wareneingang;Lager und Logistik;2026-12-17;Bundesagentur für Arbeit;Gera;2024-12-31;2025-05-09;2027-12-31;Im Einsatz
BW-01392;Arnold, Lisa;1990-08-27;99974;Mühlhausen;0178 6374818;lisa.arnold@t-online.de;Zerspanungsmechaniker, Drehtechnik, Deutsch B2;CNC-Zerspanung;2026-06-09;Anzeige Website;Heilbad Heiligenstadt;2026-06-03;2026-09-07;2028-06-03;Im Pool
BW-01393;Fischer, Elke;1978-06-10;07318;Saalfeld;03641 367068;elke.fischer@outlook.de;Elektroniker Betriebstechnik;Elektro;2026-07-25;Initiativbewerbung;Jena;2024-11-09;2026-03-02;2027-11-09;Im Pool
BW-01394;Grunewald, Petra;1973-07-03;07545;Gera;0365 401758;petra.grunewald@t-online.de;Mechatroniker Instandhaltung, Kranschein;Elektro;2026-06-17;Empfehlung;Gera;2025-04-17;2025-07-12;2027-04-17;Erstgespräch geführt
BW-01395;Schulze, Heike;1991-11-14;99817;Eisenach;0157 6286338;heike.schulze@outlook.de;Produktionsmitarbeiter, Anlernkraft;Produktion und Montage;2026-10-18;Anzeige Website;Gotha;2025-03-24;2025-05-08;2027-03-24;Im Einsatz
BW-01396;Bergmann, Diana;1996-09-05;07747;Jena;03641 558132;diana.bergmann@gmx.de;CNC-Bediener, Rüsterfahrung;CNC-Zerspanung;2026-08-27;Anzeige Website;Jena;2026-07-08;2026-07-22;2028-07-08;Im Pool
BW-01397;Schröder, Thomas;1971-05-15;99974;Mühlhausen;03606 670880;thomas.schroeder@googlemail.com;Tischler, CNC-Bearbeitungszentrum;Tischlerei und Holz;2026-06-21;Jobbörse;Heilbad Heiligenstadt;2025-04-19;2025-11-25;2027-04-19;Erstgespräch geführt
BW-01398;Zimmermann, Claudia;1967-03-23;07768;Kahla;0160 7921227;claudia.zimmermann@freenet.de;Lagerfachkraft, Wareneingang;Lager und Logistik;2026-06-18;Jobbörse;Jena;2025-07-18;2025-09-07;2028-07-18;Im Pool
BW-01399;Busch, Daniel;1966-10-27;98693;Ilmenau;0176 8622766;daniel.busch@outlook.de;Zerspanungsmechaniker, Frästechnik;CNC-Zerspanung;2026-08-12;Anzeige Website;Gotha;2025-12-08;2026-04-06;2028-12-08;Im Pool
BW-01400;Schröder, Kevin;1992-02-25;99510;Apolda;0361 343208;kevin.schroeder@mailbox.org;CNC-Fachkraft, Programmierkenntnisse, Montagebereitschaft;CNC-Zerspanung;2026-05-18;Bundesagentur für Arbeit;Erfurt;2026-04-21;2026-07-03;2028-04-21;Im Pool
BW-01401;Winter, Christian;1982-10-11;99867;Gotha;03621 725283;christian.winter@outlook.de;Kreditorenbuchhaltung, SAP FI;Buchhaltung;2027-02-15;Initiativbewerbung;Gotha;2025-06-16;2026-07-14;2028-06-16;Vermittelt
BW-01402;Schreiber, Alexander;1974-05-22;99097;Erfurt;0361 630125;alexander.schreiber@freenet.de;Zerspanungsmechaniker, Frästechnik, Kranschein;CNC-Zerspanung;2026-09-01;Jobbörse;Erfurt;2024-12-09;2026-02-21;2027-12-09;Neu
BW-01403;Vogt, Andrea;2004-10-02;98693;Ilmenau;03621 878371;andrea.vogt@t-online.de;Elektroniker Energie- und Gebäudetechnik, Kranschein;Elektro;2027-03-07;Anzeige Website;Gotha;2025-12-14;2026-03-04;2027-12-14;Vermittelt
BW-01404;Franke, Maria;1963-11-15;07646;Stadtroda;03641 836068;maria.franke@mailbox.org;Schweißer MAG 135, Prüfung gültig;Metallbau und Schweißen;2026-09-06;Multiposting-Portal;Jena;2025-10-12;2026-02-19;2027-10-12;Im Pool
BW-01405;Pfaff, Mario;2003-10-13;07407;Rudolstadt;03641 624319;mario.pfaff@freenet.de;Lagerfachkraft, Wareneingang;Lager und Logistik;2026-05-13;Jobbörse;Jena;2024-12-03;2025-10-04;2026-12-03;Abgelehnt
BW-01406;Krause, Kevin;1989-06-24;07381;Pößneck;0176 5847957;kevin.krause@outlook.de;Staplerfahrer Schubmast;Lager und Logistik;2026-05-31;Bundesagentur für Arbeit;Gera;2025-01-30;2025-07-01;2027-01-30;Im Pool
BW-01407;Winkler, Nico;1983-11-23;07381;Pößneck;0365 360638;nico.winkler@mailbox.org;Tischler, CNC-Bearbeitungszentrum, Schichtbereitschaft;Tischlerei und Holz;2026-07-02;Initiativbewerbung;Gera;2024-11-19;2026-01-29;2027-11-19;Abgelehnt
BW-01408;Schreiber, Enrico;1995-06-20;07407;Rudolstadt;0178 9987238;enrico.schreiber@gmx.de;Produktionsmitarbeiter, Anlernkraft;Produktion und Montage;2026-10-24;Empfehlung;Jena;2024-11-30;2025-06-08;2027-11-30;Vermittelt
BW-01409;Frank, Heike;1997-12-05;07768;Kahla;03641 650994;heike.frank@mailbox.org;Fachlagerist, Staplerschein;Lager und Logistik;2026-06-05;Anzeige Website;Jena;2026-03-19;2026-06-27;2029-03-19;Abgelehnt
BW-01410;Nowak, Torsten;1984-02-15;07546;Gera;0365 440118;torsten.nowak@mailbox.org;Schweißer WIG 141;Metallbau und Schweißen;2026-09-08;Anzeige Website;Gera;2025-05-04;2026-08-17;2028-05-04;Kein Interesse
BW-01411;Wagner, Andreas;1970-06-23;99867;Gotha;03621 240438;andreas.wagner@googlemail.com;CNC-Fräser, Heidenhain TNC;CNC-Zerspanung;2026-06-18;Karrieremesse;Gotha;2026-03-17;2026-06-25;2029-03-17;Im Pool
BW-01412;Weiß, Björn;1970-10-23;99734;Nordhausen;0151 1336241;bjoern.weiss@outlook.de;Versandmitarbeiter, Staplerschein, Montagebereitschaft;Lager und Logistik;2026-08-04;Anzeige Website;Heilbad Heiligenstadt;2025-04-10;2025-09-19;2027-04-10;Kein Interesse
BW-01413;Schumacher, Andreas;1994-08-13;99085;Erfurt;0361 742407;andreas.schumacher@freenet.de;Sachbearbeitung Auftragsabwicklung, SAP, Staplerschein;Kaufmännische Sachbearbeitung;2027-02-15;Anzeige Website;Erfurt;2026-03-12;2026-05-06;2028-03-12;Im Einsatz
BW-01414;Steinbrück, Alexander;1982-11-19;07580;Ronneburg;0365 928833;alexander.steinbrueck@gmx.de;Tischler, CNC-Bearbeitungszentrum, Staplerschein;Tischlerei und Holz;2026-05-22;Jobbörse;Gera;2025-08-09;2025-10-13;2027-08-09;Kein Interesse
BW-01415;Ludwig, Regina;1962-10-27;99734;Nordhausen;03606 848097;regina.ludwig@freenet.de;Mechatroniker Instandhaltung, Schichtbereitschaft;Elektro;2026-08-20;Initiativbewerbung;Heilbad Heiligenstadt;2025-08-07;2026-01-26;2027-08-07;Abgelehnt
BW-01416;Groß, Marco;1984-11-23;99974;Mühlhausen;03606 923952;marco.gross@outlook.de;Industriemechaniker Instandhaltung, Führerschein B;Metallbau und Schweißen;2026-07-14;Jobbörse;Heilbad Heiligenstadt;2026-07-14;2026-08-26;2029-07-14;Im Pool
BW-01417;Winkler, Lisa;1978-04-22;99610;Sömmerda;0170 2413485;lisa.winkler@web.de;Konstruktionsmechaniker;Metallbau und Schweißen;2026-07-17;Jobbörse;Erfurt;2025-05-10;2026-01-07;2027-05-10;Nicht erreichbar
BW-01418;Neumann, Sebastian;1972-07-27;99867;Gotha;0170 9808710;sebastian.neumann@t-online.de;Druckhelfer, Nachtschicht;Druck und Verpackung;2026-06-14;Multiposting-Portal;Gotha;2025-10-06;2025-11-14;2027-10-06;Im Pool
BW-01419;Nowak, Marcel;2004-10-15;99423;Weimar;0177 2000772;marcel.nowak@mailbox.org;Montagehelfer Serienfertigung;Produktion und Montage;2026-07-20;Jobbörse;Erfurt;2025-10-26;2026-02-10;2028-10-26;Erstgespräch geführt
BW-01420;Schuster, Ines;1971-05-18;07768;Kahla;0163 9006533;ines.schuster@freenet.de;Staplerfahrer Schubmast, Kranschein;Lager und Logistik;2026-08-22;Empfehlung;Jena;2025-06-20;2026-06-05;2028-06-20;Erstgespräch geführt
BW-01421;Arnold, Rene;1962-12-21;99085;Erfurt;0160 8662294;rene.arnold@mailbox.org;Kommissionierer, Scannererfahrung;Lager und Logistik;2026-06-24;Initiativbewerbung;Erfurt;2026-04-27;2026-07-19;2028-04-27;Neu
BW-01422;Möller, Maik;2001-02-14;99610;Sömmerda;0170 2720161;maik.moeller@mailbox.org;Helfer Kunststoffverarbeitung;Produktion und Montage;2026-05-16;Bundesagentur für Arbeit;Erfurt;2025-03-18;2025-11-16;2028-03-18;Im Pool
BW-01423;Achtelik, Lena;1972-09-21;99427;Weimar;0361 498990;lena.achtelik@mailbox.org;Schweißer WIG 141;Metallbau und Schweißen;2027-02-26;Multiposting-Portal;Erfurt;2025-11-03;2025-11-03;2027-11-03;Vermittelt
BW-01424;Huber, Kevin;1991-10-18;99867;Gotha;03621 900712;kevin.huber@googlemail.com;Lagerfachkraft, Wareneingang;Lager und Logistik;2026-08-14;Initiativbewerbung;Gotha;2024-12-29;2025-10-12;2026-12-29;Kein Interesse
BW-01425;Frank, Uwe;1977-02-13;37351;Dingelstädt;03606 827644;uwe.frank@t-online.de;Maschinen- und Anlagenführer;Produktion und Montage;2026-06-12;Jobbörse;Heilbad Heiligenstadt;2025-07-31;2025-12-25;2027-07-31;Im Pool
BW-01426;Schreiber, Uwe;1973-05-02;07548;Gera;0365 692803;uwe.schreiber@web.de;Druckhelfer, Nachtschicht, Deutsch B2;Druck und Verpackung;2026-06-04;Anzeige Website;Gera;2025-09-16;2025-10-07;2027-09-16;Kein Interesse
BW-01427;Huber, Tobias;1994-08-23;07973;Greiz;0365 848487;tobias.huber@gmx.de;Fachlagerist, Staplerschein, Deutsch B2;Lager und Logistik;2026-05-25;Jobbörse;Gera;2025-02-05;2025-11-30;2028-02-05;Im Pool
BW-01428;Lorenz, Yvonne;1992-06-15;99867;Gotha;03621 500095;yvonne.lorenz@gmx.de;CNC-Dreher, Siemens 840D;CNC-Zerspanung;2026-08-23;Jobbörse;Gotha;2025-08-04;2025-11-11;2027-08-04;Neu
BW-01429;Brandt, Robert;1973-02-08;99310;Arnstadt;0163 5699411;robert.brandt@mailbox.org;Lagerhelfer, Staplerschein;Lager und Logistik;2026-08-04;Jobbörse;Erfurt;2025-12-26;2026-02-08;2027-12-26;Im Pool
BW-01430;Köhler, Antje;1996-01-21;07548;Gera;0365 882225;antje.koehler@freenet.de;Fertigungsplaner, REFA-Grundschein;Technische Fachkraft;2026-07-23;Karrieremesse;Gera;2026-07-13;2026-08-30;2029-07-13;Im Pool
BW-01431;Kraus, Anja;1963-07-24;06484;Quedlinburg;03473 842272;anja.kraus@googlemail.com;CNC-Bediener, Rüsterfahrung;CNC-Zerspanung;2026-05-13;Bundesagentur für Arbeit;Aschersleben;2025-12-27;2026-02-12;2027-12-27;Im Pool
BW-01432;Kuhn, Heike;1975-01-03;07646;Stadtroda;03641 605401;heike.kuhn@googlemail.com;Maschinen- und Anlagenführer;Produktion und Montage;2026-11-21;Multiposting-Portal;Jena;2025-12-28;2026-01-03;2027-12-28;Im Einsatz
BW-01433;Krause, Nadine;1994-06-21;99510;Apolda;0361 582674;nadine.krause@mailbox.org;Maschinenbediener Kunststoff, Montagebereitschaft;Produktion und Montage;2026-06-20;Anzeige Website;Erfurt;2025-12-29;2026-05-11;2027-12-29;Im Pool
BW-01434;Vogt, Lisa;1984-02-16;07580;Ronneburg;0160 9249837;lisa.vogt@t-online.de;Produktionshelfer, 3-Schicht, Führerschein B;Produktion und Montage;2026-06-22;Bundesagentur für Arbeit;Gera;2025-12-30;2026-01-23;2027-12-30;Im Pool
BW-01435;Beck, Petra;1983-11-23;37327;Leinefelde-Worbis;0176 4625327;petra.beck@freenet.de;Konstruktionsmechaniker;Metallbau und Schweißen;2026-08-02;Jobbörse;Heilbad Heiligenstadt;2025-12-31;2026-06-23;2027-12-31;Abgelehnt
BW-01436;Ziegler, Frank;1974-11-15;07548;Gera;0178 7274960;frank.ziegler@t-online.de;Produktionsmitarbeiter, Anlernkraft;Produktion und Montage;2026-05-21;Karrieremesse;Gera;2026-01-01;2026-07-28;2028-01-01;Erstgespräch geführt
BW-01437;Stein, Björn;1990-05-13;99867;Gotha;03621 698168;bjoern.stein@web.de;Sachbearbeitung Einkauf;Kaufmännische Sachbearbeitung;2026-05-17;Jobbörse;Gotha;2026-01-02;2026-07-20;2028-01-02;Neu
BW-01438;Böhm, Holger;1973-11-12;99947;Bad Langensalza;03621 701397;holger.boehm@web.de;Maschinenführer Verpackungslinie, Höhentauglichkeit G41;Druck und Verpackung;2026-07-31;Karrieremesse;Gotha;2025-03-22;2026-05-02;2027-03-22;Im Pool
BW-01439;Krämer, Enrico;1978-07-12;99817;Eisenach;03621 783200;enrico.kraemer@googlemail.com;Maschinen- und Anlagenführer;Produktion und Montage;2027-02-27;Initiativbewerbung;Gotha;2025-04-21;2026-03-02;2027-04-21;Im Einsatz
BW-01440;Bergmann, Falk;1964-05-22;07545;Gera;0176 2411274;falk.bergmann@t-online.de;Kaufmann Büromanagement, DATEV-Grundkenntnisse;Kaufmännische Sachbearbeitung;2026-10-13;Jobbörse;Gera;2026-09-01;2026-09-01;2029-09-01;Im Einsatz
BW-01441;Seidel, Michael;1989-11-14;99085;Erfurt;0361 905331;michael.seidel@freenet.de;Elektroniker Energie- und Gebäudetechnik, Führerschein B;Elektro;2026-11-11;Multiposting-Portal;Erfurt;2026-04-14;2026-09-03;2028-04-14;Im Einsatz
BW-01442;Herrmann, Enrico;1994-05-05;07973;Greiz;0365 350454;enrico.herrmann@web.de;Industriemechaniker Instandhaltung, Montagebereitschaft;Metallbau und Schweißen;2026-12-10;Karrieremesse;Gera;2024-11-03;2026-03-26;2027-11-03;Im Einsatz
BW-01443;Dietrich, Robert;1962-03-01;07381;Pößneck;0365 210608;robert.dietrich@mailbox.org;Druckhelfer, Nachtschicht, Führerschein B;Druck und Verpackung;2026-11-12;Karrieremesse;Gera;2026-04-20;2026-06-07;2028-04-20;Im Einsatz
BW-01444;Schumacher, Torsten;1994-03-15;98693;Ilmenau;0170 5552864;torsten.schumacher@t-online.de;Lagerhelfer, Staplerschein, Kranschein;Lager und Logistik;2027-03-04;Jobbörse;Gotha;2024-10-14;2024-10-15;2026-10-14;Vermittelt
BW-01445;Graf, Diana;2006-03-16;99099;Erfurt;0177 8711977;diana.graf@outlook.de;Assistenz Vertriebsinnendienst, Führerschein B;Kaufmännische Sachbearbeitung;2026-07-25;Jobbörse;Erfurt;2026-07-25;2026-07-25;2029-07-25;Im Pool
BW-01446;Krüger, Dirk;1997-06-25;99094;Erfurt;0178 4278303;dirk.krueger@t-online.de;CNC-Bediener, Rüsterfahrung, Deutsch B2;CNC-Zerspanung;2026-06-06;Initiativbewerbung;Erfurt;2025-09-19;2025-12-12;2027-09-19;Nicht erreichbar
BW-01447;Voigt, Melanie;1985-01-07;99867;Gotha;03621 262808;melanie.voigt@freenet.de;Schweißer MAG 135, Prüfung gültig;Metallbau und Schweißen;2026-08-20;Initiativbewerbung;Gotha;2025-03-22;2025-05-23;2027-03-22;Im Pool
BW-01448;Wolff, Matthias;1987-07-21;07749;Jena;03641 398323;matthias.wolff@freenet.de;Kreditorenbuchhaltung, SAP FI, Führerschein B;Buchhaltung;2026-05-16;Multiposting-Portal;Jena;2026-04-24;2026-07-18;2029-04-24;Neu
BW-01449;Huber, Ronny;1969-09-10;99880;Waltershausen;03621 504236;ronny.huber@web.de;Lohnbuchhaltung, Tarifkenntnisse;Buchhaltung;2026-05-19;Initiativbewerbung;Gotha;2025-03-08;2025-12-08;2028-03-08;Kein Interesse
BW-01450;Ziegler, Maik;1977-11-04;07580;Ronneburg;0170 6232264;maik.ziegler@googlemail.com;Produktionshelfer, 3-Schicht, Staplerschein;Produktion und Montage;2026-07-21;Empfehlung;Gera;2026-07-21;2026-08-22;2029-07-21;Kein Interesse
BW-01451;Achtelik, Sabine;1999-10-05;99086;Erfurt;0157 6400887;sabine.achtelik@web.de;Industriemechaniker Instandhaltung;Metallbau und Schweißen;2026-05-26;Multiposting-Portal;Erfurt;2025-05-12;2026-01-08;2027-05-12;Abgelehnt
BW-01452;Graf, Björn;1991-09-07;07749;Jena;03641 383567;bjoern.graf@t-online.de;Konstruktionsmechaniker;Metallbau und Schweißen;2026-07-27;Initiativbewerbung;Jena;2024-11-04;2025-08-18;2026-11-04;Neu
BW-01453;Berger, Kerstin;1977-07-15;99610;Sömmerda;0361 523870;kerstin.berger@outlook.de;Holzmechaniker Möbelbau;Tischlerei und Holz;2026-08-30;Multiposting-Portal;Erfurt;2026-06-20;2026-07-14;2029-06-20;Im Pool
BW-01454;Beck, Jörg;1985-01-21;99867;Gotha;03621 548784;joerg.beck@googlemail.com;Zerspanungsmechaniker, Frästechnik;CNC-Zerspanung;2026-08-09;Anzeige Website;Gotha;2026-08-09;2026-08-09;2028-08-09;Im Pool
BW-01455;Fischer, Manuela;1974-07-19;99947;Bad Langensalza;03621 810190;manuela.fischer@googlemail.com;Verpackungsmitarbeiter, Akkordbereitschaft, Schichtbereitschaft;Druck und Verpackung;2026-07-31;Anzeige Website;Gotha;2025-04-08;2026-07-06;2027-04-08;Im Pool
BW-01456;Lange, Franziska;1971-04-16;07548;Gera;0365 435877;franziska.lange@web.de;Versandmitarbeiter, Staplerschein, Reinraumerfahrung;Lager und Logistik;2026-08-14;Jobbörse;Gera;2025-11-04;2025-11-11;2028-11-04;Abgelehnt
BW-01457;Hahn, Matthias;1979-12-21;99867;Gotha;0177 3190933;matthias.hahn@t-online.de;Konstruktionsmechaniker;Metallbau und Schweißen;2026-07-22;Multiposting-Portal;Gotha;2026-05-15;2026-07-05;2028-05-15;Erstgespräch geführt
BW-01458;Günther, Jana;2006-06-18;07749;Jena;0160 2874274;jana.guenther@t-online.de;Druckhelfer, Nachtschicht;Druck und Verpackung;2026-06-07;Initiativbewerbung;Jena;2026-06-07;2026-08-27;2029-06-07;Im Pool
BW-01459;Wagner, Marco;1965-11-03;37327;Leinefelde-Worbis;0170 6316378;marco.wagner@t-online.de;Elektroniker Betriebstechnik, Schichtbereitschaft;Elektro;2026-12-21;Multiposting-Portal;Heilbad Heiligenstadt;2026-06-25;2026-09-04;2029-06-25;Im Einsatz
BW-01460;Fischer, Sabine;1991-01-06;99880;Waltershausen;0152 2811857;sabine.fischer@web.de;Produktionshelfer, 3-Schicht, Staplerschein;Produktion und Montage;2026-08-25;Anzeige Website;Gotha;2026-03-06;2026-04-20;2028-03-06;Abgelehnt
BW-01461;Martin, Daniel;1984-08-17;98693;Ilmenau;03621 776681;daniel.martin@googlemail.com;Versandmitarbeiter, Staplerschein;Lager und Logistik;2026-06-30;Jobbörse;Gotha;2024-12-01;2025-06-22;2026-12-01;Erstgespräch geführt
BW-01462;Graf, Hendrik;1962-11-02;98693;Ilmenau;03621 694781;hendrik.graf@freenet.de;Produktionsmitarbeiter, Anlernkraft, Kranschein;Produktion und Montage;2026-09-06;Multiposting-Portal;Gotha;2025-06-11;2025-10-29;2027-06-11;Erstgespräch geführt
BW-01463;Kloß, Dennis;1983-09-17;99099;Erfurt;0361 554619;dennis.kloss@web.de;Zerspanungsmechaniker, Frästechnik, Schichtbereitschaft;CNC-Zerspanung;2026-07-06;Multiposting-Portal;Erfurt;2026-06-28;2026-07-31;2028-06-28;Abgelehnt
BW-01464;Ziegler, Ramona;1979-05-19;07549;Gera;0177 4588227;ramona.ziegler@gmx.de;Buchbinder, Weiterverarbeitung;Druck und Verpackung;2026-09-03;Jobbörse;Gera;2025-02-22;2025-06-24;2027-02-22;Abgelehnt
BW-01465;Haas, Jens;2007-06-09;07548;Gera;0365 320833;jens.haas@outlook.de;Bilanzbuchhalter, Abschlusssicher;Buchhaltung;2026-06-30;Empfehlung;Gera;2024-10-28;2025-03-03;2026-10-28;Kein Interesse
BW-01466;Kaiser, Erik;1992-09-27;99867;Gotha;03621 561807;erik.kaiser@outlook.de;Maschinenführer Verpackungslinie, Höhentauglichkeit G41;Druck und Verpackung;2026-07-07;Jobbörse;Gotha;2024-12-14;2025-11-02;2026-12-14;Kein Interesse
BW-01467;Hoffmann, Lars;1974-03-16;07545;Gera;0170 1226185;lars.hoffmann@mailbox.org;CNC-Fachkraft, Programmierkenntnisse;CNC-Zerspanung;2026-08-18;Anzeige Website;Gera;2025-07-14;2025-09-09;2028-07-14;Im Pool
BW-01468;Huber, Nico;1968-04-22;07749;Jena;0170 4662619;nico.huber@gmx.de;Elektroniker Betriebstechnik;Elektro;2026-07-29;Anzeige Website;Jena;2025-10-21;2026-03-02;2027-10-21;Im Pool
BW-01469;Ziegler, Sebastian;1982-11-12;99867;Gotha;03621 998842;sebastian.ziegler@gmx.de;CNC-Bediener, Rüsterfahrung, Höhentauglichkeit G41;CNC-Zerspanung;2026-11-24;Anzeige Website;Gotha;2025-10-18;2026-08-10;2027-10-18;Vermittelt
BW-01470;Werner, Regina;2006-08-03;99510;Apolda;0361 914440;regina.werner@mailbox.org;Bürokauffrau, MS Office;Kaufmännische Sachbearbeitung;2026-06-11;Jobbörse;Erfurt;2025-11-20;2026-07-16;2027-11-20;Im Pool
BW-01471;Vollmer, Falk;1964-11-06;99510;Apolda;0361 973693;falk.vollmer@outlook.de;Versandmitarbeiter, Staplerschein;Lager und Logistik;2026-12-13;Initiativbewerbung;Erfurt;2025-10-08;2026-04-08;2027-10-08;Im Einsatz
BW-01472;Pohl, Marco;1971-12-14;99867;Gotha;03621 827003;marco.pohl@web.de;Tischlerhelfer, Oberflächenbearbeitung;Tischlerei und Holz;2026-07-23;Jobbörse;Heilbad Heiligenstadt;2025-01-29;2025-02-20;2027-01-29;Im Pool
BW-01473;Krämer, Maik;2003-10-24;07407;Rudolstadt;03641 846685;maik.kraemer@freenet.de;Industriemechaniker Instandhaltung;Metallbau und Schweißen;2026-08-01;Anzeige Website;Jena;2024-12-15;2026-04-30;2026-12-15;Im Pool
BW-01474;Ziegler, Lars;1979-01-03;99610;Sömmerda;0176 6274864;lars.ziegler@gmx.de;Mechatroniker Instandhaltung, Höhentauglichkeit G41;Elektro;2026-07-31;Empfehlung;Erfurt;2026-07-31;2026-08-02;2028-07-31;Im Pool
BW-01475;König, Christin;1983-08-05;99310;Arnstadt;0361 454245;christin.koenig@mailbox.org;Maschinenbediener Kunststoff, Höhentauglichkeit G41;Produktion und Montage;2026-08-12;Anzeige Website;Erfurt;2019-07-16;2026-08-17;2028-08-17;Im Pool
BW-01476;Seidel, Doreen;1983-07-12;99427;Weimar;0361 403809;doreen.seidel@gmx.de;Helfer Kunststoffverarbeitung;Produktion und Montage;2026-08-22;Jobbörse;Erfurt;2026-05-01;2026-08-22;2029-05-01;Abgelehnt
BW-01477;Heinrich, Thomas;1972-08-26;99094;Erfurt;0170 4213260;thomas.heinrich@outlook.de;Holzmechaniker Möbelbau;Tischlerei und Holz;2026-12-03;Empfehlung;Erfurt;2026-08-24;2026-09-02;2028-08-24;Vermittelt
BW-01478;Pohl, Marco;1974-10-09;99423;Weimar;0157 8231261;marco.pohl@gmx.de;Schweißer MAG 135, Prüfung gültig;Metallbau und Schweißen;2026-06-23;Karrieremesse;Erfurt;2025-06-27;2026-07-19;2028-06-27;Erstgespräch geführt
BW-01479;Grunewald, Andreas;1968-02-10;99510;Apolda;0361 508455;andreas.grunewald@freenet.de;Schlosser, Montageerfahrung, Kranschein;Metallbau und Schweißen;2026-12-02;Anzeige Website;Erfurt;2026-04-24;2026-05-25;2029-04-24;Vermittelt
BW-01480;Haas, Kerstin;1999-05-28;07407;Rudolstadt;0170 5150978;kerstin.haas@freenet.de;Bürokauffrau, MS Office, Kranschein;Kaufmännische Sachbearbeitung;2026-07-30;Initiativbewerbung;Jena;2026-07-30;2026-08-08;2028-07-30;Erstgespräch geführt
BW-01481;Fuchs, Maik;2002-02-25;07743;Jena;0157 6662990;maik.fuchs@t-online.de;Versandmitarbeiter, Staplerschein;Lager und Logistik;2026-06-30;Multiposting-Portal;Jena;2025-06-25;2025-11-18;2027-06-25;Erstgespräch geführt
BW-01482;Kraus, Regina;1990-11-03;07973;Greiz;0157 7534857;regina.kraus@outlook.de;Elektroniker Betriebstechnik;Elektro;2026-07-20;Empfehlung;Gera;2026-07-20;2026-07-20;2028-07-20;Erstgespräch geführt
BW-01483;Richter, Sebastian;1988-10-14;99610;Sömmerda;0361 832798;sebastian.richter@outlook.de;Lagerhelfer, Staplerschein, Kranschein;Lager und Logistik;2027-01-24;Jobbörse;Erfurt;2025-01-25;2026-01-16;2027-01-25;Im Einsatz
BW-01484;Schmid, Marvin;1978-08-06;99610;Sömmerda;0151 3150888;marvin.schmid@mailbox.org;Bürokauffrau, MS Office, Höhentauglichkeit G41;Kaufmännische Sachbearbeitung;2027-03-16;Multiposting-Portal;Erfurt;2025-09-14;2026-05-08;2028-09-14;Im Einsatz
BW-01485;Vogel, Holger;1991-09-28;07546;Gera;0171 8677573;holger.vogel@gmx.de;Helfer Kunststoffverarbeitung, Kranschein;Produktion und Montage;2026-08-21;Multiposting-Portal;Gera;2025-01-12;2025-06-29;2028-01-12;Kein Interesse
BW-01486;Achtelik, Torsten;1981-09-15;99510;Apolda;0361 315408;torsten.achtelik@googlemail.com;Lagerfachkraft, Wareneingang, Reinraumerfahrung;Lager und Logistik;2026-07-13;Anzeige Website;Erfurt;2026-02-27;2026-04-18;2029-02-27;Abgelehnt
BW-01487;Jung, Toni;1969-08-01;99510;Apolda;0361 508299;toni.jung@t-online.de;Staplerfahrer Schubmast;Lager und Logistik;2027-04-19;Bundesagentur für Arbeit;Erfurt;2024-11-15;2025-04-06;2026-11-15;Im Einsatz
BW-01488;Kaiser, Holger;1982-11-17;98693;Ilmenau;03621 947731;holger.kaiser@gmx.de;Lohnbuchhaltung, Tarifkenntnisse;Buchhaltung;2026-08-24;Jobbörse;Gotha;2025-09-19;2026-02-01;2028-09-19;Abgelehnt
BW-01489;Kloß, Maik;1993-04-24;99310;Arnstadt;0171 4235808;maik.kloss@googlemail.com;Schlosser, Montageerfahrung;Metallbau und Schweißen;2026-07-25;Jobbörse;Erfurt;2026-05-15;2026-08-20;2028-05-15;Erstgespräch geführt
BW-01490;Schreiber, Nico;1970-03-16;07407;Rudolstadt;0151 1169944;nico.schreiber@outlook.de;Konstruktionsmechaniker, Schichtbereitschaft;Metallbau und Schweißen;2026-10-10;Jobbörse;Jena;2025-07-22;2025-10-09;2027-07-22;Im Einsatz
BW-01491;Möller, Maria;1977-07-07;07318;Saalfeld;03641 708974;maria.moeller@t-online.de;Helfer Kunststoffverarbeitung;Produktion und Montage;2026-08-12;Bundesagentur für Arbeit;Jena;2026-04-08;2026-07-23;2028-04-08;Erstgespräch geführt
BW-01492;Jäger, Thomas;1994-02-09;99425;Weimar;0176 8336456;thomas.jaeger@googlemail.com;Industriemechaniker Instandhaltung;Metallbau und Schweißen;2026-09-06;Jobbörse;Erfurt;2025-01-08;2025-10-10;2027-01-08;Im Pool
BW-01493;Groß, Stefan;1999-02-26;99817;Eisenach;0157 9888937;stefan.gross@t-online.de;Elektroinstallateur, Baustelleneinsatz;Elektro;2026-06-21;Bundesagentur für Arbeit;Gotha;2025-12-10;2026-06-07;2027-12-10;Im Pool
BW-01494;Roth, Andreas;1982-03-09;37308;Heilbad Heiligenstadt;03606 561624;andreas.roth@web.de;Kommissionierer, Scannererfahrung, Montagebereitschaft;Lager und Logistik;2026-11-11;Initiativbewerbung;Heilbad Heiligenstadt;2024-10-10;2026-01-29;2026-10-10;Im Einsatz
BW-01495;Winkler, Ronny;1967-05-02;07749;Jena;03641 361987;ronny.winkler@outlook.de;Sachbearbeitung Auftragsabwicklung, SAP, Höhentauglichkeit G41;Kaufmännische Sachbearbeitung;2027-03-06;Anzeige Website;Jena;2026-02-24;2026-08-30;2029-02-24;Vermittelt
BW-01496;Winkler, Christian;1993-12-21;07580;Ronneburg;0365 738355;christian.winkler@t-online.de;Elektroinstallateur, Baustelleneinsatz;Elektro;2026-08-05;Jobbörse;Gera;2026-08-05;2026-08-25;2028-08-05;Im Pool
BW-01497;Walter, Rene;1995-09-27;99947;Bad Langensalza;03621 266913;rene.walter@freenet.de;Sachbearbeitung Auftragsabwicklung, SAP;Kaufmännische Sachbearbeitung;2026-06-09;Empfehlung;Gotha;2025-03-23;2026-03-28;2027-03-23;Erstgespräch geführt
BW-01498;Weiß, Andreas;2005-09-16;99084;Erfurt;0361 679303;andreas.weiss@freenet.de;Schweißer MAG 135, Prüfung gültig;Metallbau und Schweißen;2027-02-03;Jobbörse;Erfurt;2025-05-10;2026-02-13;2027-05-10;Im Einsatz
BW-01499;Roth, Dennis;1989-03-04;07407;Rudolstadt;0177 9433482;dennis.roth@t-online.de;Fertigungsplaner, REFA-Grundschein, Deutsch B2;Technische Fachkraft;2026-09-28;Empfehlung;Jena;2025-08-01;2026-04-27;2027-08-01;Im Einsatz
BW-01500;Hartmann, Melanie;1976-05-20;37351;Dingelstädt;03606 786943;melanie.hartmann@outlook.de;Staplerfahrer Schubmast;Lager und Logistik;2026-07-29;Jobbörse;Heilbad Heiligenstadt;2025-03-26;2026-07-23;2027-03-26;Im Pool
BW-01501;Schmid, Manuela;2002-10-22;07747;Jena;0170 5589236;manuela.schmid@outlook.de;Zerspanungsmechaniker, Frästechnik, Reinraumerfahrung;CNC-Zerspanung;2026-08-26;Anzeige Website;Jena;2026-08-26;2026-08-27;2028-08-26;Kein Interesse
BW-01502;Brandt, Michael;1984-07-10;07768;Kahla;03641 840094;michael.brandt@googlemail.com;Medientechnologe Druck, Kranschein;Druck und Verpackung;2027-02-19;Empfehlung;Jena;2025-01-05;2026-06-14;2027-01-05;Im Einsatz
BW-01503;Wagner, Mario;1966-06-01;07973;Greiz;0365 454251;mario.wagner@t-online.de;CNC-Dreher, Siemens 840D;CNC-Zerspanung;2026-05-14;Jobbörse;Gera;2025-04-02;2026-07-31;2027-04-02;Im Pool
BW-01504;Peters, Franziska;1981-06-04;99817;Eisenach;03621 823237;franziska.peters@web.de;Elektrohelfer, Schaltschrankbau;Elektro;2026-07-10;Jobbörse;Gotha;2026-07-04;2026-08-06;2029-07-04;Erstgespräch geführt
BW-01505;Dietrich, Enrico;1976-07-04;99734;Nordhausen;03606 274250;enrico.dietrich@web.de;Helfer Kunststoffverarbeitung;Produktion und Montage;2026-07-15;Jobbörse;Heilbad Heiligenstadt;2025-01-14;2026-03-23;2027-01-14;Erstgespräch geführt
BW-01506;Brandt, Ramona;1977-04-20;99867;Gotha;0151 2268178;ramona.brandt@gmx.de;Technischer Zeichner, AutoCAD;Technische Fachkraft;2026-06-24;Jobbörse;Gotha;2025-01-19;2026-08-12;2027-01-19;Im Pool
BW-01507;Mayer, Erik;1968-02-17;37308;Heilbad Heiligenstadt;03606 338969;erik.mayer@googlemail.com;Produktionsmitarbeiter, Anlernkraft;Produktion und Montage;2026-06-29;Empfehlung;Heilbad Heiligenstadt;2025-10-23;2026-08-19;2027-10-23;Neu
BW-01508;Lorenz, Hendrik;1963-01-05;07743;Jena;03641 812133;hendrik.lorenz@t-online.de;Produktionsmitarbeiter, Anlernkraft;Produktion und Montage;2026-06-10;Jobbörse;Jena;2026-06-10;2026-07-21;2028-06-10;Neu
BW-01509;Voigt, Holger;1976-04-13;99867;Gotha;0178 9815592;holger.voigt@outlook.de;Assistenz Vertriebsinnendienst;Kaufmännische Sachbearbeitung;2026-07-28;Jobbörse;Gotha;2025-09-30;2026-03-09;2027-09-30;Im Pool
BW-01510;Meier, Toni;1973-11-06;99510;Apolda;0361 616181;toni.meier@web.de;Versandmitarbeiter, Staplerschein, Kranschein;Lager und Logistik;2026-07-09;Jobbörse;Erfurt;2024-10-22;2025-05-09;2027-10-22;Abgelehnt
BW-01511;König, Christian;1980-08-01;07747;Jena;03641 566837;christian.koenig@outlook.de;Assistenz Vertriebsinnendienst;Kaufmännische Sachbearbeitung;2026-07-23;Initiativbewerbung;Jena;2026-07-19;2026-08-09;2029-07-19;Im Pool
BW-01512;Richter, Ralf;1995-12-10;99734;Nordhausen;0170 1789382;ralf.richter@mailbox.org;Schweißer WIG 141, Schichtbereitschaft;Metallbau und Schweißen;2026-06-11;Jobbörse;Heilbad Heiligenstadt;2025-11-21;2025-12-07;2028-11-21;Im Pool
BW-01513;Roth, Daniel;1963-09-16;99974;Mühlhausen;03606 611101;daniel.roth@freenet.de;Zerspanungsmechaniker, Frästechnik;CNC-Zerspanung;2027-05-01;Anzeige Website;Heilbad Heiligenstadt;2026-03-18;2026-03-28;2028-03-18;Im Einsatz
BW-01514;Weiß, Björn;1997-10-04;07743;Jena;03641 528079;bjoern.weiss@outlook.de;Produktionsmitarbeiter, Anlernkraft, Führerschein B;Produktion und Montage;2026-07-02;Bundesagentur für Arbeit;Jena;2026-03-18;2026-06-06;2028-03-18;Im Pool
BW-01515;Müller, Holger;2002-11-19;99817;Eisenach;0177 7095755;holger.mueller@t-online.de;Technischer Zeichner, AutoCAD;Technische Fachkraft;2026-06-11;Empfehlung;Gotha;2025-09-06;2026-07-06;2028-09-06;Im Pool
BW-01516;Koch, Kerstin;1989-03-12;99610;Sömmerda;0170 4238498;kerstin.koch@gmx.de;Maschinen- und Anlagenführer, Kranschein;Produktion und Montage;2026-12-23;Jobbörse;Erfurt;2026-04-07;2026-04-20;2029-04-07;Im Einsatz
BW-01517;Kaiser, Stefan;1971-04-19;07381;Pößneck;0170 4685934;stefan.kaiser@t-online.de;Maschinenführer Verpackungslinie, Kranschein;Druck und Verpackung;2026-09-04;Jobbörse;Gera;2026-09-04;2026-09-07;2029-09-04;Im Pool
BW-01518;Pfeiffer, Ronny;1980-08-13;99880;Waltershausen;0178 2855505;ronny.pfeiffer@freenet.de;Maschinenführer Verpackungslinie;Druck und Verpackung;2026-07-08;Jobbörse;Gotha;2025-06-07;2025-11-27;2027-06-07;Erstgespräch geführt
BW-01519;Köhler, Enrico;1987-03-18;98693;Ilmenau;03621 516829;enrico.koehler@t-online.de;Bautischler, Montage;Tischlerei und Holz;2026-10-12;Multiposting-Portal;Gotha;2025-07-16;2026-03-01;2027-07-16;Vermittelt
BW-01520;Schubert, Sandra;1968-02-25;07545;Gera;0365 693396;sandra.schubert@gmx.de;Schlosser, Montageerfahrung;Metallbau und Schweißen;2026-07-08;Anzeige Website;Gera;2025-11-09;2026-08-20;2027-11-09;Im Pool
BW-01521;Pohl, Maik;1994-01-01;37327;Leinefelde-Worbis;03606 229721;maik.pohl@web.de;Verpackungsmitarbeiter, Akkordbereitschaft;Druck und Verpackung;2026-06-16;Anzeige Website;Heilbad Heiligenstadt;2026-03-19;2026-05-09;2028-03-19;Im Pool
BW-01522;Werner, Anke;1970-12-14;99867;Gotha;03621 551797;anke.werner@web.de;Konstruktionsmechaniker, Montagebereitschaft;Metallbau und Schweißen;2026-06-22;Multiposting-Portal;Gotha;2026-06-22;2026-07-27;2028-06-22;Im Pool
BW-01523;Böhm, Thomas;1978-03-04;99947;Bad Langensalza;03621 370052;thomas.boehm@gmx.de;CNC-Fachkraft, Programmierkenntnisse;CNC-Zerspanung;2026-07-31;Jobbörse;Gotha;2026-07-31;2026-08-21;2028-07-31;Im Pool
BW-01524;Achtelik, Steffi;1981-12-13;07318;Saalfeld;0163 7880757;steffi.achtelik@googlemail.com;Produktionsmitarbeiter, Anlernkraft, Höhentauglichkeit G41;Produktion und Montage;2026-08-02;Jobbörse;Jena;2025-02-05;2025-08-07;2027-02-05;Erstgespräch geführt
BW-01525;Lang, Holger;1989-03-28;99310;Arnstadt;0163 1257933;holger.lang@mailbox.org;Holzmechaniker Möbelbau, Höhentauglichkeit G41;Tischlerei und Holz;2026-08-07;Initiativbewerbung;Erfurt;2026-05-07;2026-07-05;2028-05-07;Im Pool
BW-01526;Schmitt, Denise;1978-11-11;99817;Eisenach;0152 7783644;denise.schmitt@web.de;Elektroinstallateur, Baustelleneinsatz, Führerschein B;Elektro;2026-07-02;Bundesagentur für Arbeit;Gotha;2026-07-02;2026-07-10;2028-07-02;Neu
BW-01527;Sommer, Marco;1964-02-17;99094;Erfurt;0361 617009;marco.sommer@web.de;Metallbauer Konstruktionstechnik, Führerschein B;Metallbau und Schweißen;2026-08-14;Jobbörse;Erfurt;2026-06-17;2026-08-03;2029-06-17;Im Pool
BW-01528;Zimmermann, Petra;1972-02-26;99867;Gotha;03621 718148;petra.zimmermann@outlook.de;Industriemechaniker Instandhaltung;Metallbau und Schweißen;2026-06-28;Empfehlung;Gotha;2026-05-29;2026-07-30;2028-05-29;Im Pool
BW-01529;Vogel, Anke;1996-04-17;07546;Gera;0365 367266;anke.vogel@mailbox.org;Technischer Zeichner, AutoCAD;Technische Fachkraft;2026-06-08;Jobbörse;Gera;2024-12-26;2026-05-09;2027-12-26;Im Pool
BW-01530;Vogt, Birgit;1997-08-03;07768;Kahla;03641 268570;birgit.vogt@web.de;Buchbinder, Weiterverarbeitung, Deutsch B2;Druck und Verpackung;2026-10-28;Jobbörse;Jena;2025-10-02;2025-11-24;2027-10-02;Vermittelt
BW-01531;Scholz, Rene;2001-06-03;99867;Gotha;0157 7890643;rene.scholz@mailbox.org;Lagerfachkraft, Wareneingang;Lager und Logistik;2027-01-07;Jobbörse;Gotha;2026-04-25;2026-06-27;2028-04-25;Vermittelt
BW-01532;Nowak, Beate;1995-09-03;99867;Gotha;03621 394106;beate.nowak@mailbox.org;CNC-Fachkraft, Programmierkenntnisse, Kranschein;CNC-Zerspanung;2026-08-27;Jobbörse;Gotha;2024-11-26;2025-02-03;2027-11-26;Abgelehnt
BW-01533;Martin, Erik;1997-02-05;99817;Eisenach;0170 4782776;erik.martin@web.de;Lagerhelfer, Staplerschein, Führerschein B;Lager und Logistik;2026-06-25;Empfehlung;Gotha;2024-12-08;2025-02-02;2026-12-08;Im Pool
BW-01534;Schmitz, Christin;1994-09-20;99610;Sömmerda;0361 810892;christin.schmitz@freenet.de;Kommissionierer, Scannererfahrung;Lager und Logistik;2026-05-20;Jobbörse;Erfurt;2025-02-26;2025-06-23;2027-02-26;Abgelehnt
BW-01535;Bergmann, Torsten;1965-09-02;99734;Nordhausen;0160 6235997;torsten.bergmann@outlook.de;Metallbauer Konstruktionstechnik, Kranschein;Metallbau und Schweißen;2026-05-21;Empfehlung;Heilbad Heiligenstadt;2026-02-18;2026-02-26;2028-02-18;Erstgespräch geführt
BW-01536;Herrmann, Björn;1992-07-22;99086;Erfurt;0361 340062;bjoern.herrmann@googlemail.com;Maschinen- und Anlagenführer;Produktion und Montage;2026-09-05;Jobbörse;Erfurt;2025-05-26;2026-06-22;2028-05-26;Im Pool
BW-01537;Sauer, Frank;1996-08-17;99974;Mühlhausen;03606 598693;frank.sauer@web.de;Montagehelfer Serienfertigung, Höhentauglichkeit G41;Produktion und Montage;2026-06-16;Anzeige Website;Heilbad Heiligenstadt;2025-08-31;2026-04-13;2028-08-31;Im Pool
BW-01538;Winter, Beate;1976-07-06;99817;Eisenach;0151 1386529;beate.winter@mailbox.org;CNC-Fräser, Heidenhain TNC, Höhentauglichkeit G41;CNC-Zerspanung;2026-06-06;Multiposting-Portal;Gotha;2025-02-24;2026-07-13;2027-02-24;Im Pool
BW-01539;Köhler, Dennis;1971-05-18;99510;Apolda;0361 338692;dennis.koehler@t-online.de;Sachbearbeitung Auftragsabwicklung, SAP, Führerschein B;Kaufmännische Sachbearbeitung;2026-07-22;Jobbörse;Erfurt;2026-01-03;2026-04-30;2029-01-03;Abgelehnt
BW-01540;Voigt, Beate;1989-09-08;99867;Gotha;0176 9601663;beate.voigt@freenet.de;Schlosser, Montageerfahrung, Staplerschein;Metallbau und Schweißen;2026-06-15;Empfehlung;Gotha;2026-01-04;2026-04-20;2028-01-04;Im Pool
BW-01541;Wagner, Jörg;1999-05-08;99867;Gotha;03621 750713;joerg.wagner@web.de;Produktionsmitarbeiter, Anlernkraft, Reinraumerfahrung;Produktion und Montage;2026-07-16;Anzeige Website;Gotha;2025-05-10;2025-12-03;2028-05-10;Im Pool
BW-01542;Jung, Claudia;1985-10-22;99084;Erfurt;0170 1807579;claudia.jung@web.de;Montagehelfer Serienfertigung, Schichtbereitschaft;Produktion und Montage;2026-08-04;Anzeige Website;Erfurt;2025-08-24;2025-09-25;2028-08-24;Im Pool
BW-01543;Winkler, Maik;1984-10-17;07973;Greiz;0178 4393456;maik.winkler@googlemail.com;CNC-Fachkraft, Programmierkenntnisse;CNC-Zerspanung;2027-05-04;Initiativbewerbung;Gera;2024-12-31;2025-01-15;2026-12-31;Vermittelt
BW-01544;Becker, Andreas;1996-01-08;99084;Erfurt;0361 609282;andreas.becker@t-online.de;Kommissionierer, Scannererfahrung;Lager und Logistik;2026-08-14;Multiposting-Portal;Erfurt;2026-06-23;2026-06-30;2028-06-23;Abgelehnt
BW-01545;Weber, Silvio;1995-12-08;07768;Kahla;03641 855634;silvio.weber@t-online.de;Produktionshelfer, 3-Schicht, Reinraumerfahrung;Produktion und Montage;2027-01-13;Bundesagentur für Arbeit;Jena;2024-12-17;2025-10-15;2026-12-17;Vermittelt
BW-01546;Schuster, Lars;1988-11-05;07973;Greiz;0365 890335;lars.schuster@mailbox.org;Versandmitarbeiter, Staplerschein;Lager und Logistik;2026-08-18;Jobbörse;Gera;2026-07-16;2026-07-21;2029-07-16;Kein Interesse
BW-01547;Achtelik, Kathrin;1974-03-16;07747;Jena;03641 898327;kathrin.achtelik@gmx.de;Montagehelfer Serienfertigung, Montagebereitschaft;Produktion und Montage;2026-07-30;Anzeige Website;Jena;2025-08-31;2026-03-20;2027-08-31;Im Pool
BW-01548;Richter, Andrea;1966-11-25;07549;Gera;0163 6525108;andrea.richter@gmx.de;Holzmechaniker Möbelbau;Tischlerei und Holz;2026-07-31;Bundesagentur für Arbeit;Gera;2025-09-14;2026-01-02;2027-09-14;Kein Interesse
BW-01549;Wagner, Kathrin;1974-09-20;99880;Waltershausen;0160 1407351;kathrin.wagner@mailbox.org;Maschinenführer Verpackungslinie, Kranschein;Druck und Verpackung;2026-06-20;Jobbörse;Gotha;2026-05-20;2026-07-08;2029-05-20;Im Pool
BW-01550;Martin, Matthias;1984-12-11;99310;Arnstadt;0361 609287;matthias.martin@freenet.de;Schweißer MAG 135, Prüfung gültig;Metallbau und Schweißen;2026-06-18;Initiativbewerbung;Erfurt;2025-10-28;2026-06-18;2027-10-28;Erstgespräch geführt
BW-01551;Brandt, Silvio;2007-11-11;07548;Gera;0365 283447;silvio.brandt@googlemail.com;Holzmechaniker Möbelbau, Führerschein B;Tischlerei und Holz;2026-07-26;Bundesagentur für Arbeit;Gera;2026-06-17;2026-07-11;2028-06-17;Im Pool
BW-01552;Ludwig, Vanessa;2004-11-03;99084;Erfurt;0361 300026;vanessa.ludwig@gmx.de;Offsetdrucker, Bogenoffset, Schichtbereitschaft;Druck und Verpackung;2027-03-29;Jobbörse;Erfurt;2026-04-19;2026-06-24;2028-04-19;Vermittelt
BW-01553;Krause, Beate;1968-12-06;39418;Staßfurt;0177 6709703;beate.krause@t-online.de;Druckhelfer, Nachtschicht;Druck und Verpackung;2027-04-07;Multiposting-Portal;Aschersleben;2026-01-05;2026-08-22;2028-01-05;Im Einsatz
BW-01554;Friedrich, Matthias;1999-05-15;99817;Eisenach;03621 515124;matthias.friedrich@mailbox.org;Bilanzbuchhalter, Abschlusssicher;Buchhaltung;2026-08-15;Multiposting-Portal;Gotha;2026-01-06;2026-04-04;2029-01-06;Erstgespräch geführt
BW-01555;Hartmann, Patrick;2007-09-25;99885;Ohrdruf;0171 9184788;patrick.hartmann@outlook.de;Buchbinder, Weiterverarbeitung, Führerschein B;Druck und Verpackung;2026-05-13;Jobbörse;Gotha;2026-01-07;2026-01-13;2028-01-07;Erstgespräch geführt
BW-01556;Graf, Ronny;1966-09-23;99817;Eisenach;03621 280512;ronny.graf@gmx.de;Mechatroniker Instandhaltung;Elektro;2027-03-03;Jobbörse;Gotha;2026-01-08;2026-07-11;2028-01-08;Im Einsatz
BW-01557;Arnold, Uwe;1989-03-25;99947;Bad Langensalza;03621 366407;uwe.arnold@t-online.de;Buchbinder, Weiterverarbeitung;Druck und Verpackung;2026-06-13;Multiposting-Portal;Gotha;2026-01-09;2026-03-04;2029-01-09;Erstgespräch geführt
BW-01558;Albrecht, Torsten;1989-04-14;99867;Gotha;03621 236638;torsten.albrecht@freenet.de;Sachbearbeitung Einkauf;Kaufmännische Sachbearbeitung;2026-09-03;Initiativbewerbung;Gotha;2026-06-24;2026-08-15;2028-06-24;Im Pool
BW-01559;Neumann, Maria;2000-01-17;07646;Stadtroda;0171 9213177;maria.neumann@freenet.de;Versandmitarbeiter, Staplerschein, Schichtbereitschaft;Lager und Logistik;2026-12-17;Jobbörse;Jena;2024-12-31;2025-06-04;2026-12-31;Vermittelt
BW-01560;Schuster, Franziska;1994-04-19;37351;Dingelstädt;0177 1287962;franziska.schuster@googlemail.com;Schweißer WIG 141;Metallbau und Schweißen;2027-01-01;Anzeige Website;Heilbad Heiligenstadt;2026-06-16;2026-06-18;2029-06-16;Im Einsatz
BW-01561;Beck, Stefan;2006-04-20;99097;Erfurt;0361 524422;stefan.beck@googlemail.com;Tischler, CNC-Bearbeitungszentrum;Tischlerei und Holz;2026-06-01;Jobbörse;Erfurt;2025-01-20;2025-06-28;2028-01-20;Kein Interesse
BW-01562;Ziegler, Alexander;1997-12-27;99310;Arnstadt;0361 880486;alexander.ziegler@googlemail.com;Elektrohelfer, Schaltschrankbau;Elektro;2026-08-25;Jobbörse;Erfurt;2024-12-14;2026-06-26;2027-12-14;Nicht erreichbar
BW-01563;Schäfer, Toni;1998-07-15;07381;Pößneck;0160 8647318;toni.schaefer@googlemail.com;Produktionshelfer, 3-Schicht;Produktion und Montage;2026-10-18;Jobbörse;Gera;2025-11-11;2026-07-29;2027-11-11;Im Einsatz
BW-01564;Scholz, Christin;1966-10-21;07545;Gera;0365 409131;christin.scholz@freenet.de;Konstruktionsmechaniker;Metallbau und Schweißen;2026-09-02;Empfehlung;Gera;2025-08-18;2026-01-10;2028-08-18;Im Pool
BW-01565;Schäfer, Nicole;1984-09-18;99974;Mühlhausen;03606 702566;nicole.schaefer@web.de;Maschinen- und Anlagenführer, Montagebereitschaft;Produktion und Montage;2026-09-02;Jobbörse;Heilbad Heiligenstadt;2025-08-06;2026-03-21;2027-08-06;Im Pool
BW-01566;Sommer, Thomas;2007-01-20;99734;Nordhausen;03606 963447;thomas.sommer@outlook.de;Montagehelfer Serienfertigung;Produktion und Montage;2026-08-15;Anzeige Website;Heilbad Heiligenstadt;2026-08-15;2026-08-27;2029-08-15;Erstgespräch geführt
BW-01567;Kuhn, Susanne;1994-02-24;99094;Erfurt;0361 285247;susanne.kuhn@freenet.de;Industriemechaniker Instandhaltung, Höhentauglichkeit G41;Metallbau und Schweißen;2026-07-17;Anzeige Website;Erfurt;2026-07-17;2026-08-17;2028-07-17;Im Pool
BW-01568;Schneider, Marvin;1963-02-21;99610;Sömmerda;0160 3257664;marvin.schneider@web.de;CNC-Fräser, Heidenhain TNC;CNC-Zerspanung;2026-06-02;Multiposting-Portal;Erfurt;2026-04-21;2026-06-24;2028-04-21;Im Pool
BW-01569;Otto, Patrick;1987-12-25;07548;Gera;0365 262695;patrick.otto@googlemail.com;Elektroniker Energie- und Gebäudetechnik, Staplerschein;Elektro;2026-06-20;Empfehlung;Gera;2026-06-20;2026-08-17;2029-06-20;Neu
BW-01570;Schneider, Falk;1977-12-27;07318;Saalfeld;03641 390865;falk.schneider@mailbox.org;Druckhelfer, Nachtschicht;Druck und Verpackung;2026-06-14;Multiposting-Portal;Jena;2026-03-29;2026-08-13;2028-03-29;Abgelehnt
BW-01571;Seidel, Björn;1970-09-05;99086;Erfurt;0361 957236;bjoern.seidel@mailbox.org;Metallbauer Konstruktionstechnik;Metallbau und Schweißen;2026-06-18;Multiposting-Portal;Erfurt;2025-10-18;2026-04-20;2027-10-18;Nicht erreichbar
BW-01572;Walter, Mario;1963-11-14;99947;Bad Langensalza;0176 9418041;mario.walter@t-online.de;CNC-Fachkraft, Programmierkenntnisse;CNC-Zerspanung;2026-06-09;Anzeige Website;Gotha;2025-07-02;2025-09-11;2027-07-02;Im Pool
BW-01573;Ritschel, Dirk;2004-03-18;99084;Erfurt;0361 827333;dirk.ritschel@freenet.de;Zerspanungsmechaniker, Drehtechnik;CNC-Zerspanung;2026-07-21;Multiposting-Portal;Erfurt;2025-07-12;2025-07-24;2027-07-12;Erstgespräch geführt
BW-01574;Seidel, Jana;1971-08-24;07747;Jena;0177 3276521;jana.seidel@t-online.de;Technischer Produktdesigner, Inventor, Kranschein;Technische Fachkraft;2026-05-14;Multiposting-Portal;Jena;2025-11-02;2026-07-31;2028-11-02;Kein Interesse
BW-01575;Pfeiffer, Jörg;1989-07-06;99084;Erfurt;0361 239589;joerg.pfeiffer@freenet.de;Verpackungsmitarbeiter, Akkordbereitschaft, Schichtbereitschaft;Druck und Verpackung;2026-05-25;Bundesagentur für Arbeit;Erfurt;2025-05-18;2025-10-08;2027-05-18;Abgelehnt
BW-01576;Otto, Andrea;1979-06-05;99310;Arnstadt;0151 8509311;andrea.otto@outlook.de;Maschinenführer Verpackungslinie;Druck und Verpackung;2026-08-12;Empfehlung;Erfurt;2024-11-17;2026-05-12;2026-11-17;Im Pool
BW-01577;Hartmann, Toni;1985-12-06;98693;Ilmenau;03621 226242;toni.hartmann@t-online.de;Holzmechaniker Möbelbau;Tischlerei und Holz;2026-08-30;Multiposting-Portal;Gotha;2026-06-21;2026-08-31;2029-06-21;Neu
BW-01578;Friedrich, Denise;1978-12-09;07747;Jena;0170 6149121;denise.friedrich@gmx.de;Bürokauffrau, MS Office;Kaufmännische Sachbearbeitung;2026-08-01;Jobbörse;Jena;2024-10-17;2026-01-31;2026-10-17;Neu
BW-01579;Zimmermann, Maik;1972-03-25;99510;Apolda;0361 577969;maik.zimmermann@freenet.de;Finanzbuchhaltung, DATEV;Buchhaltung;2026-07-17;Multiposting-Portal;Erfurt;2025-05-16;2026-02-03;2027-05-16;Kein Interesse
BW-01580;Stein, Lars;1965-11-22;99099;Erfurt;0361 558558;lars.stein@mailbox.org;Lagerfachkraft, Wareneingang, Montagebereitschaft;Lager und Logistik;2026-05-19;Initiativbewerbung;Erfurt;2026-02-01;2026-02-19;2028-02-01;Erstgespräch geführt
BW-01581;Krause, Björn;1994-03-01;07937;Zeulenroda;0365 922783;bjoern.krause@t-online.de;Schweißer WIG 141, Kranschein;Metallbau und Schweißen;2026-09-01;Multiposting-Portal;Gera;2025-03-27;2026-04-21;2027-03-27;Erstgespräch geführt
BW-01582;Ziegenhorn, Falk;2006-05-05;07745;Jena;03641 230784;falk.ziegenhorn@freenet.de;Bilanzbuchhalter, Abschlusssicher, Montagebereitschaft;Buchhaltung;2026-08-28;Jobbörse;Jena;2026-04-01;2026-07-07;2029-04-01;Kein Interesse
BW-01583;Wagner, Patrick;1981-12-06;07747;Jena;03641 953823;patrick.wagner@gmx.de;Medientechnologe Druck;Druck und Verpackung;2026-11-04;Multiposting-Portal;Jena;2025-10-18;2026-05-22;2027-10-18;Im Einsatz
BW-01584;Schreiber, Lena;1983-10-19;37351;Dingelstädt;03606 389302;lena.schreiber@t-online.de;Kundenservice, Telefonie, Führerschein B;Kaufmännische Sachbearbeitung;2026-07-04;Jobbörse;Heilbad Heiligenstadt;2025-06-02;2026-06-22;2027-06-02;Erstgespräch geführt
BW-01585;Weiß, Susanne;1981-06-25;99094;Erfurt;0361 697196;susanne.weiss@t-online.de;Elektroniker Betriebstechnik, Schichtbereitschaft;Elektro;2026-09-08;Bundesagentur für Arbeit;Erfurt;2025-06-21;2025-11-05;2028-06-21;Kein Interesse
BW-01586;Wagner, Uwe;1976-10-04;07973;Greiz;0365 887705;uwe.wagner@mailbox.org;Maschinen- und Anlagenführer;Produktion und Montage;2026-05-30;Jobbörse;Gera;2024-10-19;2025-05-07;2026-10-19;Erstgespräch geführt
BW-01587;Bauer, Lena;2004-08-12;99610;Sömmerda;0361 716932;lena.bauer@freenet.de;Druckhelfer, Nachtschicht, Kranschein;Druck und Verpackung;2026-07-07;Anzeige Website;Erfurt;2025-04-11;2025-07-02;2028-04-11;Im Pool
BW-01588;Wolff, Kathrin;1963-12-15;37351;Dingelstädt;0176 1856728;kathrin.wolff@freenet.de;CNC-Bediener, Rüsterfahrung;CNC-Zerspanung;2026-08-21;Anzeige Website;Heilbad Heiligenstadt;2026-08-21;2026-09-03;2028-08-21;Kein Interesse
BW-01589;Wolf, Enrico;1963-02-08;99867;Gotha;0177 8628428;enrico.wolf@t-online.de;Maschinen- und Anlagenführer;Produktion und Montage;2026-06-03;Anzeige Website;Gotha;2025-03-15;2025-10-29;2028-03-15;Nicht erreichbar
BW-01590;Bergmann, Ralf;1974-06-02;07549;Gera;0176 9400823;ralf.bergmann@googlemail.com;CNC-Dreher, Siemens 840D, Schichtbereitschaft;CNC-Zerspanung;2027-03-27;Empfehlung;Gera;2024-10-29;2026-03-10;2026-10-29;Im Einsatz
BW-01591;Schneider, Ines;2003-02-27;07548;Gera;0365 225443;ines.schneider@mailbox.org;Tischlerhelfer, Oberflächenbearbeitung;Tischlerei und Holz;2026-08-05;Multiposting-Portal;Gera;2025-08-25;2026-06-17;2027-08-25;Kein Interesse
BW-01592;Maier, Christin;1992-11-13;37308;Heilbad Heiligenstadt;03606 536046;christin.maier@gmx.de;Elektroinstallateur, Baustelleneinsatz;Elektro;2026-12-17;Empfehlung;Heilbad Heiligenstadt;2025-08-16;2025-11-25;2027-08-16;Vermittelt
BW-01593;Hoffmann, Maik;1974-02-18;99310;Arnstadt;0361 463899;maik.hoffmann@t-online.de;Fachlagerist, Staplerschein;Lager und Logistik;2026-07-09;Multiposting-Portal;Erfurt;2026-07-09;2026-07-23;2028-07-09;Erstgespräch geführt
BW-01594;Schumacher, Doreen;2002-03-19;99817;Eisenach;03621 296270;doreen.schumacher@t-online.de;Maschinenbediener Kunststoff;Produktion und Montage;2026-05-23;Initiativbewerbung;Gotha;2025-07-12;2026-01-14;2027-07-12;Im Pool
BW-01595;Hofmann, Steffen;1974-05-12;99510;Apolda;0361 374444;steffen.hofmann@gmx.de;Staplerfahrer Schubmast;Lager und Logistik;2026-10-16;Empfehlung;Erfurt;2025-08-04;2026-04-06;2027-08-04;Im Einsatz
BW-01596;Brandt, Nicole;1968-08-27;99089;Erfurt;0176 1202712;nicole.brandt@outlook.de;Zerspanungsmechaniker, Frästechnik;CNC-Zerspanung;2026-09-26;Bundesagentur für Arbeit;Erfurt;2025-09-10;2025-10-19;2028-09-10;Im Einsatz
BW-01597;Pfaff, Patrick;1983-02-14;07743;Jena;0177 1921978;patrick.pfaff@t-online.de;Qualitätsprüfer, Messmittel und Lehren, Schichtbereitschaft;Technische Fachkraft;2026-06-20;Anzeige Website;Jena;2025-12-03;2026-01-30;2027-12-03;Im Pool
BW-01598;Böhm, Lisa;2003-12-28;07743;Jena;03641 968026;lisa.boehm@mailbox.org;Konstruktionsmechaniker;Metallbau und Schweißen;2026-06-14;Anzeige Website;Jena;2025-05-28;2025-06-15;2028-05-28;Im Pool
BW-01599;Becker, Maik;1962-02-08;07549;Gera;0365 460628;maik.becker@freenet.de;Mechatroniker Instandhaltung;Elektro;2026-12-22;Jobbörse;Gera;2026-02-21;2026-04-26;2029-02-21;Im Einsatz
BW-01600;Möller, Andrea;2003-04-18;99099;Erfurt;0361 510561;andrea.moeller@outlook.de;Montagehelfer Serienfertigung;Produktion und Montage;2026-12-19;Jobbörse;Erfurt;2026-04-03;2026-06-13;2028-04-03;Im Einsatz
BW-01601;Schuster, Kevin;2002-02-17;37351;Dingelstädt;03606 232732;kevin.schuster@t-online.de;Finanzbuchhaltung, DATEV;Buchhaltung;2026-07-16;Jobbörse;Heilbad Heiligenstadt;2025-04-09;2025-07-26;2027-04-09;Nicht erreichbar
BW-01602;Engel, Beate;1983-12-28;98693;Ilmenau;03621 852033;beate.engel@googlemail.com;Lagerfachkraft, Wareneingang;Lager und Logistik;2026-05-13;Multiposting-Portal;Gotha;2025-08-31;2025-10-14;2027-08-31;Erstgespräch geführt
BW-01603;Jung, Jörg;1983-08-17;07318;Saalfeld;03641 517260;joerg.jung@gmx.de;Helfer Kunststoffverarbeitung;Produktion und Montage;2026-06-11;Anzeige Website;Jena;2025-11-28;2026-03-29;2027-11-28;Im Pool
BW-01604;Vollmer, Claudia;1980-05-12;99867;Gotha;03621 333915;claudia.vollmer@freenet.de;Maschinenführer Verpackungslinie;Druck und Verpackung;2026-06-20;Karrieremesse;Gotha;2026-03-08;2026-09-05;2028-03-08;Kein Interesse
BW-01605;Hofmann, Michael;2007-07-25;99734;Nordhausen;03606 228318;michael.hofmann@mailbox.org;Kommissionierer, Scannererfahrung;Lager und Logistik;2026-08-21;Multiposting-Portal;Heilbad Heiligenstadt;2026-04-03;2026-07-16;2028-04-03;Im Pool
BW-01606;Kraus, Rene;2003-05-27;07549;Gera;0365 597196;rene.kraus@web.de;Maschinen- und Anlagenführer, Staplerschein;Produktion und Montage;2026-08-28;Jobbörse;Gera;2025-01-05;2025-03-14;2027-01-05;Im Pool
BW-01607;Kuhn, Frank;2000-03-08;99510;Apolda;0151 8032620;frank.kuhn@outlook.de;Elektroniker Betriebstechnik;Elektro;2026-07-21;Anzeige Website;Erfurt;2026-07-21;2026-09-04;2028-07-21;Im Pool
BW-01608;Krause, Susanne;1988-05-21;99427;Weimar;0361 513989;susanne.krause@gmx.de;Lagerfachkraft, Wareneingang;Lager und Logistik;2026-08-27;Empfehlung;Erfurt;2026-06-04;2026-08-27;2028-06-04;Im Pool
BW-01609;Baumann, Ronny;1979-01-02;99974;Mühlhausen;0151 7773910;ronny.baumann@googlemail.com;Montagehelfer Serienfertigung;Produktion und Montage;2026-08-30;Initiativbewerbung;Heilbad Heiligenstadt;2025-01-23;2026-02-09;2027-01-23;Im Pool
BW-01610;Walter, Uwe;1964-12-26;99085;Erfurt;0361 327247;uwe.walter@mailbox.org;Zerspanungsmechaniker, Frästechnik, Höhentauglichkeit G41;CNC-Zerspanung;2026-05-31;Jobbörse;Erfurt;2025-06-12;2026-02-04;2027-06-12;Abgelehnt
BW-01611;Sommer, Alexander;1990-11-11;07745;Jena;03641 703331;alexander.sommer@t-online.de;Staplerfahrer Schubmast, Reinraumerfahrung;Lager und Logistik;2026-09-04;Initiativbewerbung;Jena;2020-11-21;2026-06-30;2028-06-30;Im Pool
BW-01612;Roth, Robert;1965-08-21;99423;Weimar;0361 991347;robert.roth@t-online.de;Versandmitarbeiter, Staplerschein;Lager und Logistik;2026-05-23;Initiativbewerbung;Erfurt;2025-09-19;2026-08-12;2027-09-19;Im Pool
BW-01613;Hoffmann, Diana;2007-04-23;99084;Erfurt;0361 572939;diana.hoffmann@web.de;Maschinen- und Anlagenführer, Schichtbereitschaft;Produktion und Montage;2027-04-11;Jobbörse;Erfurt;2025-07-21;2025-10-22;2028-07-21;Vermittelt
BW-01614;Simon, Enrico;1998-06-25;99085;Erfurt;0152 8294887;enrico.simon@t-online.de;Kundenservice, Telefonie;Kaufmännische Sachbearbeitung;2026-06-28;Initiativbewerbung;Erfurt;2025-03-06;2025-10-17;2028-03-06;Im Pool
BW-01615;Seidel, Matthias;1994-02-13;07318;Saalfeld;03641 884187;matthias.seidel@freenet.de;Zerspanungsmechaniker, Frästechnik;CNC-Zerspanung;2026-07-23;Karrieremesse;Jena;2025-04-04;2026-06-18;2028-04-04;Neu
BW-01616;Vogt, Katrin;1995-03-18;07580;Ronneburg;0171 3037985;katrin.vogt@freenet.de;Elektroinstallateur, Baustelleneinsatz, Kranschein;Elektro;2026-09-05;Bundesagentur für Arbeit;Gera;2026-09-05;2026-09-06;2028-09-05;Im Pool
BW-01617;Werner, Diana;1963-01-17;99974;Mühlhausen;03606 513090;diana.werner@googlemail.com;Montagehelfer Serienfertigung;Produktion und Montage;2026-06-13;Jobbörse;Heilbad Heiligenstadt;2024-12-15;2025-05-27;2026-12-15;Abgelehnt
BW-01618;Becker, Falk;1995-06-08;99310;Arnstadt;0361 943857;falk.becker@outlook.de;Tischlerhelfer, Oberflächenbearbeitung, Schichtbereitschaft;Tischlerei und Holz;2027-03-09;Anzeige Website;Erfurt;2024-12-25;2026-01-26;2027-12-25;Vermittelt
BW-01619;Wagner, Robert;1982-11-19;99817;Eisenach;03621 670685;robert.wagner@gmx.de;Zerspanungsmechaniker, Drehtechnik;CNC-Zerspanung;2026-06-28;Jobbörse;Gotha;2024-11-13;2026-02-05;2026-11-13;Abgelehnt
BW-01620;Werner, Katrin;1975-05-01;99867;Gotha;0176 1461532;katrin.werner@gmx.de;Maschinenführer Verpackungslinie;Druck und Verpackung;2027-04-10;Initiativbewerbung;Gotha;2025-09-08;2025-12-25;2027-09-08;Vermittelt
BW-01621;Hofmann, Holger;1993-09-24;07407;Rudolstadt;03641 782685;holger.hofmann@t-online.de;Mechatroniker Instandhaltung;Elektro;2026-06-06;Anzeige Website;Jena;2025-08-10;2026-04-14;2027-08-10;Im Pool
BW-01622;Neumann, Carolin;1992-09-16;99423;Weimar;0361 363972;carolin.neumann@freenet.de;Staplerfahrer Schubmast, Schichtbereitschaft;Lager und Logistik;2026-07-30;Jobbörse;Erfurt;2026-07-30;2026-08-22;2029-07-30;Im Pool
BW-01623;Vogel, Lars;1998-04-13;99086;Erfurt;0361 280733;lars.vogel@freenet.de;Bautischler, Montage;Tischlerei und Holz;2026-12-18;Multiposting-Portal;Erfurt;2025-06-26;2026-02-24;2027-06-26;Vermittelt
BW-01624;Vogel, Andreas;1994-01-17;07747;Jena;0171 9360939;andreas.vogel@web.de;Produktionsmitarbeiter, Anlernkraft;Produktion und Montage;2026-07-18;Empfehlung;Jena;2026-03-05;2026-06-16;2028-03-05;Kein Interesse
BW-01625;Pfeiffer, Elke;1972-08-07;99817;Eisenach;03621 965701;elke.pfeiffer@googlemail.com;Bürokauffrau, MS Office, Schichtbereitschaft;Kaufmännische Sachbearbeitung;2027-04-09;Empfehlung;Gotha;2025-01-23;2025-11-15;2027-01-23;Im Einsatz
BW-01626;Müller, Hendrik;1973-12-03;07580;Ronneburg;0365 426025;hendrik.mueller@gmx.de;Bilanzbuchhalter, Abschlusssicher, Höhentauglichkeit G41;Buchhaltung;2027-02-01;Karrieremesse;Gera;2025-06-29;2026-02-13;2027-06-29;Im Einsatz
BW-01627;Krause, Nico;1976-07-02;07745;Jena;0157 7408548;nico.krause@web.de;CNC-Dreher, Siemens 840D, Montagebereitschaft;CNC-Zerspanung;2026-07-27;Empfehlung;Jena;2026-07-27;2026-08-28;2029-07-27;Im Pool
BW-01628;Martin, Lisa;1993-08-23;07407;Rudolstadt;0170 7298697;lisa.martin@t-online.de;Produktionshelfer, 3-Schicht, Führerschein B;Produktion und Montage;2026-09-03;Multiposting-Portal;Jena;2025-06-14;2026-02-21;2028-06-14;Im Pool
BW-01629;Richter, Robert;1979-08-25;99099;Erfurt;0361 697684;robert.richter@mailbox.org;Maschinen- und Anlagenführer;Produktion und Montage;2026-07-09;Jobbörse;Erfurt;2025-01-19;2026-05-26;2028-01-19;Im Pool
BW-01630;Stein, Vanessa;2000-02-06;07545;Gera;0171 5113839;vanessa.stein@mailbox.org;Kommissionierer, Scannererfahrung, Reinraumerfahrung;Lager und Logistik;2026-09-04;Anzeige Website;Gera;2025-02-26;2025-05-03;2028-02-26;Kein Interesse
BW-01631;Schulz, Ralf;1987-11-23;99867;Gotha;03621 561820;ralf.schulz@mailbox.org;Elektroinstallateur, Baustelleneinsatz;Elektro;2026-06-01;Bundesagentur für Arbeit;Gotha;2025-12-01;2026-08-24;2027-12-01;Nicht erreichbar
BW-01632;Vollmer, Stefan;2000-01-09;98693;Ilmenau;03621 234879;stefan.vollmer@web.de;Maschinen- und Anlagenführer;Produktion und Montage;2026-07-29;Multiposting-Portal;Gotha;2025-09-06;2026-07-23;2027-09-06;Abgelehnt
BW-01633;Lange, Dirk;2000-08-22;99734;Nordhausen;0171 3004092;dirk.lange@mailbox.org;CNC-Fräser, Heidenhain TNC;CNC-Zerspanung;2026-10-27;Jobbörse;Heilbad Heiligenstadt;2026-04-05;2026-05-30;2028-04-05;Im Einsatz
BW-01634;Schneider, Sebastian;1990-06-12;99427;Weimar;0176 3934541;sebastian.schneider@outlook.de;Lagerfachkraft, Wareneingang;Lager und Logistik;2026-06-25;Jobbörse;Erfurt;2025-03-31;2026-08-07;2027-03-31;Erstgespräch geführt
BW-01635;Sauer, Andrea;1999-04-06;07381;Pößneck;0160 5078972;andrea.sauer@mailbox.org;Zerspanungsmechaniker, Frästechnik, Montagebereitschaft;CNC-Zerspanung;2026-08-14;Initiativbewerbung;Gera;2026-03-28;2026-05-26;2029-03-28;Abgelehnt
BW-01636;Wolff, Björn;2007-09-28;99423;Weimar;0160 3246802;bjoern.wolff@googlemail.com;Fertigungsplaner, REFA-Grundschein;Technische Fachkraft;2026-07-31;Karrieremesse;Erfurt;2026-07-31;2026-08-15;2029-07-31;Im Pool
BW-01637;Horn, Yvonne;1962-03-01;99097;Erfurt;0361 343787;yvonne.horn@gmx.de;Industriemechaniker Instandhaltung, Führerschein B;Metallbau und Schweißen;2026-08-20;Jobbörse;Erfurt;2026-07-31;2026-08-18;2028-07-31;Abgelehnt
BW-01638;Krause, Nico;1993-02-20;99510;Apolda;0151 4379484;nico.krause@googlemail.com;Bürokauffrau, MS Office, Staplerschein;Kaufmännische Sachbearbeitung;2026-06-28;Initiativbewerbung;Erfurt;2026-06-03;2026-08-21;2029-06-03;Abgelehnt
BW-01639;Müller, Silke;1987-12-10;07318;Saalfeld;0157 5394987;silke.mueller@t-online.de;CNC-Dreher, Siemens 840D, Staplerschein;CNC-Zerspanung;2026-10-08;Anzeige Website;Jena;2025-08-09;2025-11-05;2027-08-09;Im Einsatz
BW-01640;König, Mario;2004-03-06;99097;Erfurt;0152 7443045;mario.koenig@web.de;Fertigungsplaner, REFA-Grundschein;Technische Fachkraft;2026-08-09;Multiposting-Portal;Erfurt;2026-02-14;2026-07-04;2028-02-14;Abgelehnt
BW-01641;Zimmermann, Steffen;1996-06-04;07549;Gera;0365 971275;steffen.zimmermann@freenet.de;Zerspanungsmechaniker, Drehtechnik;CNC-Zerspanung;2026-07-24;Multiposting-Portal;Gera;2026-07-24;2026-08-19;2029-07-24;Im Pool
BW-01642;Horn, Robert;1971-06-03;07973;Greiz;0365 500603;robert.horn@googlemail.com;Kreditorenbuchhaltung, SAP FI;Buchhaltung;2026-08-10;Anzeige Website;Gera;2026-04-27;2026-09-03;2029-04-27;Abgelehnt
BW-01643;Pfaff, Julia;1972-08-24;99510;Apolda;0170 3652653;julia.pfaff@t-online.de;Versandmitarbeiter, Staplerschein;Lager und Logistik;2026-08-11;Bundesagentur für Arbeit;Erfurt;2025-01-20;2026-07-21;2028-01-20;Neu
BW-01644;Fuchs, Ralf;1986-04-19;99734;Nordhausen;03606 638122;ralf.fuchs@freenet.de;Medientechnologe Druck, Deutsch B2;Druck und Verpackung;2026-06-14;Jobbörse;Heilbad Heiligenstadt;2025-03-02;2025-11-14;2027-03-02;Erstgespräch geführt
BW-01645;Wagner, Anja;1999-06-01;07743;Jena;03641 742053;anja.wagner@freenet.de;CNC-Fachkraft, Programmierkenntnisse, Deutsch B2;CNC-Zerspanung;2026-09-02;Anzeige Website;Jena;2026-09-02;2026-09-04;2029-09-02;Im Pool
BW-01646;Kuhn, Jana;1985-08-20;99084;Erfurt;0151 6482947;jana.kuhn@gmx.de;Elektroniker Betriebstechnik, Schichtbereitschaft;Elektro;2026-08-24;Jobbörse;Erfurt;2025-08-31;2026-02-22;2027-08-31;Im Pool
BW-01647;Nowak, Christian;1971-08-27;07749;Jena;03641 385529;christian.nowak@gmx.de;Lagerfachkraft, Wareneingang, Kranschein;Lager und Logistik;2027-01-03;Anzeige Website;Jena;2025-05-22;2025-08-06;2027-05-22;Vermittelt
BW-01648;Steinbrück, Vanessa;1978-01-18;07646;Stadtroda;03641 360645;vanessa.steinbrueck@gmx.de;Fachlagerist, Staplerschein;Lager und Logistik;2026-10-05;Initiativbewerbung;Jena;2025-11-11;2026-08-25;2027-11-11;Im Einsatz
BW-01649;Grunewald, Ronny;1968-05-15;99094;Erfurt;0361 983724;ronny.grunewald@gmx.de;Druckhelfer, Nachtschicht, Reinraumerfahrung;Druck und Verpackung;2026-08-31;Anzeige Website;Erfurt;2025-02-28;2026-05-04;2028-02-28;Neu
BW-01650;Graf, Holger;2003-06-08;37308;Heilbad Heiligenstadt;03606 638568;holger.graf@t-online.de;Druckhelfer, Nachtschicht;Druck und Verpackung;2026-07-31;Multiposting-Portal;Heilbad Heiligenstadt;2026-07-31;2026-08-11;2029-07-31;Im Pool
BW-01651;Bergmann, Stefan;1986-02-04;07318;Saalfeld;03641 918831;stefan.bergmann@googlemail.com;Maschinen- und Anlagenführer, Deutsch B2;Produktion und Montage;2026-06-23;Empfehlung;Jena;2026-06-23;2026-06-23;2029-06-23;Abgelehnt
BW-01652;Rehberg, Julia;1990-11-25;07548;Gera;0178 4609517;julia.rehberg@googlemail.com;Maschinen- und Anlagenführer;Produktion und Montage;2026-07-31;Jobbörse;Gera;2024-10-20;2025-08-30;2026-10-20;Neu
BW-01653;Seidel, Jörg;2001-05-08;99817;Eisenach;03621 705884;joerg.seidel@t-online.de;Schweißer WIG 141;Metallbau und Schweißen;2026-06-11;Empfehlung;Gotha;2025-11-11;2026-07-25;2027-11-11;Kein Interesse
BW-01654;Fischer, Alexander;1985-01-04;99867;Gotha;03621 536658;alexander.fischer@t-online.de;Industriemechaniker Instandhaltung;Metallbau und Schweißen;2027-03-21;Multiposting-Portal;Gotha;2025-05-13;2025-05-16;2027-05-13;Vermittelt
BW-01655;Weiß, Melanie;1993-01-01;07549;Gera;0365 964727;melanie.weiss@mailbox.org;Sachbearbeitung Auftragsabwicklung, SAP;Kaufmännische Sachbearbeitung;2026-09-03;Empfehlung;Gera;2026-03-18;2026-06-23;2028-03-18;Im Pool
BW-01656;Neumann, Uwe;1998-02-27;07545;Gera;0365 954373;uwe.neumann@t-online.de;Bürokauffrau, MS Office;Kaufmännische Sachbearbeitung;2026-10-05;Multiposting-Portal;Gera;2024-12-28;2025-08-24;2026-12-28;Im Einsatz
BW-01657;Albrecht, Sebastian;1975-11-03;07407;Rudolstadt;0152 9739263;sebastian.albrecht@freenet.de;CNC-Dreher, Siemens 840D, Kranschein;CNC-Zerspanung;2026-08-10;Jobbörse;Jena;2026-08-10;2026-09-04;2028-08-10;Im Pool
BW-01658;Ludwig, Birgit;2005-05-06;99867;Gotha;0177 5155179;birgit.ludwig@googlemail.com;Kundenservice, Telefonie, Deutsch B2;Kaufmännische Sachbearbeitung;2026-06-03;Empfehlung;Gotha;2025-05-20;2025-06-03;2028-05-20;Im Pool
BW-01659;Krüger, Heike;1974-03-06;07745;Jena;0171 2210613;heike.krueger@mailbox.org;Konstruktionsmechaniker;Metallbau und Schweißen;2026-08-09;Multiposting-Portal;Jena;2025-03-31;2026-07-26;2027-03-31;Im Pool
BW-01660;Schäfer, Sabine;1993-07-09;98693;Ilmenau;03621 564978;sabine.schaefer@mailbox.org;Buchbinder, Weiterverarbeitung, Staplerschein;Druck und Verpackung;2027-04-24;Jobbörse;Gotha;2026-05-14;2026-07-20;2028-05-14;Im Einsatz
BW-01661;Groß, Jana;2006-04-27;07548;Gera;0178 8720382;jana.gross@outlook.de;Sachbearbeitung Auftragsabwicklung, SAP;Kaufmännische Sachbearbeitung;2026-05-28;Jobbörse;Gera;2026-04-05;2026-04-24;2029-04-05;Abgelehnt
BW-01662;Hartmann, Ramona;1986-02-10;07407;Rudolstadt;03641 750085;ramona.hartmann@gmx.de;Maschinenführer Verpackungslinie, Kranschein;Druck und Verpackung;2026-06-12;Bundesagentur für Arbeit;Jena;2025-07-23;2026-03-24;2027-07-23;Abgelehnt
BW-01663;Schröder, Jens;1967-08-16;07549;Gera;0365 523198;jens.schroeder@gmx.de;Lohnbuchhaltung, Tarifkenntnisse;Buchhaltung;2027-01-09;Jobbörse;Gera;2026-06-03;2026-08-02;2029-06-03;Im Einsatz
BW-01664;Kloß, Jana;2002-04-13;99610;Sömmerda;0157 9752138;jana.kloss@googlemail.com;Montagehelfer Serienfertigung;Produktion und Montage;2026-06-03;Multiposting-Portal;Erfurt;2025-11-26;2025-12-22;2028-11-26;Abgelehnt
BW-01665;Kraus, Melanie;1995-07-17;99089;Erfurt;0152 5735599;melanie.kraus@outlook.de;Metallbauer Konstruktionstechnik, Deutsch B2;Metallbau und Schweißen;2026-07-22;Multiposting-Portal;Erfurt;2025-10-02;2025-10-19;2027-10-02;Im Pool
BW-01666;Winter, Ronny;1987-10-24;07743;Jena;0171 5379258;ronny.winter@web.de;Konstruktionsmechaniker;Metallbau und Schweißen;2026-07-31;Initiativbewerbung;Jena;2026-07-16;2026-08-01;2029-07-16;Neu
BW-01667;Lehmann, Daniel;1972-01-26;07747;Jena;03641 709491;daniel.lehmann@web.de;Produktionshelfer, 3-Schicht, Montagebereitschaft;Produktion und Montage;2026-08-20;Jobbörse;Jena;2025-06-25;2026-08-14;2027-06-25;Im Pool
BW-01668;Krause, Hendrik;1990-09-01;07743;Jena;03641 384155;hendrik.krause@t-online.de;Industriemechaniker Instandhaltung;Metallbau und Schweißen;2026-10-04;Multiposting-Portal;Jena;2024-12-15;2025-06-24;2026-12-15;Im Einsatz
BW-01669;Dietrich, Doreen;1981-11-22;99974;Mühlhausen;03606 876512;doreen.dietrich@freenet.de;Staplerfahrer Schubmast;Lager und Logistik;2026-08-05;Initiativbewerbung;Heilbad Heiligenstadt;2026-07-28;2026-08-17;2029-07-28;Im Pool
BW-01670;Pohl, Sebastian;2001-11-18;99510;Apolda;0361 655787;sebastian.pohl@mailbox.org;Lagerfachkraft, Wareneingang, Höhentauglichkeit G41;Lager und Logistik;2026-05-26;Bundesagentur für Arbeit;Erfurt;2026-04-28;2026-07-17;2029-04-28;Im Pool
BW-01671;Arnold, Silvio;1992-09-04;07745;Jena;03641 279127;silvio.arnold@googlemail.com;Offsetdrucker, Bogenoffset;Druck und Verpackung;2027-02-04;Jobbörse;Jena;2026-04-28;2026-07-23;2028-04-28;Im Einsatz
BW-01672;Baumann, Erik;1984-10-19;99817;Eisenach;0170 5660131;erik.baumann@t-online.de;Technischer Produktdesigner, Inventor, Staplerschein;Technische Fachkraft;2026-08-07;Jobbörse;Gotha;2026-02-04;2026-05-09;2029-02-04;Im Pool
BW-01673;Peters, Marvin;1979-06-26;07768;Kahla;03641 433862;marvin.peters@googlemail.com;Bautischler, Montage, Staplerschein;Tischlerei und Holz;2026-07-16;Multiposting-Portal;Jena;2026-04-17;2026-08-01;2029-04-17;Im Pool
BW-01674;Schwarz, Torsten;1994-06-21;07548;Gera;0365 821352;torsten.schwarz@googlemail.com;Zerspanungsmechaniker, Frästechnik, Höhentauglichkeit G41;CNC-Zerspanung;2026-08-16;Initiativbewerbung;Gera;2025-11-10;2026-06-21;2028-11-10;Im Pool
BW-01675;Achtelik, Marcel;1992-03-13;99867;Gotha;03621 739992;marcel.achtelik@outlook.de;Maschinenbediener Kunststoff;Produktion und Montage;2026-07-16;Anzeige Website;Gotha;2025-03-29;2025-05-01;2027-03-29;Im Pool
BW-01676;Meier, Holger;1985-08-27;07545;Gera;0365 494947;holger.meier@web.de;Zerspanungsmechaniker, Frästechnik, Reinraumerfahrung;CNC-Zerspanung;2026-07-03;Initiativbewerbung;Gera;2024-11-14;2025-07-03;2026-11-14;Kein Interesse
BW-01677;Busch, Toni;1981-04-26;98693;Ilmenau;03621 361761;toni.busch@mailbox.org;Kommissionierer, Scannererfahrung;Lager und Logistik;2026-08-06;Multiposting-Portal;Gotha;2025-10-16;2026-03-30;2028-10-16;Kein Interesse
BW-01678;Frank, Regina;2005-11-10;99867;Gotha;0176 1959404;regina.frank@mailbox.org;Montagehelfer Serienfertigung;Produktion und Montage;2026-06-14;Karrieremesse;Gotha;2025-07-29;2026-08-31;2027-07-29;Im Pool
BW-01679;Neumann, Patrick;1996-02-26;07407;Rudolstadt;03641 892692;patrick.neumann@web.de;Konstruktionsmechaniker;Metallbau und Schweißen;2026-07-01;Bundesagentur für Arbeit;Jena;2026-01-27;2026-04-07;2028-01-27;Abgelehnt
BW-01680;Steinbrück, Sebastian;1983-04-26;99947;Bad Langensalza;0178 5282742;sebastian.steinbrueck@t-online.de;Produktionshelfer, 3-Schicht;Produktion und Montage;2026-06-25;Bundesagentur für Arbeit;Gotha;2026-05-30;2026-08-30;2028-05-30;Nicht erreichbar
BW-01681;Sommer, Sabine;1997-06-23;07580;Ronneburg;0365 540783;sabine.sommer@googlemail.com;Montagehelfer Serienfertigung;Produktion und Montage;2026-08-20;Anzeige Website;Gera;2026-02-21;2026-08-24;2028-02-21;Neu
BW-01682;Neumann, Nico;1975-08-16;99510;Apolda;0361 601712;nico.neumann@googlemail.com;Tischlerhelfer, Oberflächenbearbeitung;Tischlerei und Holz;2027-01-18;Multiposting-Portal;Erfurt;2025-01-23;2025-12-08;2027-01-23;Im Einsatz
BW-01683;Hartmann, Regina;1972-01-08;07407;Rudolstadt;03641 436008;regina.hartmann@googlemail.com;Medientechnologe Druck, Montagebereitschaft;Druck und Verpackung;2026-06-11;Jobbörse;Jena;2025-11-14;2026-05-02;2027-11-14;Neu
BW-01684;Becker, Uwe;2002-06-20;07381;Pößneck;0170 7742825;uwe.becker@googlemail.com;Sachbearbeitung Einkauf, Höhentauglichkeit G41;Kaufmännische Sachbearbeitung;2026-05-18;Initiativbewerbung;Gera;2025-01-31;2025-07-13;2027-01-31;Neu
BW-01685;Krüger, Toni;1979-06-16;99085;Erfurt;0361 981464;toni.krueger@freenet.de;Kommissionierer, Scannererfahrung;Lager und Logistik;2026-05-25;Jobbörse;Erfurt;2026-05-25;2026-08-20;2028-05-25;Im Pool
BW-01686;Ritschel, Beate;1979-05-16;99817;Eisenach;03621 262328;beate.ritschel@web.de;CNC-Bediener, Rüsterfahrung;CNC-Zerspanung;2026-05-20;Initiativbewerbung;Gotha;2026-03-13;2026-06-05;2028-03-13;Im Pool
BW-01687;Richter, Ramona;1969-01-14;99817;Eisenach;03621 795805;ramona.richter@mailbox.org;Versandmitarbeiter, Staplerschein;Lager und Logistik;2026-07-08;Multiposting-Portal;Gotha;2025-11-21;2025-11-27;2028-11-21;Abgelehnt
BW-01688;Friedrich, Steffi;1995-06-07;07381;Pößneck;0365 283073;steffi.friedrich@freenet.de;Offsetdrucker, Bogenoffset;Druck und Verpackung;2026-08-02;Anzeige Website;Gera;2026-07-28;2026-08-24;2029-07-28;Erstgespräch geführt
BW-01689;Jung, Holger;1992-07-18;99425;Weimar;0160 6364826;holger.jung@mailbox.org;Elektroniker Energie- und Gebäudetechnik;Elektro;2026-08-12;Jobbörse;Erfurt;2026-04-19;2026-07-21;2028-04-19;Kein Interesse
BW-01690;Schreiber, Sven;1969-05-23;99427;Weimar;0177 6414578;sven.schreiber@googlemail.com;Kreditorenbuchhaltung, SAP FI;Buchhaltung;2027-04-07;Initiativbewerbung;Erfurt;2024-10-15;2025-05-02;2027-10-15;Im Einsatz
BW-01691;Krämer, Nico;2003-11-18;37308;Heilbad Heiligenstadt;03606 365473;nico.kraemer@web.de;Maschinen- und Anlagenführer;Produktion und Montage;2026-07-02;Initiativbewerbung;Heilbad Heiligenstadt;2025-05-02;2026-01-17;2027-05-02;Im Pool
BW-01692;Lehmann, Claudia;1976-08-16;99867;Gotha;0170 4898589;claudia.lehmann@outlook.de;Helfer Kunststoffverarbeitung, Schichtbereitschaft;Produktion und Montage;2026-08-04;Anzeige Website;Gotha;2026-07-09;2026-08-20;2028-07-09;Im Pool
BW-01693;Jung, Hendrik;1999-08-26;99089;Erfurt;0361 959801;hendrik.jung@googlemail.com;Lagerfachkraft, Wareneingang;Lager und Logistik;2026-08-06;Multiposting-Portal;Erfurt;2026-05-19;2026-05-19;2029-05-19;Erstgespräch geführt
BW-01694;Schmitt, Carolin;1994-08-24;99094;Erfurt;0361 314806;carolin.schmitt@gmx.de;Maschinen- und Anlagenführer;Produktion und Montage;2026-08-18;Empfehlung;Erfurt;2026-08-18;2026-08-21;2029-08-18;Erstgespräch geführt
BW-01695;Becker, Frank;1969-03-15;37351;Dingelstädt;03606 924012;frank.becker@freenet.de;Produktionsmitarbeiter, Anlernkraft, Schichtbereitschaft;Produktion und Montage;2026-07-29;Anzeige Website;Heilbad Heiligenstadt;2025-03-30;2025-11-23;2027-03-30;Im Pool
BW-01696;Roth, Susanne;1973-07-28;99880;Waltershausen;03621 314669;susanne.roth@outlook.de;Maschinen- und Anlagenführer;Produktion und Montage;2026-08-20;Jobbörse;Gotha;2025-09-01;2026-02-20;2027-09-01;Im Pool
BW-01697;Mayer, Heike;2007-09-28;07546;Gera;0365 239369;heike.mayer@outlook.de;Mechatroniker Instandhaltung;Elektro;2027-04-12;Anzeige Website;Gera;2025-04-03;2026-07-08;2028-04-03;Im Einsatz
BW-01698;Günther, Marco;2002-07-12;99084;Erfurt;0170 4370030;marco.guenther@mailbox.org;Schlosser, Montageerfahrung;Metallbau und Schweißen;2026-06-17;Jobbörse;Erfurt;2024-11-11;2026-07-21;2027-11-11;Abgelehnt
BW-01699;Frank, Ronny;1987-06-11;99094;Erfurt;0361 775633;ronny.frank@freenet.de;Zerspanungsmechaniker, Drehtechnik, Deutsch B2;CNC-Zerspanung;2026-08-31;Empfehlung;Erfurt;2025-08-27;2025-10-01;2028-08-27;Erstgespräch geführt
BW-01700;Otto, Silke;1973-11-10;07549;Gera;0178 7564575;silke.otto@freenet.de;Metallbauer Konstruktionstechnik, Reinraumerfahrung;Metallbau und Schweißen;2026-07-25;Anzeige Website;Gera;2025-06-04;2026-07-30;2028-06-04;Im Pool
BW-01701;Wolff, Tobias;2002-12-21;99610;Sömmerda;0361 300410;tobias.wolff@outlook.de;Maschinen- und Anlagenführer;Produktion und Montage;2026-05-29;Karrieremesse;Erfurt;2024-11-14;2026-01-03;2026-11-14;Im Pool
BW-01702;Winter, Enrico;1999-09-26;07548;Gera;0365 398981;enrico.winter@freenet.de;Elektroniker Energie- und Gebäudetechnik;Elektro;2026-05-18;Jobbörse;Gera;2025-02-06;2025-06-08;2027-02-06;Kein Interesse
BW-01703;Lorenz, Holger;1966-04-11;07545;Gera;0365 583564;holger.lorenz@freenet.de;Offsetdrucker, Bogenoffset;Druck und Verpackung;2026-09-30;Empfehlung;Gera;2026-03-31;2026-08-17;2028-03-31;Im Einsatz
BW-01704;Kraus, Lena;1994-07-26;99947;Bad Langensalza;03621 772775;lena.kraus@freenet.de;Konstruktionsmechaniker, Montagebereitschaft;Metallbau und Schweißen;2026-08-11;Karrieremesse;Gotha;2025-06-04;2025-08-30;2027-06-04;Neu
BW-01705;Schmidt, Jens;1971-07-16;99310;Arnstadt;0152 5185024;jens.schmidt@web.de;CNC-Bediener, Rüsterfahrung;CNC-Zerspanung;2026-08-06;Jobbörse;Erfurt;2026-08-06;2026-08-12;2029-08-06;Abgelehnt
BW-01706;Müller, Kevin;1965-01-18;07548;Gera;0160 2774158;kevin.mueller@t-online.de;Elektroinstallateur, Baustelleneinsatz, Führerschein B;Elektro;2026-06-20;Empfehlung;Gera;2024-11-19;2025-02-05;2026-11-19;Im Pool
BW-01707;Huber, Rene;1994-01-16;99880;Waltershausen;0176 4226577;rene.huber@googlemail.com;Elektroinstallateur, Baustelleneinsatz;Elektro;2026-08-15;Bundesagentur für Arbeit;Gotha;2025-03-29;2025-04-03;2027-03-29;Im Pool
BW-01708;Busch, Lisa;1975-12-12;99867;Gotha;0171 5116326;lisa.busch@mailbox.org;Buchbinder, Weiterverarbeitung;Druck und Verpackung;2026-06-20;Anzeige Website;Gotha;2025-09-04;2025-11-09;2028-09-04;Im Pool
BW-01709;Steinbrück, Sabine;1991-03-15;99510;Apolda;0160 2208201;sabine.steinbrueck@mailbox.org;Medientechnologe Druck, Kranschein;Druck und Verpackung;2026-07-27;Jobbörse;Erfurt;2026-07-15;2026-08-24;2028-07-15;Im Pool
BW-01710;Franke, Lena;1993-09-19;99310;Arnstadt;0361 922091;lena.franke@gmx.de;CNC-Bediener, Rüsterfahrung;CNC-Zerspanung;2026-07-19;Multiposting-Portal;Erfurt;2025-08-12;2026-01-14;2027-08-12;Im Pool
BW-01711;Busch, Silke;2004-08-17;07973;Greiz;0365 446741;silke.busch@t-online.de;Mechatroniker Instandhaltung;Elektro;2026-08-05;Jobbörse;Gera;2026-03-16;2026-03-22;2028-03-16;Im Pool
BW-01712;Sommer, Diana;1985-04-11;99610;Sömmerda;0361 275708;diana.sommer@web.de;Montagehelfer Serienfertigung;Produktion und Montage;2027-04-27;Bundesagentur für Arbeit;Erfurt;2026-03-17;2026-07-28;2029-03-17;Im Einsatz
BW-01713;Stein, Maik;2005-11-20;07546;Gera;0365 535140;maik.stein@web.de;Maschinenführer Verpackungslinie;Druck und Verpackung;2026-06-03;Jobbörse;Gera;2026-04-02;2026-06-05;2028-04-02;Erstgespräch geführt
BW-01714;Rehberg, Torsten;1996-07-12;07407;Rudolstadt;03641 795439;torsten.rehberg@t-online.de;Zerspanungsmechaniker, Drehtechnik;CNC-Zerspanung;2026-08-27;Bundesagentur für Arbeit;Jena;2025-10-14;2025-12-28;2027-10-14;Im Pool
BW-01715;Pfaff, Maria;1979-10-05;99734;Nordhausen;03606 790319;maria.pfaff@freenet.de;Sachbearbeitung Einkauf;Kaufmännische Sachbearbeitung;2026-07-16;Anzeige Website;Heilbad Heiligenstadt;2026-06-04;2026-08-27;2029-06-04;Im Pool
BW-01716;Weiß, Ronny;1995-03-06;99097;Erfurt;0152 9177512;ronny.weiss@web.de;Fertigungsplaner, REFA-Grundschein;Technische Fachkraft;2026-07-22;Anzeige Website;Erfurt;2025-07-15;2025-11-10;2028-07-15;Im Pool
BW-01717;Ritschel, Franziska;1979-11-28;99610;Sömmerda;0177 3062992;franziska.ritschel@t-online.de;Fertigungsplaner, REFA-Grundschein;Technische Fachkraft;2026-06-19;Bundesagentur für Arbeit;Erfurt;2026-06-19;2026-08-17;2029-06-19;Erstgespräch geführt
BW-01718;Möller, Marco;1973-04-08;07318;Saalfeld;0152 7704973;marco.moeller@freenet.de;CNC-Fräser, Heidenhain TNC;CNC-Zerspanung;2026-07-27;Bundesagentur für Arbeit;Jena;2025-12-18;2025-12-27;2027-12-18;Im Pool
BW-01719;Weiß, Falk;1983-03-10;98693;Ilmenau;0178 5353820;falk.weiss@freenet.de;Kundenservice, Telefonie, Reinraumerfahrung;Kaufmännische Sachbearbeitung;2026-10-18;Initiativbewerbung;Gotha;2026-05-20;2026-06-24;2028-05-20;Im Einsatz
BW-01720;Neumann, Andreas;1973-12-22;07407;Rudolstadt;03641 512957;andreas.neumann@freenet.de;Verpackungsmitarbeiter, Akkordbereitschaft;Druck und Verpackung;2026-08-02;Jobbörse;Jena;2025-01-19;2025-05-15;2027-01-19;Im Pool
BW-01721;Böhm, Beate;1983-07-11;99867;Gotha;03621 406175;beate.boehm@gmx.de;Helfer Kunststoffverarbeitung;Produktion und Montage;2026-08-26;Jobbörse;Gotha;2025-08-31;2026-08-20;2028-08-31;Im Pool
BW-01722;Meier, Christian;1999-12-05;98693;Ilmenau;03621 758668;christian.meier@t-online.de;Sachbearbeitung Einkauf;Kaufmännische Sachbearbeitung;2026-07-28;Jobbörse;Gotha;2025-09-18;2026-01-01;2027-09-18;Nicht erreichbar
BW-01723;Balzer, Sabine;1987-02-18;07407;Rudolstadt;03641 624115;sabine.balzer@outlook.de;CNC-Fräser, Heidenhain TNC;CNC-Zerspanung;2026-08-22;Empfehlung;Jena;2024-11-08;2026-05-18;2026-11-08;Im Pool
BW-01724;Jung, Heike;1962-07-11;07407;Rudolstadt;0177 6542843;heike.jung@freenet.de;Produktionshelfer, 3-Schicht, Reinraumerfahrung;Produktion und Montage;2026-08-30;Jobbörse;Jena;2025-02-13;2026-04-13;2028-02-13;Erstgespräch geführt
BW-01725;Huber, Alexander;1967-09-16;07381;Pößneck;0151 7416661;alexander.huber@googlemail.com;Staplerfahrer Schubmast;Lager und Logistik;2027-01-13;Initiativbewerbung;Gera;2025-11-26;2026-02-19;2027-11-26;Im Einsatz
BW-01726;Schuster, Nico;2003-01-20;99086;Erfurt;0361 640249;nico.schuster@gmx.de;Industriemechaniker Instandhaltung;Metallbau und Schweißen;2027-04-22;Multiposting-Portal;Erfurt;2026-05-28;2026-08-27;2029-05-28;Vermittelt
BW-01727;Arnold, Robert;1972-04-21;99867;Gotha;03621 833452;robert.arnold@googlemail.com;Bürokauffrau, MS Office;Kaufmännische Sachbearbeitung;2026-07-13;Initiativbewerbung;Gotha;2025-07-06;2026-02-01;2028-07-06;Im Pool
BW-01728;Huber, Kevin;1988-10-19;07749;Jena;03641 309200;kevin.huber@gmx.de;Konstruktionsmechaniker;Metallbau und Schweißen;2026-08-01;Jobbörse;Jena;2024-10-25;2026-05-27;2026-10-25;Abgelehnt
BW-01729;Müller, Christian;2006-01-03;99510;Apolda;0170 6417134;christian.mueller@t-online.de;Produktionshelfer, 3-Schicht;Produktion und Montage;2026-07-06;Karrieremesse;Erfurt;2025-06-16;2025-10-16;2027-06-16;Im Pool
BW-01730;Becker, Rene;1977-03-23;07318;Saalfeld;03641 529822;rene.becker@gmx.de;Helfer Kunststoffverarbeitung;Produktion und Montage;2026-08-01;Bundesagentur für Arbeit;Jena;2024-10-11;2026-06-07;2026-10-11;Im Pool
BW-01731;Simon, Hendrik;1965-12-26;99310;Arnstadt;0361 696927;hendrik.simon@googlemail.com;Produktionsmitarbeiter, Anlernkraft;Produktion und Montage;2026-07-01;Empfehlung;Erfurt;2025-06-14;2026-06-15;2028-06-14;Abgelehnt
BW-01732;Kloß, Elke;1986-01-07;99947;Bad Langensalza;0163 6955693;elke.kloss@web.de;Zerspanungsmechaniker, Drehtechnik, Schichtbereitschaft;CNC-Zerspanung;2026-08-25;Jobbörse;Gotha;2026-05-29;2026-06-20;2029-05-29;Nicht erreichbar
BW-01733;Jung, Holger;1998-06-08;99099;Erfurt;0163 4009689;holger.jung@gmx.de;Bürokauffrau, MS Office, Montagebereitschaft;Kaufmännische Sachbearbeitung;2026-05-16;Initiativbewerbung;Erfurt;2026-02-14;2026-06-18;2028-02-14;Neu
BW-01734;Huber, Ines;2001-06-24;99610;Sömmerda;0361 916814;ines.huber@outlook.de;Montagehelfer Serienfertigung;Produktion und Montage;2026-06-10;Jobbörse;Erfurt;2025-09-22;2025-10-04;2027-09-22;Im Pool
BW-01735;Becker, Jens;1978-10-22;99094;Erfurt;0178 6646007;jens.becker@gmx.de;Tischlerhelfer, Oberflächenbearbeitung, Kranschein;Tischlerei und Holz;2026-06-14;Anzeige Website;Erfurt;2025-08-08;2025-12-24;2027-08-08;Im Pool
BW-01736;Krause, Toni;1967-02-19;99974;Mühlhausen;03606 617182;toni.krause@outlook.de;Produktionshelfer, 3-Schicht;Produktion und Montage;2026-06-12;Multiposting-Portal;Heilbad Heiligenstadt;2025-04-15;2025-06-22;2027-04-15;Erstgespräch geführt
BW-01737;Schmitt, Tobias;2000-04-09;07745;Jena;03641 981638;tobias.schmitt@googlemail.com;Schweißer WIG 141, Schichtbereitschaft;Metallbau und Schweißen;2026-08-24;Jobbörse;Jena;2025-01-27;2025-12-25;2027-01-27;Im Pool
BW-01738;Kloß, Andrea;1995-05-20;37351;Dingelstädt;0171 5097991;andrea.kloss@outlook.de;Schlosser, Montageerfahrung;Metallbau und Schweißen;2026-07-22;Empfehlung;Heilbad Heiligenstadt;2025-11-18;2026-06-05;2027-11-18;Im Pool
BW-01739;Wolff, Marvin;1995-09-07;99734;Nordhausen;03606 919676;marvin.wolff@mailbox.org;Technischer Zeichner, AutoCAD;Technische Fachkraft;2026-08-04;Initiativbewerbung;Heilbad Heiligenstadt;2026-08-04;2026-08-19;2028-08-04;Im Pool
BW-01740;Keller, Susanne;2007-05-06;99310;Arnstadt;0361 489788;susanne.keller@gmx.de;CNC-Dreher, Siemens 840D;CNC-Zerspanung;2026-06-11;Bundesagentur für Arbeit;Erfurt;2025-07-17;2025-12-21;2027-07-17;Im Pool
BW-01741;Baumann, Silvio;1968-10-25;99974;Mühlhausen;03606 825443;silvio.baumann@web.de;Sachbearbeitung Einkauf;Kaufmännische Sachbearbeitung;2026-06-08;Jobbörse;Heilbad Heiligenstadt;2025-06-29;2026-06-25;2027-06-29;Im Pool
BW-01742;Rehberg, Ronny;1992-09-10;99974;Mühlhausen;03606 809204;ronny.rehberg@t-online.de;Buchbinder, Weiterverarbeitung;Druck und Verpackung;2026-08-02;Anzeige Website;Heilbad Heiligenstadt;2025-09-20;2026-05-12;2027-09-20;Neu
BW-01743;Steinbrück, Heike;1994-01-16;99085;Erfurt;0178 2318490;heike.steinbrueck@web.de;Industriemechaniker Instandhaltung, Staplerschein;Metallbau und Schweißen;2026-08-05;Initiativbewerbung;Erfurt;2026-08-05;2026-08-27;2028-08-05;Im Pool
BW-01744;Heinrich, Enrico;1999-08-28;07973;Greiz;0151 1367271;enrico.heinrich@outlook.de;Verpackungsmitarbeiter, Akkordbereitschaft;Druck und Verpackung;2026-11-22;Bundesagentur für Arbeit;Gera;2026-06-14;2026-06-18;2029-06-14;Vermittelt
BW-01745;Mayer, Ramona;1987-02-19;07545;Gera;0365 281488;ramona.mayer@outlook.de;Druckhelfer, Nachtschicht;Druck und Verpackung;2027-03-07;Anzeige Website;Gera;2026-03-26;2026-09-02;2028-03-26;Im Einsatz
BW-01746;Kuhn, Falk;1974-05-24;99867;Gotha;03621 797450;falk.kuhn@gmx.de;Sachbearbeitung Auftragsabwicklung, SAP;Kaufmännische Sachbearbeitung;2026-07-20;Empfehlung;Gotha;2025-07-03;2025-09-14;2027-07-03;Abgelehnt
BW-01747;Schäfer, Ines;1986-11-12;99097;Erfurt;0361 310404;ines.schaefer@mailbox.org;Maschinen- und Anlagenführer;Produktion und Montage;2026-05-30;Multiposting-Portal;Erfurt;2026-05-30;2026-06-24;2029-05-30;Im Pool
BW-01748;Beck, Andrea;2000-06-25;99817;Eisenach;0170 5978888;andrea.beck@t-online.de;Fachlagerist, Staplerschein;Lager und Logistik;2026-06-10;Jobbörse;Gotha;2025-11-10;2026-01-09;2027-11-10;Im Pool
BW-01749;Kloß, Steffen;1997-12-22;99867;Gotha;03621 711728;steffen.kloss@googlemail.com;Druckhelfer, Nachtschicht;Druck und Verpackung;2026-09-01;Jobbörse;Gotha;2024-11-15;2026-02-12;2027-11-15;Nicht erreichbar
BW-01750;Kraus, Kerstin;1976-04-17;37351;Dingelstädt;03606 619692;kerstin.kraus@freenet.de;Maschinen- und Anlagenführer;Produktion und Montage;2026-05-21;Karrieremesse;Heilbad Heiligenstadt;2025-05-19;2026-08-16;2027-05-19;Im Pool
BW-01751;Schmitt, Stefan;1998-11-23;07381;Pößneck;0365 701439;stefan.schmitt@t-online.de;Druckhelfer, Nachtschicht;Druck und Verpackung;2026-07-03;Jobbörse;Gera;2025-11-14;2026-03-13;2027-11-14;Im Pool
BW-01752;Jäger, Sven;1982-10-18;07745;Jena;03641 913704;sven.jaeger@googlemail.com;Maschinenbediener Kunststoff;Produktion und Montage;2026-08-17;Jobbörse;Jena;2026-07-10;2026-08-01;2028-07-10;Nicht erreichbar
BW-01753;Wagner, Dennis;2004-09-05;07973;Greiz;0365 403586;dennis.wagner@web.de;Maschinenführer Verpackungslinie, Schichtbereitschaft;Druck und Verpackung;2027-03-01;Bundesagentur für Arbeit;Gera;2025-03-22;2026-08-02;2027-03-22;Im Einsatz
BW-01754;Seidel, Alexander;1989-02-15;99734;Nordhausen;03606 469757;alexander.seidel@gmx.de;Metallbauer Konstruktionstechnik, Reinraumerfahrung;Metallbau und Schweißen;2027-01-04;Jobbörse;Heilbad Heiligenstadt;2026-04-17;2026-08-08;2029-04-17;Im Einsatz
BW-01755;König, Robert;1982-04-05;99310;Arnstadt;0361 209327;robert.koenig@outlook.de;Sachbearbeitung Auftragsabwicklung, SAP, Reinraumerfahrung;Kaufmännische Sachbearbeitung;2026-07-18;Anzeige Website;Erfurt;2025-09-23;2025-11-25;2027-09-23;Erstgespräch geführt
BW-01756;Heinrich, Birgit;1973-06-06;99510;Apolda;0163 5871071;birgit.heinrich@gmx.de;CNC-Dreher, Siemens 840D;CNC-Zerspanung;2026-08-26;Initiativbewerbung;Erfurt;2025-08-15;2026-02-22;2027-08-15;Abgelehnt
BW-01757;Sauer, Stefan;2001-07-11;99310;Arnstadt;0361 884984;stefan.sauer@freenet.de;CNC-Bediener, Rüsterfahrung, Schichtbereitschaft;CNC-Zerspanung;2026-06-30;Initiativbewerbung;Erfurt;2026-04-06;2026-05-11;2029-04-06;Kein Interesse
BW-01758;Günther, Steffen;1991-03-12;07549;Gera;0365 389656;steffen.guenther@mailbox.org;Tischler, CNC-Bearbeitungszentrum;Tischlerei und Holz;2026-12-09;Karrieremesse;Gera;2025-11-19;2026-06-11;2027-11-19;Vermittelt
BW-01759;Jäger, Antje;1965-12-03;07580;Ronneburg;0365 620450;antje.jaeger@gmx.de;Fertigungsplaner, REFA-Grundschein;Technische Fachkraft;2026-06-21;Initiativbewerbung;Gera;2026-01-10;2026-04-29;2028-01-10;Abgelehnt
BW-01760;Werner, Doreen;1998-03-13;39418;Staßfurt;0152 4722464;doreen.werner@t-online.de;Kommissionierer, Scannererfahrung;Lager und Logistik;2026-08-10;Multiposting-Portal;Aschersleben;2026-01-11;2026-07-16;2029-01-11;Im Pool
BW-01761;Horn, Jana;2007-12-18;99310;Arnstadt;0361 558842;jana.horn@mailbox.org;CNC-Bediener, Rüsterfahrung, Reinraumerfahrung;CNC-Zerspanung;2026-07-08;Jobbörse;Erfurt;2026-01-12;2026-05-21;2028-01-12;Im Pool
BW-01762;Ziegler, Patrick;1999-03-08;07580;Ronneburg;0178 3628096;patrick.ziegler@mailbox.org;Bautischler, Montage;Tischlerei und Holz;2026-08-23;Karrieremesse;Gera;2026-01-13;2026-06-05;2028-01-13;Im Pool
BW-01763;Pohl, Toni;1963-10-06;99947;Bad Langensalza;03621 818724;toni.pohl@web.de;Kreditorenbuchhaltung, SAP FI;Buchhaltung;2026-10-25;Empfehlung;Gotha;2026-01-14;2026-07-19;2028-01-14;Im Einsatz
BW-01764;Rehberg, Antje;1967-03-23;99867;Gotha;03621 772168;antje.rehberg@mailbox.org;Bilanzbuchhalter, Abschlusssicher;Buchhaltung;2026-09-05;Karrieremesse;Gotha;2026-05-07;2026-08-28;2028-05-07;Erstgespräch geführt
BW-01765;Werner, Stefan;1992-06-16;99084;Erfurt;0361 946070;stefan.werner@mailbox.org;Holzmechaniker Möbelbau, Reinraumerfahrung;Tischlerei und Holz;2026-08-12;Jobbörse;Erfurt;2025-06-01;2025-07-05;2027-06-01;Im Pool
BW-01766;Hartmann, Christian;2007-06-16;99425;Weimar;0361 884032;christian.hartmann@t-online.de;Industriemechaniker Instandhaltung;Metallbau und Schweißen;2026-08-14;Bundesagentur für Arbeit;Erfurt;2026-08-14;2026-08-25;2029-08-14;Neu
BW-01767;Jäger, Jens;1970-11-06;99867;Gotha;03621 316408;jens.jaeger@gmx.de;Kommissionierer, Scannererfahrung;Lager und Logistik;2026-07-03;Anzeige Website;Gotha;2025-10-21;2026-01-11;2027-10-21;Erstgespräch geführt
BW-01768;Zimmermann, Lars;1971-05-20;99974;Mühlhausen;03606 453367;lars.zimmermann@googlemail.com;Kommissionierer, Scannererfahrung, Kranschein;Lager und Logistik;2026-12-30;Jobbörse;Heilbad Heiligenstadt;2024-12-18;2025-10-19;2026-12-18;Vermittelt
BW-01769;Frank, Lena;1972-05-28;99947;Bad Langensalza;0163 3020682;lena.frank@freenet.de;Produktionshelfer, 3-Schicht, Staplerschein;Produktion und Montage;2026-07-15;Anzeige Website;Gotha;2026-07-15;2026-08-26;2028-07-15;Im Pool
BW-01770;Krüger, Lars;1997-05-17;07548;Gera;0365 227926;lars.krueger@web.de;Druckhelfer, Nachtschicht;Druck und Verpackung;2027-03-14;Anzeige Website;Gera;2026-07-12;2026-08-20;2029-07-12;Vermittelt
BW-01771;Franke, Maik;1964-07-08;99427;Weimar;0361 524763;maik.franke@gmx.de;CNC-Fachkraft, Programmierkenntnisse, Staplerschein;CNC-Zerspanung;2027-02-27;Initiativbewerbung;Erfurt;2024-10-30;2025-03-20;2027-10-30;Im Einsatz
BW-01772;Thomas, Matthias;1982-09-06;07743;Jena;03641 952798;matthias.thomas@gmx.de;Kaufmann Büromanagement, DATEV-Grundkenntnisse, Führerschein B;Kaufmännische Sachbearbeitung;2026-08-27;Multiposting-Portal;Jena;2026-03-14;2026-08-07;2029-03-14;Kein Interesse
BW-01773;Meier, Kevin;1971-07-07;99099;Erfurt;0170 8107052;kevin.meier@gmx.de;Produktionshelfer, 3-Schicht;Produktion und Montage;2026-11-13;Empfehlung;Erfurt;2025-10-23;2025-12-22;2027-10-23;Im Einsatz
BW-01774;Hoffmann, Stefan;1997-10-06;07318;Saalfeld;0157 9006670;stefan.hoffmann@outlook.de;Buchbinder, Weiterverarbeitung, Schichtbereitschaft;Druck und Verpackung;2026-08-10;Jobbörse;Jena;2024-10-19;2025-11-18;2026-10-19;Im Pool
BW-01775;Groß, Maik;1991-06-26;99867;Gotha;0176 5221683;maik.gross@outlook.de;Technischer Zeichner, AutoCAD, Führerschein B;Technische Fachkraft;2026-10-25;Multiposting-Portal;Gotha;2026-07-16;2026-07-26;2028-07-16;Im Einsatz
BW-01776;Schmitz, Torsten;1984-05-16;37308;Heilbad Heiligenstadt;03606 656881;torsten.schmitz@web.de;Sachbearbeitung Auftragsabwicklung, SAP;Kaufmännische Sachbearbeitung;2026-07-29;Bundesagentur für Arbeit;Heilbad Heiligenstadt;2024-12-28;2025-11-20;2026-12-28;Im Pool
BW-01777;Ziegler, Andreas;1965-02-19;98693;Ilmenau;0170 7741359;andreas.ziegler@outlook.de;Schlosser, Montageerfahrung;Metallbau und Schweißen;2026-07-13;Multiposting-Portal;Gotha;2026-02-24;2026-04-08;2028-02-24;Neu
BW-01778;Roth, Marvin;1967-02-02;99867;Gotha;03621 516349;marvin.roth@mailbox.org;Sachbearbeitung Auftragsabwicklung, SAP;Kaufmännische Sachbearbeitung;2026-05-28;Anzeige Website;Gotha;2026-05-18;2026-09-06;2028-05-18;Im Pool
BW-01779;Martin, Rene;1963-11-03;99310;Arnstadt;0361 918821;rene.martin@outlook.de;Lagerfachkraft, Wareneingang;Lager und Logistik;2026-06-24;Empfehlung;Erfurt;2024-10-30;2026-05-30;2026-10-30;Im Pool
BW-01780;Frank, Kathrin;2003-08-01;07973;Greiz;0178 7623205;kathrin.frank@mailbox.org;Elektrohelfer, Schaltschrankbau;Elektro;2026-07-25;Karrieremesse;Gera;2025-06-04;2025-08-22;2027-06-04;Abgelehnt
BW-01781;Schneider, Manuela;1973-12-07;98693;Ilmenau;03621 984521;manuela.schneider@outlook.de;Kaufmann Büromanagement, DATEV-Grundkenntnisse, Kranschein;Kaufmännische Sachbearbeitung;2027-03-17;Initiativbewerbung;Gotha;2026-02-21;2026-04-15;2028-02-21;Im Einsatz
BW-01782;Braun, Holger;1999-04-28;99817;Eisenach;0178 2803471;holger.braun@outlook.de;Elektroinstallateur, Baustelleneinsatz;Elektro;2027-04-03;Jobbörse;Gotha;2026-02-21;2026-06-02;2029-02-21;Im Einsatz
BW-01783;Schulz, Regina;1994-06-23;99310;Arnstadt;0157 5717813;regina.schulz@freenet.de;Kommissionierer, Scannererfahrung, Deutsch B2;Lager und Logistik;2026-07-27;Initiativbewerbung;Erfurt;2024-11-29;2026-01-14;2026-11-29;Im Pool
BW-01784;Hofmann, Michael;1979-09-12;37308;Heilbad Heiligenstadt;03606 582723;michael.hofmann@outlook.de;CNC-Fräser, Heidenhain TNC;CNC-Zerspanung;2027-04-23;Jobbörse;Heilbad Heiligenstadt;2026-02-08;2026-06-19;2028-02-08;Im Einsatz
BW-01785;Simon, Lena;2002-04-02;99425;Weimar;0361 835471;lena.simon@mailbox.org;Maschinenbediener Kunststoff;Produktion und Montage;2026-06-07;Jobbörse;Erfurt;2026-03-24;2026-06-29;2028-03-24;Im Pool
BW-01786;Heinrich, Sven;2003-01-05;07381;Pößneck;0365 905539;sven.heinrich@freenet.de;Fachlagerist, Staplerschein, Kranschein;Lager und Logistik;2026-07-14;Anzeige Website;Gera;2024-11-26;2025-10-03;2027-11-26;Abgelehnt
BW-01787;Engel, Elke;1983-09-05;07318;Saalfeld;03641 576206;elke.engel@googlemail.com;Finanzbuchhaltung, DATEV;Buchhaltung;2026-05-31;Initiativbewerbung;Jena;2026-03-16;2026-04-14;2029-03-16;Im Pool
BW-01788;Horn, Erik;1965-11-19;37327;Leinefelde-Worbis;0171 3430470;erik.horn@mailbox.org;Sachbearbeitung Einkauf, Reinraumerfahrung;Kaufmännische Sachbearbeitung;2026-05-14;Anzeige Website;Heilbad Heiligenstadt;2025-06-28;2026-04-11;2027-06-28;Neu
BW-01789;Schwarz, Lars;1975-08-13;99867;Gotha;0176 1206675;lars.schwarz@outlook.de;Elektrohelfer, Schaltschrankbau, Montagebereitschaft;Elektro;2026-11-02;Bundesagentur für Arbeit;Gotha;2024-11-13;2025-06-30;2026-11-13;Im Einsatz
BW-01790;Graf, Maik;1998-03-26;07743;Jena;03641 670038;maik.graf@googlemail.com;Schweißer MAG 135, Prüfung gültig;Metallbau und Schweißen;2026-06-15;Jobbörse;Jena;2026-03-07;2026-08-19;2028-03-07;Im Pool
BW-01791;Kloß, Ralf;1997-09-10;99880;Waltershausen;03621 553891;ralf.kloss@freenet.de;Versandmitarbeiter, Staplerschein, Kranschein;Lager und Logistik;2026-05-28;Initiativbewerbung;Gotha;2025-09-22;2025-10-23;2027-09-22;Erstgespräch geführt
BW-01792;Schneider, Diana;1965-05-15;07973;Greiz;0365 655925;diana.schneider@googlemail.com;Medientechnologe Druck, Höhentauglichkeit G41;Druck und Verpackung;2026-07-07;Karrieremesse;Gera;2024-11-21;2026-08-09;2027-11-21;Kein Interesse
BW-01793;Roth, Enrico;1990-10-04;99867;Gotha;0170 6569570;enrico.roth@t-online.de;Druckhelfer, Nachtschicht, Montagebereitschaft;Druck und Verpackung;2026-07-30;Anzeige Website;Gotha;2025-05-07;2026-03-29;2027-05-07;Im Pool
BW-01794;Kuhn, Andrea;1971-11-09;99099;Erfurt;0361 991944;andrea.kuhn@gmx.de;Versandmitarbeiter, Staplerschein, Führerschein B;Lager und Logistik;2026-07-07;Jobbörse;Erfurt;2025-01-01;2026-08-05;2028-01-01;Kein Interesse
BW-01795;Meyer, Sebastian;1976-03-11;99310;Arnstadt;0361 587796;sebastian.meyer@googlemail.com;Konstruktionsmechaniker;Metallbau und Schweißen;2026-09-04;Jobbörse;Erfurt;2026-09-04;2026-09-04;2028-09-04;Im Pool
BW-01796;Berger, Kerstin;1998-04-28;99310;Arnstadt;0361 499641;kerstin.berger@t-online.de;Tischler, CNC-Bearbeitungszentrum;Tischlerei und Holz;2026-08-12;Empfehlung;Erfurt;2026-08-12;2026-08-13;2028-08-12;Erstgespräch geführt
BW-01797;Thomas, Carolin;1990-04-13;07749;Jena;03641 754463;carolin.thomas@outlook.de;Fachlagerist, Staplerschein, Höhentauglichkeit G41;Lager und Logistik;2026-09-29;Anzeige Website;Jena;2025-11-16;2026-04-28;2027-11-16;Vermittelt
BW-01798;Günther, Ines;2005-12-26;07749;Jena;03641 528899;ines.guenther@freenet.de;Maschinenbediener Kunststoff;Produktion und Montage;2026-07-15;Anzeige Website;Jena;2025-12-09;2025-12-13;2028-12-09;Erstgespräch geführt
BW-01799;Graf, Daniel;2007-06-24;99427;Weimar;0361 689029;daniel.graf@googlemail.com;Schlosser, Montageerfahrung, Höhentauglichkeit G41;Metallbau und Schweißen;2026-07-22;Jobbörse;Erfurt;2024-11-06;2025-10-29;2026-11-06;Im Pool
BW-01800;Schulz, Claudia;1997-12-11;07549;Gera;0365 715561;claudia.schulz@freenet.de;Tischlerhelfer, Oberflächenbearbeitung, Reinraumerfahrung;Tischlerei und Holz;2026-09-01;Multiposting-Portal;Gera;2025-05-20;2026-02-20;2027-05-20;Kein Interesse
BW-01801;Koch, Christin;1965-07-13;99734;Nordhausen;03606 573190;christin.koch@t-online.de;Elektrohelfer, Schaltschrankbau, Führerschein B;Elektro;2026-07-30;Empfehlung;Heilbad Heiligenstadt;2024-11-28;2025-06-11;2026-11-28;Kein Interesse
BW-01802;Koch, Daniel;1980-08-20;99096;Erfurt;0361 689671;daniel.koch@freenet.de;Maschinen- und Anlagenführer, Deutsch B2;Produktion und Montage;2026-06-24;Empfehlung;Erfurt;2025-08-22;2026-06-09;2027-08-22;Neu
BW-01803;Krämer, Birgit;1990-09-27;99085;Erfurt;0170 3971293;birgit.kraemer@web.de;Produktionshelfer, 3-Schicht;Produktion und Montage;2026-08-06;Initiativbewerbung;Erfurt;2026-04-12;2026-07-14;2028-04-12;Nicht erreichbar
BW-01804;Zimmermann, Andrea;1975-04-15;99974;Mühlhausen;03606 407048;andrea.zimmermann@t-online.de;Schweißer WIG 141;Metallbau und Schweißen;2026-05-27;Multiposting-Portal;Heilbad Heiligenstadt;2025-04-01;2026-07-29;2027-04-01;Im Pool
BW-01805;Schmid, Ronny;1969-03-19;07545;Gera;0365 713522;ronny.schmid@web.de;Verpackungsmitarbeiter, Akkordbereitschaft, Montagebereitschaft;Druck und Verpackung;2026-08-26;Jobbörse;Gera;2024-11-06;2025-11-22;2027-11-06;Kein Interesse
BW-01806;Rehberg, Lars;1983-12-07;07646;Stadtroda;03641 939843;lars.rehberg@googlemail.com;Maschinenbediener Kunststoff, Montagebereitschaft;Produktion und Montage;2026-05-18;Multiposting-Portal;Jena;2025-02-19;2026-07-10;2027-02-19;Im Pool
BW-01807;Winter, Michael;1995-05-27;99310;Arnstadt;0152 5626867;michael.winter@freenet.de;Bürokauffrau, MS Office, Höhentauglichkeit G41;Kaufmännische Sachbearbeitung;2026-05-19;Jobbörse;Erfurt;2025-08-04;2025-12-24;2028-08-04;Kein Interesse
BW-01808;Vogel, Mario;1968-06-05;07545;Gera;0365 835268;mario.vogel@web.de;Helfer Kunststoffverarbeitung, Reinraumerfahrung;Produktion und Montage;2026-07-17;Multiposting-Portal;Gera;2025-07-30;2025-09-23;2027-07-30;Im Pool
BW-01809;Peters, Nico;1988-08-08;07749;Jena;03641 570246;nico.peters@mailbox.org;Lagerhelfer, Staplerschein, Schichtbereitschaft;Lager und Logistik;2026-08-27;Jobbörse;Jena;2026-06-14;2026-06-26;2028-06-14;Im Pool
BW-01810;Winter, Jörg;1977-10-14;99974;Mühlhausen;03606 446866;joerg.winter@web.de;CNC-Fachkraft, Programmierkenntnisse;CNC-Zerspanung;2026-08-22;Jobbörse;Heilbad Heiligenstadt;2025-02-28;2026-06-18;2027-02-28;Im Pool
BW-01811;Schmitz, Sebastian;1978-03-01;99510;Apolda;0361 362753;sebastian.schmitz@web.de;Sachbearbeitung Einkauf, Reinraumerfahrung;Kaufmännische Sachbearbeitung;2026-08-27;Jobbörse;Erfurt;2026-03-29;2026-05-14;2029-03-29;Nicht erreichbar
BW-01812;Horn, Jörg;1978-04-05;99310;Arnstadt;0151 2957676;joerg.horn@outlook.de;Elektroinstallateur, Baustelleneinsatz, Staplerschein;Elektro;2027-01-29;Jobbörse;Erfurt;2025-01-22;2025-09-12;2028-01-22;Vermittelt
BW-01813;Nowak, Jana;1973-06-10;99867;Gotha;0160 9871418;jana.nowak@googlemail.com;Bilanzbuchhalter, Abschlusssicher;Buchhaltung;2026-08-31;Initiativbewerbung;Gotha;2025-03-30;2026-06-16;2027-03-30;Erstgespräch geführt
BW-01814;Simon, Uwe;1975-02-14;07318;Saalfeld;03641 952715;uwe.simon@mailbox.org;Maschinen- und Anlagenführer;Produktion und Montage;2026-09-01;Multiposting-Portal;Jena;2026-06-15;2026-06-21;2028-06-15;Nicht erreichbar
BW-01815;Pohl, Sebastian;1962-02-25;98693;Ilmenau;03621 852134;sebastian.pohl@freenet.de;Lohnbuchhaltung, Tarifkenntnisse;Buchhaltung;2026-12-28;Initiativbewerbung;Gotha;2025-05-23;2025-06-28;2027-05-23;Im Einsatz
BW-01816;Becker, Silvio;1983-05-14;99880;Waltershausen;03621 867379;silvio.becker@gmx.de;Lagerhelfer, Staplerschein;Lager und Logistik;2026-08-27;Initiativbewerbung;Gotha;2024-10-22;2025-02-22;2026-10-22;Im Pool
BW-01817;Steinbrück, Daniel;1999-05-21;99867;Gotha;03621 978053;daniel.steinbrueck@outlook.de;Produktionsmitarbeiter, Anlernkraft;Produktion und Montage;2026-07-03;Empfehlung;Gotha;2025-01-14;2025-12-25;2027-01-14;Im Pool
BW-01818;Schulz, Andreas;2004-02-03;99867;Gotha;03621 675350;andreas.schulz@outlook.de;Staplerfahrer Schubmast;Lager und Logistik;2026-05-27;Karrieremesse;Gotha;2025-12-03;2026-09-06;2027-12-03;Abgelehnt
BW-01819;Lange, Toni;1963-02-20;99425;Weimar;0361 654389;toni.lange@t-online.de;Montagehelfer Serienfertigung;Produktion und Montage;2026-05-29;Bundesagentur für Arbeit;Erfurt;2025-04-10;2025-11-14;2028-04-10;Im Pool
BW-01820;Lehmann, Maik;1970-12-04;99867;Gotha;0176 7639917;maik.lehmann@web.de;Zerspanungsmechaniker, Drehtechnik;CNC-Zerspanung;2026-09-06;Anzeige Website;Gotha;2026-03-24;2026-08-13;2028-03-24;Abgelehnt
BW-01821;Heinrich, Ronny;1989-12-15;07381;Pößneck;0365 607674;ronny.heinrich@mailbox.org;Fachlagerist, Staplerschein;Lager und Logistik;2026-07-05;Multiposting-Portal;Gera;2025-04-25;2025-08-17;2028-04-25;Abgelehnt
BW-01822;Sommer, Christian;1967-04-19;99099;Erfurt;0361 331834;christian.sommer@web.de;Sachbearbeitung Auftragsabwicklung, SAP;Kaufmännische Sachbearbeitung;2027-04-12;Empfehlung;Erfurt;2025-02-11;2026-04-17;2028-02-11;Im Einsatz
BW-01823;Werner, Robert;1988-12-10;37308;Heilbad Heiligenstadt;03606 850002;robert.werner@web.de;Mechatroniker Instandhaltung;Elektro;2026-05-22;Karrieremesse;Heilbad Heiligenstadt;2025-07-06;2025-10-24;2027-07-06;Abgelehnt
BW-01824;Schumacher, Dirk;1979-03-26;99427;Weimar;0361 746210;dirk.schumacher@gmx.de;Medientechnologe Druck;Druck und Verpackung;2026-08-09;Multiposting-Portal;Erfurt;2026-03-05;2026-08-14;2028-03-05;Im Pool
BW-01825;Zimmermann, Maik;1985-09-22;07743;Jena;03641 692301;maik.zimmermann@web.de;Industriemechaniker Instandhaltung;Metallbau und Schweißen;2026-09-24;Multiposting-Portal;Jena;2026-05-08;2026-06-01;2028-05-08;Vermittelt
BW-01826;Graf, Claudia;1975-05-18;99867;Gotha;03621 374777;claudia.graf@googlemail.com;Schlosser, Montageerfahrung, Kranschein;Metallbau und Schweißen;2026-08-29;Jobbörse;Gotha;2025-08-22;2026-03-02;2028-08-22;Im Pool
BW-01827;Pfeiffer, Jens;1992-02-09;99096;Erfurt;0361 850200;jens.pfeiffer@web.de;Konstruktionsmechaniker, Deutsch B2;Metallbau und Schweißen;2027-04-16;Anzeige Website;Erfurt;2025-09-14;2025-11-16;2027-09-14;Vermittelt
BW-01828;Seidel, Lars;1984-12-25;07768;Kahla;03641 712146;lars.seidel@outlook.de;Lagerhelfer, Staplerschein;Lager und Logistik;2026-08-14;Empfehlung;Jena;2024-11-18;2026-05-09;2027-11-18;Im Pool
BW-01829;Wolff, Stefan;1967-03-22;99099;Erfurt;0361 433363;stefan.wolff@t-online.de;Lohnbuchhaltung, Tarifkenntnisse;Buchhaltung;2026-11-04;Multiposting-Portal;Erfurt;2024-12-16;2025-04-09;2027-12-16;Im Einsatz
BW-01830;Ziegler, Robert;1996-08-19;99867;Gotha;03621 607307;robert.ziegler@outlook.de;Offsetdrucker, Bogenoffset, Deutsch B2;Druck und Verpackung;2026-05-20;Initiativbewerbung;Gotha;2026-04-05;2026-05-02;2028-04-05;Im Pool
BW-01831;Winkler, Diana;1978-07-28;07745;Jena;03641 849035;diana.winkler@mailbox.org;Fertigungsplaner, REFA-Grundschein, Führerschein B;Technische Fachkraft;2026-08-25;Jobbörse;Jena;2025-04-20;2025-09-06;2027-04-20;Im Pool
BW-01832;Sommer, Marvin;1973-04-23;99817;Eisenach;03621 701120;marvin.sommer@outlook.de;Versandmitarbeiter, Staplerschein;Lager und Logistik;2026-05-20;Jobbörse;Gotha;2025-04-05;2025-07-22;2027-04-05;Neu
BW-01833;Grunewald, Patrick;2005-07-14;99089;Erfurt;0361 473476;patrick.grunewald@freenet.de;Finanzbuchhaltung, DATEV;Buchhaltung;2026-08-24;Jobbörse;Erfurt;2024-10-28;2025-12-07;2027-10-28;Abgelehnt
BW-01834;Frank, Marco;1964-08-03;99974;Mühlhausen;03606 678611;marco.frank@web.de;Kundenservice, Telefonie;Kaufmännische Sachbearbeitung;2026-09-30;Multiposting-Portal;Heilbad Heiligenstadt;2026-06-02;2026-07-18;2028-06-02;Im Einsatz
BW-01835;Pfeiffer, Stefan;1991-04-21;99427;Weimar;0152 8598266;stefan.pfeiffer@t-online.de;Tischlerhelfer, Oberflächenbearbeitung;Tischlerei und Holz;2026-08-22;Anzeige Website;Erfurt;2025-07-16;2026-01-14;2027-07-16;Erstgespräch geführt
BW-01836;Braun, Kathrin;2006-01-22;07548;Gera;0365 244214;kathrin.braun@t-online.de;Technischer Zeichner, AutoCAD;Technische Fachkraft;2026-07-07;Jobbörse;Gera;2025-05-04;2025-09-19;2028-05-04;Neu
BW-01837;Kloß, Steffen;1971-11-10;98693;Ilmenau;03621 433742;steffen.kloss@web.de;Elektrohelfer, Schaltschrankbau, Kranschein;Elektro;2026-08-20;Empfehlung;Gotha;2025-03-16;2025-09-20;2028-03-16;Kein Interesse
BW-01838;Fischer, Manuela;2005-07-25;99974;Mühlhausen;03606 378010;manuela.fischer@googlemail.com;Medientechnologe Druck;Druck und Verpackung;2026-07-03;Jobbörse;Heilbad Heiligenstadt;2026-03-08;2026-04-23;2028-03-08;Abgelehnt
BW-01839;Becker, Patrick;1988-06-03;99510;Apolda;0361 253176;patrick.becker@mailbox.org;Sachbearbeitung Einkauf, Montagebereitschaft;Kaufmännische Sachbearbeitung;2026-08-08;Multiposting-Portal;Erfurt;2025-04-29;2025-09-28;2028-04-29;Im Pool
BW-01840;Rehberg, Marco;1969-08-25;99817;Eisenach;03621 972440;marco.rehberg@t-online.de;Schweißer WIG 141, Montagebereitschaft;Metallbau und Schweißen;2026-08-23;Multiposting-Portal;Gotha;2026-08-23;2026-09-01;2028-08-23;Erstgespräch geführt
BW-01841;Roth, Maik;2006-10-09;99096;Erfurt;0361 984366;maik.roth@outlook.de;Lagerhelfer, Staplerschein, Reinraumerfahrung;Lager und Logistik;2027-02-18;Jobbörse;Erfurt;2025-06-21;2026-08-18;2027-06-21;Vermittelt
BW-01842;Ludwig, Andreas;1992-06-06;99097;Erfurt;0361 957930;andreas.ludwig@mailbox.org;Versandmitarbeiter, Staplerschein, Kranschein;Lager und Logistik;2026-08-16;Karrieremesse;Erfurt;2026-08-16;2026-08-18;2028-08-16;Erstgespräch geführt
BW-01843;Vollmer, Falk;1999-07-17;99734;Nordhausen;0160 2942720;falk.vollmer@gmx.de;Mechatroniker Instandhaltung, Höhentauglichkeit G41;Elektro;2026-12-12;Jobbörse;Heilbad Heiligenstadt;2025-05-15;2026-09-05;2028-05-15;Im Einsatz
BW-01844;Vollmer, Mario;1977-01-17;99423;Weimar;0361 727811;mario.vollmer@web.de;Elektroniker Energie- und Gebäudetechnik;Elektro;2026-09-07;Initiativbewerbung;Erfurt;2026-09-07;2026-09-07;2029-09-07;Abgelehnt
BW-01845;Busch, Patrick;1977-06-22;99096;Erfurt;0361 666362;patrick.busch@web.de;Zerspanungsmechaniker, Frästechnik;CNC-Zerspanung;2026-08-08;Jobbörse;Erfurt;2025-02-03;2025-08-26;2028-02-03;Im Pool
BW-01846;Martin, Marco;1994-03-07;99427;Weimar;0152 5785699;marco.martin@gmx.de;Qualitätsprüfer, Messmittel und Lehren;Technische Fachkraft;2026-08-09;Multiposting-Portal;Erfurt;2025-09-26;2026-03-29;2028-09-26;Im Pool
BW-01847;Steinbrück, Nico;1973-09-03;07381;Pößneck;0365 671917;nico.steinbrueck@mailbox.org;Konstruktionsmechaniker, Führerschein B;Metallbau und Schweißen;2026-08-10;Anzeige Website;Gera;2026-07-22;2026-09-02;2028-07-22;Im Pool
BW-01848;Martin, Torsten;1990-06-22;99974;Mühlhausen;03606 932570;torsten.martin@t-online.de;Schlosser, Montageerfahrung, Reinraumerfahrung;Metallbau und Schweißen;2026-06-05;Initiativbewerbung;Heilbad Heiligenstadt;2025-06-11;2025-06-11;2027-06-11;Im Pool
BW-01849;Richter, Sebastian;2003-08-05;99086;Erfurt;0178 1925740;sebastian.richter@t-online.de;Metallbauer Konstruktionstechnik;Metallbau und Schweißen;2026-06-21;Multiposting-Portal;Erfurt;2026-04-28;2026-08-20;2029-04-28;Im Pool
BW-01850;Grunewald, Dennis;1981-12-07;07646;Stadtroda;0160 5047033;dennis.grunewald@web.de;Lagerhelfer, Staplerschein;Lager und Logistik;2026-06-28;Multiposting-Portal;Jena;2025-01-17;2025-06-09;2027-01-17;Im Pool
BW-01851;Arnold, Thomas;2001-09-14;07745;Jena;03641 496196;thomas.arnold@freenet.de;Produktionsmitarbeiter, Anlernkraft, Staplerschein;Produktion und Montage;2026-11-20;Initiativbewerbung;Jena;2025-11-24;2026-07-15;2027-11-24;Im Einsatz
BW-01852;Kaiser, Melanie;1990-01-21;07745;Jena;03641 763913;melanie.kaiser@mailbox.org;Mechatroniker Instandhaltung;Elektro;2027-02-28;Multiposting-Portal;Jena;2026-04-29;2026-05-08;2029-04-29;Im Einsatz
BW-01853;Lehmann, Toni;2005-10-18;07973;Greiz;0365 439715;toni.lehmann@mailbox.org;Kommissionierer, Scannererfahrung;Lager und Logistik;2026-07-09;Initiativbewerbung;Gera;2025-07-05;2025-08-05;2027-07-05;Abgelehnt
BW-01854;Krause, Dennis;1967-06-26;99310;Arnstadt;0171 7820721;dennis.krause@web.de;Kommissionierer, Scannererfahrung, Montagebereitschaft;Lager und Logistik;2026-06-02;Anzeige Website;Erfurt;2025-02-17;2026-04-10;2028-02-17;Abgelehnt
BW-01855;Ziegler, Steffen;1991-02-14;07549;Gera;0365 267339;steffen.ziegler@outlook.de;Schweißer WIG 141;Metallbau und Schweißen;2026-09-24;Multiposting-Portal;Gera;2026-04-02;2026-07-30;2028-04-02;Im Einsatz
BW-01856;Wagner, Falk;1980-11-15;99097;Erfurt;0361 356640;falk.wagner@web.de;Druckhelfer, Nachtschicht;Druck und Verpackung;2026-08-01;Multiposting-Portal;Erfurt;2025-09-26;2025-10-17;2027-09-26;Im Pool
BW-01857;Voigt, Michael;1984-11-09;07318;Saalfeld;03641 346120;michael.voigt@googlemail.com;Helfer Kunststoffverarbeitung, Schichtbereitschaft;Produktion und Montage;2026-07-22;Multiposting-Portal;Jena;2026-07-22;2026-07-30;2028-07-22;Neu
BW-01858;Seidel, Uwe;1975-04-10;99867;Gotha;03621 765318;uwe.seidel@mailbox.org;Staplerfahrer Schubmast;Lager und Logistik;2026-05-22;Multiposting-Portal;Gotha;2025-11-12;2026-08-31;2027-11-12;Kein Interesse
BW-01859;Hofmann, Silvio;1999-02-11;99427;Weimar;0361 200343;silvio.hofmann@t-online.de;CNC-Fachkraft, Programmierkenntnisse, Reinraumerfahrung;CNC-Zerspanung;2026-07-27;Anzeige Website;Erfurt;2025-09-11;2025-11-24;2027-09-11;Im Pool
BW-01860;Kuhn, Dennis;2000-11-13;98693;Ilmenau;0171 5324804;dennis.kuhn@t-online.de;CNC-Fräser, Heidenhain TNC;CNC-Zerspanung;2027-01-10;Initiativbewerbung;Gotha;2024-11-08;2025-05-21;2026-11-08;Im Einsatz
BW-01861;Roth, Hendrik;1981-08-10;07749;Jena;0163 9501353;hendrik.roth@web.de;Schweißer MAG 135, Prüfung gültig;Metallbau und Schweißen;2027-05-02;Anzeige Website;Jena;2025-07-26;2026-01-06;2027-07-26;Im Einsatz
BW-01862;Pfaff, Anke;1983-10-05;99974;Mühlhausen;0176 1151324;anke.pfaff@t-online.de;Produktionsmitarbeiter, Anlernkraft;Produktion und Montage;2027-02-11;Bundesagentur für Arbeit;Heilbad Heiligenstadt;2025-04-26;2025-06-27;2027-04-26;Im Einsatz
BW-01863;Rehberg, Jens;1965-12-07;99817;Eisenach;0163 4068314;jens.rehberg@outlook.de;Montagehelfer Serienfertigung;Produktion und Montage;2027-01-14;Anzeige Website;Gotha;2026-05-29;2026-06-29;2028-05-29;Im Einsatz
BW-01864;Böhm, Andreas;1978-12-03;99867;Gotha;03621 756759;andreas.boehm@freenet.de;Sachbearbeitung Auftragsabwicklung, SAP;Kaufmännische Sachbearbeitung;2026-05-18;Anzeige Website;Gotha;2025-04-30;2025-11-06;2027-04-30;Im Pool
BW-01865;Lang, Petra;1982-09-16;99097;Erfurt;0160 5174080;petra.lang@mailbox.org;Technischer Produktdesigner, Inventor, Schichtbereitschaft;Technische Fachkraft;2027-01-08;Initiativbewerbung;Erfurt;2026-04-23;2026-05-10;2028-04-23;Vermittelt
BW-01866;Braun, Steffi;1969-12-27;07407;Rudolstadt;0177 8255625;steffi.braun@googlemail.com;Zerspanungsmechaniker, Drehtechnik, Montagebereitschaft;CNC-Zerspanung;2026-07-16;Anzeige Website;Jena;2024-10-29;2025-08-19;2027-10-29;Im Pool
BW-01867;Lange, Lars;1977-09-08;37327;Leinefelde-Worbis;03606 775582;lars.lange@googlemail.com;Elektroniker Energie- und Gebäudetechnik;Elektro;2026-09-03;Anzeige Website;Heilbad Heiligenstadt;2026-09-03;2026-09-06;2028-09-03;Nicht erreichbar
BW-01868;Zimmermann, Katrin;1988-08-28;07745;Jena;0178 7988179;katrin.zimmermann@googlemail.com;Elektroniker Betriebstechnik;Elektro;2026-06-14;Initiativbewerbung;Jena;2025-09-16;2025-12-05;2027-09-16;Kein Interesse
BW-01869;Keller, Franziska;1968-01-16;99947;Bad Langensalza;0151 3681943;franziska.keller@freenet.de;Tischlerhelfer, Oberflächenbearbeitung;Tischlerei und Holz;2026-10-23;Jobbörse;Gotha;2026-04-27;2026-07-31;2028-04-27;Vermittelt
BW-01870;Zimmermann, Enrico;1979-02-19;07548;Gera;0365 260951;enrico.zimmermann@freenet.de;Maschinenbediener Kunststoff;Produktion und Montage;2026-08-27;Jobbörse;Gera;2024-10-31;2025-04-22;2027-10-31;Im Pool
BW-01871;Stein, Andreas;1986-10-11;99867;Gotha;0151 3831904;andreas.stein@freenet.de;Assistenz Vertriebsinnendienst, Höhentauglichkeit G41;Kaufmännische Sachbearbeitung;2026-12-06;Karrieremesse;Gotha;2026-06-09;2026-08-28;2028-06-09;Vermittelt
BW-01872;Braun, Ines;1965-05-04;99097;Erfurt;0178 8021177;ines.braun@gmx.de;CNC-Fachkraft, Programmierkenntnisse, Führerschein B;CNC-Zerspanung;2026-06-20;Bundesagentur für Arbeit;Erfurt;2025-04-11;2025-07-01;2027-04-11;Erstgespräch geführt
BW-01873;Schubert, Ronny;1971-09-14;99974;Mühlhausen;03606 565759;ronny.schubert@t-online.de;Metallbauer Konstruktionstechnik;Metallbau und Schweißen;2026-08-25;Jobbörse;Heilbad Heiligenstadt;2025-08-12;2025-12-25;2028-08-12;Kein Interesse
BW-01874;Roth, Frank;1996-12-09;07545;Gera;0365 944580;frank.roth@outlook.de;Bürokauffrau, MS Office;Kaufmännische Sachbearbeitung;2026-08-13;Jobbörse;Gera;2025-09-16;2025-12-17;2027-09-16;Nicht erreichbar
BW-01875;Nowak, Sven;1994-09-23;99089;Erfurt;0361 773350;sven.nowak@outlook.de;Lohnbuchhaltung, Tarifkenntnisse;Buchhaltung;2026-09-05;Initiativbewerbung;Erfurt;2025-06-24;2026-08-06;2028-06-24;Abgelehnt
BW-01876;Bauer, Susanne;1970-10-15;99817;Eisenach;03621 607912;susanne.bauer@mailbox.org;Metallbauer Konstruktionstechnik, Höhentauglichkeit G41;Metallbau und Schweißen;2026-08-22;Multiposting-Portal;Gotha;2025-10-11;2026-03-24;2027-10-11;Im Pool
BW-01877;Lang, Vanessa;2002-04-01;99310;Arnstadt;0170 4602152;vanessa.lang@t-online.de;Kundenservice, Telefonie;Kaufmännische Sachbearbeitung;2026-07-17;Bundesagentur für Arbeit;Erfurt;2025-06-14;2026-03-24;2027-06-14;Im Pool
BW-01878;Groß, Patrick;1981-03-19;07549;Gera;0365 832467;patrick.gross@web.de;CNC-Fräser, Heidenhain TNC;CNC-Zerspanung;2026-08-14;Jobbörse;Gera;2025-02-10;2025-06-01;2027-02-10;Neu
BW-01879;Jung, Nico;1986-07-05;99610;Sömmerda;0361 781458;nico.jung@web.de;Elektroniker Betriebstechnik;Elektro;2026-05-23;Anzeige Website;Erfurt;2025-08-30;2026-07-15;2028-08-30;Im Pool
BW-01880;Richter, Jens;1967-02-28;07381;Pößneck;0365 639632;jens.richter@web.de;CNC-Fachkraft, Programmierkenntnisse;CNC-Zerspanung;2026-05-26;Anzeige Website;Gera;2025-03-25;2026-05-18;2027-03-25;Erstgespräch geführt
BW-01881;Fischer, Nicole;1986-11-18;07646;Stadtroda;03641 552746;nicole.fischer@t-online.de;Zerspanungsmechaniker, Drehtechnik, Reinraumerfahrung;CNC-Zerspanung;2026-06-03;Anzeige Website;Jena;2026-02-18;2026-08-26;2028-02-18;Im Pool
BW-01882;Franke, Falk;1971-11-03;99099;Erfurt;0361 341733;falk.franke@mailbox.org;Holzmechaniker Möbelbau;Tischlerei und Holz;2026-10-09;Anzeige Website;Erfurt;2026-05-18;2026-06-21;2028-05-18;Im Einsatz
BW-01883;Graf, Maria;2000-02-17;99425;Weimar;0361 726336;maria.graf@mailbox.org;Maschinen- und Anlagenführer, Deutsch B2;Produktion und Montage;2026-08-22;Initiativbewerbung;Erfurt;2025-01-28;2026-05-13;2027-01-28;Abgelehnt
BW-01884;Beck, Carolin;1978-08-06;99310;Arnstadt;0361 719459;carolin.beck@mailbox.org;Maschinenbediener Kunststoff;Produktion und Montage;2026-08-20;Multiposting-Portal;Erfurt;2025-08-28;2025-11-17;2027-08-28;Abgelehnt
BW-01885;Schmidt, Katrin;2006-11-10;07545;Gera;0365 613982;katrin.schmidt@t-online.de;Elektroniker Betriebstechnik;Elektro;2026-06-04;Anzeige Website;Gera;2025-12-10;2026-08-14;2027-12-10;Im Pool
BW-01886;Müller, Kerstin;2006-10-14;99085;Erfurt;0361 779405;kerstin.mueller@web.de;Kommissionierer, Scannererfahrung;Lager und Logistik;2027-03-03;Jobbörse;Erfurt;2025-06-04;2025-09-23;2028-06-04;Vermittelt
BW-01887;Richter, Ralf;1971-05-20;99096;Erfurt;0361 961641;ralf.richter@web.de;Montagehelfer Serienfertigung;Produktion und Montage;2026-05-31;Anzeige Website;Erfurt;2025-02-25;2025-04-03;2027-02-25;Im Pool
BW-01888;Franke, Christian;1985-11-15;07318;Saalfeld;0177 5455602;christian.franke@googlemail.com;Elektroniker Energie- und Gebäudetechnik;Elektro;2026-07-31;Empfehlung;Jena;2025-09-29;2025-10-19;2028-09-29;Im Pool
BW-01889;Schuster, Ronny;1962-03-24;99510;Apolda;0361 742600;ronny.schuster@web.de;Elektroinstallateur, Baustelleneinsatz, Höhentauglichkeit G41;Elektro;2026-05-19;Empfehlung;Erfurt;2025-06-19;2025-11-05;2027-06-19;Im Pool
BW-01890;Weber, Christin;1977-09-07;99734;Nordhausen;03606 363565;christin.weber@gmx.de;Montagehelfer Serienfertigung;Produktion und Montage;2027-03-19;Jobbörse;Heilbad Heiligenstadt;2026-02-19;2026-03-09;2028-02-19;Vermittelt
BW-01891;Köhler, Christian;2001-04-02;99734;Nordhausen;03606 495543;christian.koehler@web.de;Metallbauer Konstruktionstechnik, Höhentauglichkeit G41;Metallbau und Schweißen;2026-08-25;Initiativbewerbung;Heilbad Heiligenstadt;2025-01-09;2026-03-25;2028-01-09;Nicht erreichbar
BW-01892;Köhler, Björn;1984-01-03;99310;Arnstadt;0157 3106306;bjoern.koehler@outlook.de;Druckhelfer, Nachtschicht, Führerschein B;Druck und Verpackung;2026-10-19;Jobbörse;Erfurt;2026-07-28;2026-09-06;2028-07-28;Im Einsatz
BW-01893;Zimmermann, Robert;1987-02-16;07973;Greiz;0365 851178;robert.zimmermann@mailbox.org;Zerspanungsmechaniker, Frästechnik;CNC-Zerspanung;2026-12-16;Jobbörse;Gera;2025-03-06;2025-05-08;2028-03-06;Vermittelt
BW-01894;Meier, Sven;2003-07-10;99310;Arnstadt;0176 7736158;sven.meier@web.de;Schweißer WIG 141;Metallbau und Schweißen;2026-06-10;Multiposting-Portal;Erfurt;2025-12-11;2026-06-14;2028-12-11;Nicht erreichbar
BW-01895;Graf, Toni;1968-04-09;99867;Gotha;03621 846843;toni.graf@mailbox.org;Elektroniker Energie- und Gebäudetechnik;Elektro;2026-07-20;Jobbörse;Gotha;2025-04-19;2026-06-07;2027-04-19;Erstgespräch geführt
BW-01896;Pfaff, Rene;1998-12-27;07747;Jena;03641 355602;rene.pfaff@googlemail.com;Fertigungsplaner, REFA-Grundschein, Höhentauglichkeit G41;Technische Fachkraft;2026-05-16;Multiposting-Portal;Jena;2024-12-29;2025-04-11;2027-12-29;Im Pool
BW-01897;Schmitt, Kerstin;1995-07-23;07743;Jena;0160 3843048;kerstin.schmitt@outlook.de;Metallbauer Konstruktionstechnik;Metallbau und Schweißen;2026-06-04;Multiposting-Portal;Jena;2026-04-12;2026-08-28;2029-04-12;Im Pool
BW-01898;Ludwig, Andreas;1991-03-01;07973;Greiz;0151 8625265;andreas.ludwig@outlook.de;Schlosser, Montageerfahrung, Höhentauglichkeit G41;Metallbau und Schweißen;2026-06-07;Jobbörse;Gera;2025-11-06;2026-02-17;2027-11-06;Neu
BW-01899;Klein, Lars;1977-03-19;99085;Erfurt;0170 1554587;lars.klein@web.de;Produktionsmitarbeiter, Anlernkraft, Staplerschein;Produktion und Montage;2026-08-18;Multiposting-Portal;Erfurt;2026-08-18;2026-09-02;2029-08-18;Im Pool
BW-01900;Bauer, Mario;1995-07-07;07546;Gera;0176 7113477;mario.bauer@web.de;Offsetdrucker, Bogenoffset;Druck und Verpackung;2027-02-07;Initiativbewerbung;Gera;2026-02-10;2026-02-19;2028-02-10;Vermittelt
BW-01901;Jäger, Antje;1981-08-17;99310;Arnstadt;0361 618799;antje.jaeger@googlemail.com;CNC-Fachkraft, Programmierkenntnisse, Reinraumerfahrung;CNC-Zerspanung;2026-08-22;Empfehlung;Erfurt;2020-04-10;2026-08-29;2028-08-29;Im Pool
BW-01902;Schmidt, Sebastian;1988-12-27;07749;Jena;03641 803661;sebastian.schmidt@freenet.de;Produktionshelfer, 3-Schicht;Produktion und Montage;2026-06-17;Initiativbewerbung;Jena;2024-10-14;2026-06-12;2026-10-14;Im Pool
BW-01903;Becker, Regina;1972-11-12;99510;Apolda;0361 610331;regina.becker@mailbox.org;Schweißer WIG 141, Deutsch B2;Metallbau und Schweißen;2026-06-26;Multiposting-Portal;Erfurt;2025-11-15;2025-12-25;2027-11-15;Erstgespräch geführt
BW-01904;Becker, Patrick;1998-08-21;99610;Sömmerda;0361 775043;patrick.becker@outlook.de;Maschinenbediener Kunststoff;Produktion und Montage;2027-03-08;Jobbörse;Erfurt;2025-09-25;2025-11-05;2027-09-25;Im Einsatz
BW-01905;Simon, Elke;1964-03-22;07318;Saalfeld;03641 429311;elke.simon@t-online.de;Elektroniker Energie- und Gebäudetechnik;Elektro;2026-10-13;Initiativbewerbung;Jena;2025-08-17;2026-05-26;2027-08-17;Vermittelt
BW-01906;Otto, Lars;1969-06-07;07407;Rudolstadt;03641 486318;lars.otto@freenet.de;Technischer Zeichner, AutoCAD;Technische Fachkraft;2026-05-17;Initiativbewerbung;Jena;2025-03-11;2026-05-28;2027-03-11;Im Pool
BW-01907;Winter, Silvio;1972-06-03;07381;Pößneck;0365 541966;silvio.winter@web.de;Kommissionierer, Scannererfahrung, Reinraumerfahrung;Lager und Logistik;2026-07-19;Multiposting-Portal;Gera;2026-05-20;2026-07-11;2028-05-20;Abgelehnt
BW-01908;Nowak, Patrick;1972-02-14;99086;Erfurt;0361 612649;patrick.nowak@outlook.de;Maschinenführer Verpackungslinie;Druck und Verpackung;2026-07-27;Multiposting-Portal;Erfurt;2025-12-04;2026-01-04;2028-12-04;Abgelehnt
BW-01909;Lang, Andrea;1994-01-23;07549;Gera;0365 584565;andrea.lang@web.de;Lagerfachkraft, Wareneingang, Deutsch B2;Lager und Logistik;2026-06-30;Anzeige Website;Gera;2025-04-24;2026-03-25;2027-04-24;Erstgespräch geführt
BW-01910;Roth, Stefan;1975-01-18;07747;Jena;03641 561414;stefan.roth@freenet.de;Helfer Kunststoffverarbeitung;Produktion und Montage;2026-09-01;Bundesagentur für Arbeit;Jena;2025-06-04;2026-04-22;2027-06-04;Nicht erreichbar
BW-01911;Stein, Erik;2001-08-14;99867;Gotha;03621 304017;erik.stein@t-online.de;Sachbearbeitung Einkauf;Kaufmännische Sachbearbeitung;2027-03-02;Bundesagentur für Arbeit;Gotha;2025-02-15;2026-04-24;2027-02-15;Vermittelt
BW-01912;Maier, Silke;1980-02-11;99947;Bad Langensalza;0151 5596563;silke.maier@mailbox.org;Sachbearbeitung Einkauf, Montagebereitschaft;Kaufmännische Sachbearbeitung;2026-06-28;Initiativbewerbung;Gotha;2024-11-20;2025-10-15;2026-11-20;Im Pool
BW-01913;König, Mario;2007-08-06;99089;Erfurt;0151 9305193;mario.koenig@gmx.de;Montagehelfer Serienfertigung;Produktion und Montage;2027-01-12;Initiativbewerbung;Erfurt;2026-03-10;2026-08-29;2028-03-10;Vermittelt
BW-01914;Haas, Franziska;2007-07-18;07548;Gera;0365 219398;franziska.haas@web.de;Druckhelfer, Nachtschicht;Druck und Verpackung;2026-07-02;Anzeige Website;Gera;2025-04-03;2026-07-08;2027-04-03;Im Pool
BW-01915;Krause, Christin;2002-07-04;99097;Erfurt;0361 671911;christin.krause@t-online.de;Staplerfahrer Schubmast;Lager und Logistik;2026-06-07;Jobbörse;Erfurt;2025-04-05;2025-04-22;2027-04-05;Im Pool
BW-01916;Nowak, Toni;2004-11-09;99089;Erfurt;0361 432677;toni.nowak@mailbox.org;Fachlagerist, Staplerschein;Lager und Logistik;2026-05-24;Initiativbewerbung;Erfurt;2024-11-23;2025-04-11;2027-11-23;Im Pool
BW-01917;Berger, Hendrik;2003-04-27;07973;Greiz;0365 735143;hendrik.berger@web.de;Produktionshelfer, 3-Schicht;Produktion und Montage;2026-06-02;Empfehlung;Gera;2025-06-14;2026-03-13;2027-06-14;Im Pool
BW-01918;Schmid, Michael;1987-02-05;99310;Arnstadt;0152 5972812;michael.schmid@web.de;Mechatroniker Instandhaltung;Elektro;2026-08-14;Empfehlung;Erfurt;2026-08-14;2026-08-29;2029-08-14;Abgelehnt
BW-01919;Richter, Falk;1989-12-25;07318;Saalfeld;0152 6133876;falk.richter@t-online.de;Sachbearbeitung Einkauf, Schichtbereitschaft;Kaufmännische Sachbearbeitung;2026-08-25;Karrieremesse;Jena;2025-08-05;2026-01-14;2027-08-05;Im Pool
BW-01920;Wolff, Doreen;1988-02-23;99096;Erfurt;0361 854058;doreen.wolff@freenet.de;Kreditorenbuchhaltung, SAP FI, Führerschein B;Buchhaltung;2026-10-06;Multiposting-Portal;Erfurt;2025-04-12;2025-07-16;2028-04-12;Vermittelt
BW-01921;Steinbrück, Vanessa;1978-04-24;99947;Bad Langensalza;0170 3132324;vanessa.steinbrueck@mailbox.org;Staplerfahrer Schubmast;Lager und Logistik;2026-10-09;Multiposting-Portal;Gotha;2025-01-26;2025-06-05;2027-01-26;Vermittelt
BW-01922;Baumann, Thomas;1976-01-12;99510;Apolda;0361 620654;thomas.baumann@outlook.de;Versandmitarbeiter, Staplerschein;Lager und Logistik;2027-04-18;Jobbörse;Erfurt;2026-08-27;2026-09-05;2028-08-27;Im Einsatz
BW-01923;Krüger, Andrea;1966-12-23;99867;Gotha;0163 4074253;andrea.krueger@web.de;Offsetdrucker, Bogenoffset, Deutsch B2;Druck und Verpackung;2026-08-07;Empfehlung;Gotha;2025-08-30;2025-09-07;2028-08-30;Im Pool
BW-01924;Werner, Yvonne;1990-12-07;37308;Heilbad Heiligenstadt;03606 943639;yvonne.werner@googlemail.com;Lohnbuchhaltung, Tarifkenntnisse;Buchhaltung;2027-03-10;Anzeige Website;Heilbad Heiligenstadt;2024-10-22;2025-04-18;2027-10-22;Vermittelt
BW-01925;Sommer, Claudia;1981-06-11;99734;Nordhausen;03606 881619;claudia.sommer@gmx.de;CNC-Bediener, Rüsterfahrung, Montagebereitschaft;CNC-Zerspanung;2026-09-27;Anzeige Website;Heilbad Heiligenstadt;2025-09-17;2025-11-01;2028-09-17;Im Einsatz
BW-01926;Wolf, Ramona;1995-05-09;99867;Gotha;03621 381748;ramona.wolf@gmx.de;Finanzbuchhaltung, DATEV;Buchhaltung;2026-07-12;Jobbörse;Gotha;2025-07-08;2025-09-26;2028-07-08;Im Pool
BW-01927;Stein, Ralf;1992-04-28;99094;Erfurt;0176 5257889;ralf.stein@googlemail.com;Sachbearbeitung Einkauf, Deutsch B2;Kaufmännische Sachbearbeitung;2026-07-04;Multiposting-Portal;Erfurt;2026-05-12;2026-05-23;2029-05-12;Im Pool
BW-01928;Roth, Marco;1987-11-25;99867;Gotha;03621 566964;marco.roth@freenet.de;Maschinenbediener Kunststoff;Produktion und Montage;2026-06-14;Jobbörse;Gotha;2024-12-22;2026-02-09;2027-12-22;Erstgespräch geführt
BW-01929;Schmitz, Michael;1971-05-07;07548;Gera;0163 3345521;michael.schmitz@t-online.de;Holzmechaniker Möbelbau, Montagebereitschaft;Tischlerei und Holz;2026-06-02;Jobbörse;Gera;2025-04-22;2025-10-03;2028-04-22;Im Pool
BW-01930;Albrecht, Nico;2002-08-01;07546;Gera;0365 327363;nico.albrecht@web.de;Lagerfachkraft, Wareneingang;Lager und Logistik;2026-07-20;Anzeige Website;Gera;2025-01-30;2026-01-21;2027-01-30;Im Pool
BW-01931;Schmid, Matthias;1974-12-09;37308;Heilbad Heiligenstadt;03606 414933;matthias.schmid@gmx.de;Technischer Produktdesigner, Inventor;Technische Fachkraft;2026-09-04;Jobbörse;Heilbad Heiligenstadt;2024-12-18;2026-03-14;2026-12-18;Nicht erreichbar
BW-01932;Schneider, Dirk;1985-04-16;99610;Sömmerda;0361 456903;dirk.schneider@mailbox.org;Maschinen- und Anlagenführer;Produktion und Montage;2026-07-06;Jobbörse;Erfurt;2025-01-23;2025-12-25;2027-01-23;Im Pool
BW-01933;Herrmann, Birgit;1976-05-14;07973;Greiz;0152 2301884;birgit.herrmann@freenet.de;Maschinenbediener Kunststoff;Produktion und Montage;2027-04-28;Anzeige Website;Gera;2025-10-19;2026-07-13;2027-10-19;Vermittelt
BW-01934;Stein, Falk;1984-09-02;37327;Leinefelde-Worbis;03606 960279;falk.stein@outlook.de;Helfer Kunststoffverarbeitung;Produktion und Montage;2026-09-08;Anzeige Website;Heilbad Heiligenstadt;2026-02-12;2026-03-30;2028-02-12;Erstgespräch geführt
BW-01935;Groß, Hendrik;1985-06-17;07546;Gera;0365 499862;hendrik.gross@outlook.de;Montagehelfer Serienfertigung;Produktion und Montage;2026-06-25;Jobbörse;Gera;2025-11-06;2026-06-18;2027-11-06;Erstgespräch geführt
BW-01936;Arnold, Andreas;1988-02-14;99610;Sömmerda;0361 825289;andreas.arnold@web.de;CNC-Fachkraft, Programmierkenntnisse;CNC-Zerspanung;2026-08-31;Multiposting-Portal;Erfurt;2026-02-03;2026-03-20;2028-02-03;Neu
BW-01937;Busch, Maik;1998-04-06;07549;Gera;0152 5455951;maik.busch@googlemail.com;Tischler, CNC-Bearbeitungszentrum, Schichtbereitschaft;Tischlerei und Holz;2026-07-02;Multiposting-Portal;Gera;2026-02-28;2026-05-05;2028-02-28;Abgelehnt
BW-01938;Stein, Erik;1991-11-10;99089;Erfurt;0361 417345;erik.stein@mailbox.org;Offsetdrucker, Bogenoffset;Druck und Verpackung;2026-09-02;Anzeige Website;Erfurt;2026-09-02;2026-09-02;2028-09-02;Erstgespräch geführt
BW-01939;Stein, Enrico;2003-11-27;99423;Weimar;0170 7092346;enrico.stein@t-online.de;Lohnbuchhaltung, Tarifkenntnisse;Buchhaltung;2026-09-03;Jobbörse;Erfurt;2026-05-12;2026-08-29;2028-05-12;Kein Interesse
BW-01940;Nowak, Simone;2002-11-07;99089;Erfurt;0361 575981;simone.nowak@gmx.de;Verpackungsmitarbeiter, Akkordbereitschaft;Druck und Verpackung;2026-11-20;Empfehlung;Erfurt;2025-05-26;2026-07-22;2027-05-26;Vermittelt
BW-01941;Mayer, Katrin;1982-08-13;07549;Gera;0365 474640;katrin.mayer@outlook.de;Tischler, CNC-Bearbeitungszentrum, Montagebereitschaft;Tischlerei und Holz;2026-09-01;Bundesagentur für Arbeit;Gera;2026-08-24;2026-08-28;2028-08-24;Im Pool
BW-01942;Pfeiffer, Petra;1990-01-12;07743;Jena;0152 9075675;petra.pfeiffer@outlook.de;Sachbearbeitung Einkauf;Kaufmännische Sachbearbeitung;2026-07-16;Multiposting-Portal;Jena;2024-12-26;2025-08-01;2026-12-26;Abgelehnt
BW-01943;Fischer, Falk;2006-07-17;07646;Stadtroda;0170 2007640;falk.fischer@freenet.de;Schweißer WIG 141;Metallbau und Schweißen;2026-07-27;Empfehlung;Jena;2026-07-27;2026-08-27;2029-07-27;Im Pool
BW-01944;Meier, Julia;1993-07-28;07318;Saalfeld;0170 9514650;julia.meier@web.de;CNC-Fachkraft, Programmierkenntnisse, Staplerschein;CNC-Zerspanung;2026-09-01;Multiposting-Portal;Jena;2026-03-01;2026-05-19;2029-03-01;Im Pool
BW-01945;Hoffmann, Birgit;2000-06-12;07407;Rudolstadt;03641 645096;birgit.hoffmann@outlook.de;Lagerfachkraft, Wareneingang, Reinraumerfahrung;Lager und Logistik;2026-06-23;Jobbörse;Jena;2025-06-26;2026-07-07;2027-06-26;Erstgespräch geführt
BW-01946;Meyer, Michael;1972-05-25;99085;Erfurt;0361 744258;michael.meyer@gmx.de;Druckhelfer, Nachtschicht, Schichtbereitschaft;Druck und Verpackung;2026-05-16;Karrieremesse;Erfurt;2026-04-26;2026-05-20;2028-04-26;Im Pool
BW-01947;Hoffmann, Sabine;1965-05-26;99310;Arnstadt;0361 662349;sabine.hoffmann@outlook.de;Schlosser, Montageerfahrung;Metallbau und Schweißen;2026-07-29;Initiativbewerbung;Erfurt;2026-06-10;2026-07-15;2028-06-10;Im Pool
BW-01948;Beck, Maik;1991-04-15;07580;Ronneburg;0365 392568;maik.beck@web.de;Kreditorenbuchhaltung, SAP FI;Buchhaltung;2027-03-18;Multiposting-Portal;Gera;2026-06-15;2026-06-26;2028-06-15;Im Einsatz
BW-01949;Klein, Matthias;1990-07-17;99867;Gotha;03621 538583;matthias.klein@freenet.de;Medientechnologe Druck;Druck und Verpackung;2026-05-13;Jobbörse;Gotha;2024-11-16;2025-11-28;2027-11-16;Im Pool
BW-01950;Schneider, Uwe;1991-10-27;07743;Jena;03641 279476;uwe.schneider@googlemail.com;Staplerfahrer Schubmast;Lager und Logistik;2026-06-23;Multiposting-Portal;Jena;2025-11-04;2026-04-05;2028-11-04;Abgelehnt
BW-01951;Neumann, Michael;1996-05-20;99974;Mühlhausen;03606 849118;michael.neumann@freenet.de;Medientechnologe Druck, Kranschein;Druck und Verpackung;2026-07-02;Anzeige Website;Heilbad Heiligenstadt;2026-02-05;2026-05-30;2028-02-05;Im Pool
BW-01952;Schmid, Lars;2005-01-01;99974;Mühlhausen;03606 402660;lars.schmid@outlook.de;CNC-Fachkraft, Programmierkenntnisse, Reinraumerfahrung;CNC-Zerspanung;2026-06-02;Anzeige Website;Heilbad Heiligenstadt;2026-02-12;2026-06-29;2028-02-12;Neu
BW-01953;Braun, Dennis;2002-12-17;07646;Stadtroda;0170 8070159;dennis.braun@mailbox.org;Maschinen- und Anlagenführer, Reinraumerfahrung;Produktion und Montage;2026-07-17;Multiposting-Portal;Jena;2025-05-27;2026-02-19;2027-05-27;Im Pool
BW-01954;Lang, Nicole;1993-07-15;99423;Weimar;0361 381060;nicole.lang@outlook.de;Offsetdrucker, Bogenoffset, Kranschein;Druck und Verpackung;2026-07-14;Multiposting-Portal;Erfurt;2025-07-11;2025-12-02;2027-07-11;Abgelehnt
BW-01955;Krause, Hendrik;1963-12-18;99974;Mühlhausen;0163 6523974;hendrik.krause@t-online.de;CNC-Fräser, Heidenhain TNC, Staplerschein;CNC-Zerspanung;2026-07-20;Empfehlung;Heilbad Heiligenstadt;2025-01-23;2025-10-04;2028-01-23;Im Pool
BW-01956;Kühn, Diana;2006-09-20;07973;Greiz;0365 686489;diana.kuehn@t-online.de;Qualitätsprüfer, Messmittel und Lehren;Technische Fachkraft;2026-08-04;Initiativbewerbung;Gera;2025-06-26;2026-06-18;2027-06-26;Abgelehnt
BW-01957;Vogel, Vanessa;2001-10-27;99867;Gotha;03621 495939;vanessa.vogel@mailbox.org;Sachbearbeitung Auftragsabwicklung, SAP;Kaufmännische Sachbearbeitung;2026-09-05;Multiposting-Portal;Gotha;2026-06-28;2026-08-26;2029-06-28;Nicht erreichbar
BW-01958;Weber, Marco;2007-05-26;99084;Erfurt;0361 262363;marco.weber@gmx.de;Zerspanungsmechaniker, Drehtechnik, Führerschein B;CNC-Zerspanung;2026-07-30;Initiativbewerbung;Erfurt;2024-12-01;2024-12-09;2027-12-01;Nicht erreichbar
BW-01959;Vollmer, Anja;2002-09-19;07545;Gera;0152 9947869;anja.vollmer@mailbox.org;Kaufmann Büromanagement, DATEV-Grundkenntnisse;Kaufmännische Sachbearbeitung;2027-03-15;Bundesagentur für Arbeit;Gera;2025-02-12;2025-08-09;2027-02-12;Im Einsatz
BW-01960;Bergmann, Holger;1971-08-08;99817;Eisenach;03621 461597;holger.bergmann@googlemail.com;Fertigungsplaner, REFA-Grundschein;Technische Fachkraft;2026-08-29;Empfehlung;Gotha;2026-08-12;2026-09-04;2028-08-12;Im Pool
BW-01961;Keller, Stefan;2000-03-27;07747;Jena;03641 877345;stefan.keller@mailbox.org;Versandmitarbeiter, Staplerschein;Lager und Logistik;2026-08-24;Empfehlung;Jena;2025-06-21;2026-01-12;2027-06-21;Abgelehnt
BW-01962;Sommer, Denise;1969-06-26;99610;Sömmerda;0163 2177426;denise.sommer@t-online.de;Verpackungsmitarbeiter, Akkordbereitschaft;Druck und Verpackung;2026-12-26;Bundesagentur für Arbeit;Erfurt;2026-06-01;2026-06-15;2028-06-01;Im Einsatz
BW-01963;Lehmann, Sebastian;2000-09-27;07545;Gera;0365 852021;sebastian.lehmann@gmx.de;Technischer Zeichner, AutoCAD, Deutsch B2;Technische Fachkraft;2026-12-10;Empfehlung;Gera;2026-03-16;2026-07-18;2028-03-16;Im Einsatz
BW-01964;Schreiber, Nicole;1975-02-23;99425;Weimar;0361 235683;nicole.schreiber@mailbox.org;Maschinen- und Anlagenführer, Führerschein B;Produktion und Montage;2026-05-12;Anzeige Website;Erfurt;2025-07-24;2025-07-28;2027-07-24;Abgelehnt
BW-01965;Lang, Sebastian;1983-08-28;07407;Rudolstadt;03641 215591;sebastian.lang@mailbox.org;Bilanzbuchhalter, Abschlusssicher;Buchhaltung;2026-07-14;Initiativbewerbung;Jena;2025-10-17;2025-12-09;2027-10-17;Kein Interesse
BW-01966;Kloß, Björn;1967-03-16;99310;Arnstadt;0176 1863088;bjoern.kloss@t-online.de;CNC-Fachkraft, Programmierkenntnisse;CNC-Zerspanung;2026-05-28;Empfehlung;Erfurt;2025-09-07;2026-04-06;2027-09-07;Im Pool
BW-01967;Thomas, Marvin;1970-09-21;99097;Erfurt;0361 842567;marvin.thomas@mailbox.org;Fertigungsplaner, REFA-Grundschein;Technische Fachkraft;2026-07-03;Empfehlung;Erfurt;2024-10-22;2025-08-11;2026-10-22;Kein Interesse
BW-01968;Vogt, Julia;1978-02-23;99734;Nordhausen;0170 3458512;julia.vogt@outlook.de;CNC-Bediener, Rüsterfahrung, Schichtbereitschaft;CNC-Zerspanung;2026-11-11;Bundesagentur für Arbeit;Heilbad Heiligenstadt;2025-12-17;2026-01-23;2027-12-17;Im Einsatz
BW-01969;Vogt, Daniel;1969-11-02;99425;Weimar;0170 6122862;daniel.vogt@gmx.de;Produktionshelfer, 3-Schicht;Produktion und Montage;2026-07-04;Initiativbewerbung;Erfurt;2025-08-05;2026-04-11;2027-08-05;Abgelehnt
BW-01970;Hofmann, Lars;1971-03-13;07745;Jena;03641 288982;lars.hofmann@web.de;Buchbinder, Weiterverarbeitung;Druck und Verpackung;2026-09-05;Bundesagentur für Arbeit;Jena;2026-08-23;2026-09-04;2028-08-23;Im Pool
BW-01971;Günther, Regina;1997-02-07;99867;Gotha;0178 9065123;regina.guenther@outlook.de;Produktionshelfer, 3-Schicht;Produktion und Montage;2026-11-06;Bundesagentur für Arbeit;Gotha;2025-04-07;2026-09-05;2028-04-07;Vermittelt
BW-01972;Wagner, Marvin;2006-06-22;99867;Gotha;03621 895950;marvin.wagner@mailbox.org;Staplerfahrer Schubmast, Kranschein;Lager und Logistik;2026-09-02;Anzeige Website;Gotha;2026-05-15;2026-07-09;2028-05-15;Im Pool
BW-01973;Dietrich, Torsten;1981-12-11;37308;Heilbad Heiligenstadt;03606 695580;torsten.dietrich@gmx.de;Maschinenführer Verpackungslinie;Druck und Verpackung;2026-08-31;Jobbörse;Heilbad Heiligenstadt;2025-07-26;2025-10-18;2027-07-26;Kein Interesse
BW-01974;Grunewald, Falk;1979-05-01;99089;Erfurt;0361 524930;falk.grunewald@web.de;Assistenz Vertriebsinnendienst, Schichtbereitschaft;Kaufmännische Sachbearbeitung;2026-07-24;Karrieremesse;Erfurt;2025-08-03;2026-01-06;2028-08-03;Erstgespräch geführt
BW-01975;Horn, Thomas;1967-12-20;99510;Apolda;0361 912347;thomas.horn@googlemail.com;Bürokauffrau, MS Office;Kaufmännische Sachbearbeitung;2026-07-29;Empfehlung;Erfurt;2026-03-19;2026-05-29;2028-03-19;Neu
BW-01976;Sommer, Andrea;1996-11-05;07646;Stadtroda;03641 925834;andrea.sommer@gmx.de;Zerspanungsmechaniker, Drehtechnik;CNC-Zerspanung;2027-04-15;Initiativbewerbung;Jena;2026-07-15;2026-07-22;2028-07-15;Im Einsatz
BW-01977;Schmid, Andreas;1970-11-05;07318;Saalfeld;03641 544266;andreas.schmid@outlook.de;Fachlagerist, Staplerschein, Deutsch B2;Lager und Logistik;2026-05-26;Jobbörse;Jena;2026-05-10;2026-07-27;2029-05-10;Im Pool
BW-01978;Heinrich, Rene;1970-07-05;99817;Eisenach;03621 256481;rene.heinrich@googlemail.com;Verpackungsmitarbeiter, Akkordbereitschaft;Druck und Verpackung;2026-07-28;Jobbörse;Gotha;2026-07-17;2026-08-08;2028-07-17;Im Pool
BW-01979;Balzer, Jens;1989-02-15;99099;Erfurt;0160 9313220;jens.balzer@web.de;Verpackungsmitarbeiter, Akkordbereitschaft, Führerschein B;Druck und Verpackung;2026-10-17;Karrieremesse;Erfurt;2025-06-05;2025-07-20;2027-06-05;Im Einsatz
BW-01980;Schulz, Dennis;2006-02-10;99084;Erfurt;0361 799928;dennis.schulz@freenet.de;CNC-Fachkraft, Programmierkenntnisse;CNC-Zerspanung;2026-07-07;Bundesagentur für Arbeit;Erfurt;2025-08-28;2025-12-05;2027-08-28;Erstgespräch geführt
BW-01981;Mayer, Thomas;1975-10-19;99099;Erfurt;0171 5993398;thomas.mayer@gmx.de;Elektroniker Energie- und Gebäudetechnik;Elektro;2026-07-23;Initiativbewerbung;Erfurt;2025-08-23;2026-07-04;2027-08-23;Im Pool
BW-01982;Busch, Anja;1993-03-25;99867;Gotha;0160 8086666;anja.busch@outlook.de;Elektroniker Betriebstechnik, Höhentauglichkeit G41;Elektro;2026-09-07;Karrieremesse;Gotha;2025-09-04;2026-07-06;2027-09-04;Neu
BW-01983;Busch, Mario;1976-09-08;99867;Gotha;0177 7151566;mario.busch@freenet.de;CNC-Bediener, Rüsterfahrung;CNC-Zerspanung;2026-08-09;Anzeige Website;Gotha;2025-03-17;2025-05-05;2028-03-17;Abgelehnt
BW-01984;Köhler, Lena;1986-10-21;07381;Pößneck;0151 1493838;lena.koehler@web.de;Montagehelfer Serienfertigung;Produktion und Montage;2026-08-25;Anzeige Website;Gera;2026-03-30;2026-06-27;2029-03-30;Erstgespräch geführt
BW-01985;Grunewald, Marcel;1981-05-01;37327;Leinefelde-Worbis;0163 1174851;marcel.grunewald@freenet.de;Versandmitarbeiter, Staplerschein;Lager und Logistik;2026-06-05;Jobbörse;Heilbad Heiligenstadt;2026-04-01;2026-08-10;2028-04-01;Abgelehnt
BW-01986;Jäger, Marcel;1966-08-13;99310;Arnstadt;0152 3619583;marcel.jaeger@freenet.de;Helfer Kunststoffverarbeitung, Reinraumerfahrung;Produktion und Montage;2026-06-01;Multiposting-Portal;Erfurt;2025-08-20;2026-01-01;2028-08-20;Im Pool
BW-01987;Grunewald, Anja;1983-08-10;99867;Gotha;03621 281862;anja.grunewald@gmx.de;Lagerhelfer, Staplerschein, Reinraumerfahrung;Lager und Logistik;2026-10-19;Multiposting-Portal;Gotha;2024-12-17;2025-01-22;2026-12-17;Vermittelt
BW-01988;Krüger, Torsten;2006-03-27;99086;Erfurt;0163 8606584;torsten.krueger@freenet.de;Elektroniker Energie- und Gebäudetechnik, Führerschein B;Elektro;2027-03-23;Initiativbewerbung;Erfurt;2025-07-07;2025-10-14;2028-07-07;Vermittelt
BW-01989;Krämer, Jana;1991-04-16;99817;Eisenach;03621 881059;jana.kraemer@outlook.de;Versandmitarbeiter, Staplerschein;Lager und Logistik;2026-11-04;Initiativbewerbung;Gotha;2026-06-12;2026-06-15;2028-06-12;Vermittelt
BW-01990;Ziegler, Christin;1966-03-17;99817;Eisenach;0171 7867343;christin.ziegler@gmx.de;Maschinenbediener Kunststoff;Produktion und Montage;2026-08-05;Multiposting-Portal;Gotha;2026-05-05;2026-07-24;2029-05-05;Im Pool
BW-01991;Günther, Björn;1995-02-13;99310;Arnstadt;0361 635023;bjoern.guenther@outlook.de;Sachbearbeitung Auftragsabwicklung, SAP;Kaufmännische Sachbearbeitung;2026-06-28;Initiativbewerbung;Erfurt;2025-12-12;2026-02-12;2027-12-12;Erstgespräch geführt
BW-01992;Maier, Sebastian;1979-07-28;99867;Gotha;03621 626378;sebastian.maier@gmx.de;CNC-Bediener, Rüsterfahrung;CNC-Zerspanung;2026-05-24;Initiativbewerbung;Gotha;2025-03-03;2026-06-06;2027-03-03;Kein Interesse
BW-01993;Baumann, Björn;1998-11-03;99734;Nordhausen;03606 208111;bjoern.baumann@mailbox.org;Sachbearbeitung Auftragsabwicklung, SAP, Führerschein B;Kaufmännische Sachbearbeitung;2026-06-10;Initiativbewerbung;Heilbad Heiligenstadt;2026-04-02;2026-05-05;2028-04-02;Im Pool
BW-01994;Meier, Carolin;1985-08-20;99096;Erfurt;0361 744282;carolin.meier@outlook.de;Kreditorenbuchhaltung, SAP FI;Buchhaltung;2026-07-22;Anzeige Website;Erfurt;2025-09-05;2025-11-23;2028-09-05;Im Pool
BW-01995;Schubert, Holger;1987-01-14;99867;Gotha;03621 214256;holger.schubert@freenet.de;Versandmitarbeiter, Staplerschein, Montagebereitschaft;Lager und Logistik;2026-06-12;Jobbörse;Gotha;2025-11-21;2026-01-06;2027-11-21;Im Pool
BW-01996;Zimmermann, Claudia;2007-10-20;99085;Erfurt;0361 966020;claudia.zimmermann@mailbox.org;Schlosser, Montageerfahrung, Reinraumerfahrung;Metallbau und Schweißen;2026-07-09;Multiposting-Portal;Erfurt;2026-06-04;2026-06-30;2028-06-04;Nicht erreichbar
BW-01997;Bauer, Steffi;1991-03-15;98693;Ilmenau;03621 439876;steffi.bauer@freenet.de;Sachbearbeitung Einkauf;Kaufmännische Sachbearbeitung;2026-08-19;Initiativbewerbung;Gotha;2025-12-10;2026-03-31;2027-12-10;Erstgespräch geführt
BW-01998;Bauer, Jens;1972-03-08;98693;Ilmenau;03621 415193;jens.bauer@freenet.de;Holzmechaniker Möbelbau, Reinraumerfahrung;Tischlerei und Holz;2026-05-22;Initiativbewerbung;Gotha;2026-02-01;2026-08-01;2028-02-01;Im Pool
BW-01999;Fischer, Manuela;1971-10-07;07743;Jena;0151 5279208;manuela.fischer@mailbox.org;Schlosser, Montageerfahrung, Höhentauglichkeit G41;Metallbau und Schweißen;2026-08-19;Anzeige Website;Jena;2024-10-27;2025-11-16;2026-10-27;Neu
BW-02000;Mayer, Julia;1997-09-14;99099;Erfurt;0361 248321;julia.mayer@web.de;Schweißer WIG 141, Deutsch B2;Metallbau und Schweißen;2026-06-22;Anzeige Website;Erfurt;2025-10-30;2026-02-07;2027-10-30;Kein Interesse
BW-02001;Krüger, Jörg;1982-05-02;98693;Ilmenau;03621 790816;joerg.krueger@gmx.de;Kommissionierer, Scannererfahrung;Lager und Logistik;2026-08-20;Karrieremesse;Gotha;2026-04-23;2026-08-07;2028-04-23;Im Pool
BW-02002;Walter, Maik;1989-08-05;99734;Nordhausen;03606 687065;maik.walter@web.de;Montagehelfer Serienfertigung, Führerschein B;Produktion und Montage;2026-06-29;Multiposting-Portal;Heilbad Heiligenstadt;2025-10-16;2026-05-19;2027-10-16;Im Pool
BW-02003;Schumacher, Heike;1987-09-19;07381;Pößneck;0365 540944;heike.schumacher@t-online.de;Qualitätsprüfer, Messmittel und Lehren, Deutsch B2;Technische Fachkraft;2026-09-08;Bundesagentur für Arbeit;Gera;2026-04-23;2026-08-30;2028-04-23;Kein Interesse
BW-02004;Ziegenhorn, Marcel;1971-03-23;99867;Gotha;0152 3031057;marcel.ziegenhorn@mailbox.org;Produktionshelfer, 3-Schicht;Produktion und Montage;2026-07-29;Jobbörse;Gotha;2025-04-25;2026-04-11;2027-04-25;Abgelehnt
BW-02005;Schmitz, Stefan;1981-05-09;07646;Stadtroda;03641 965975;stefan.schmitz@freenet.de;Mechatroniker Instandhaltung;Elektro;2026-05-25;Multiposting-Portal;Jena;2026-04-08;2026-08-19;2028-04-08;Erstgespräch geführt
BW-02006;Pohl, Enrico;1967-06-15;99094;Erfurt;0361 614774;enrico.pohl@outlook.de;Elektroinstallateur, Baustelleneinsatz, Schichtbereitschaft;Elektro;2026-10-20;Anzeige Website;Erfurt;2024-11-19;2025-05-07;2026-11-19;Vermittelt
BW-02007;Krause, Marcel;1981-10-11;99423;Weimar;0361 207959;marcel.krause@mailbox.org;Holzmechaniker Möbelbau, Reinraumerfahrung;Tischlerei und Holz;2026-05-21;Multiposting-Portal;Erfurt;2026-02-16;2026-08-01;2028-02-16;Im Pool
BW-02008;Müller, Sabine;1974-10-18;99817;Eisenach;03621 793685;sabine.mueller@gmx.de;CNC-Fräser, Heidenhain TNC;CNC-Zerspanung;2026-09-25;Anzeige Website;Gotha;2025-12-01;2025-12-01;2027-12-01;Vermittelt
BW-02009;Fischer, Jana;2004-04-26;07545;Gera;0365 332542;jana.fischer@freenet.de;CNC-Bediener, Rüsterfahrung;CNC-Zerspanung;2026-08-18;Multiposting-Portal;Gera;2025-07-20;2025-11-29;2027-07-20;Neu
BW-02010;Schmitt, Yvonne;1991-04-17;99097;Erfurt;0152 2949346;yvonne.schmitt@mailbox.org;Maschinenbediener Kunststoff;Produktion und Montage;2026-05-29;Anzeige Website;Erfurt;2024-11-10;2026-03-02;2026-11-10;Im Pool
BW-02011;Baumann, Manuela;1962-11-12;99427;Weimar;0178 2076911;manuela.baumann@freenet.de;Maschinen- und Anlagenführer;Produktion und Montage;2026-07-26;Anzeige Website;Erfurt;2025-12-12;2025-12-31;2027-12-12;Im Pool
BW-02012;Wolff, Sebastian;1967-05-23;99085;Erfurt;0361 482377;sebastian.wolff@freenet.de;Kaufmann Büromanagement, DATEV-Grundkenntnisse;Kaufmännische Sachbearbeitung;2026-07-12;Jobbörse;Erfurt;2026-02-27;2026-05-08;2028-02-27;Abgelehnt
BW-02013;Voigt, Sabine;1990-02-16;99817;Eisenach;03621 604123;sabine.voigt@web.de;Bilanzbuchhalter, Abschlusssicher;Buchhaltung;2026-07-07;Bundesagentur für Arbeit;Gotha;2025-05-19;2026-02-19;2027-05-19;Im Pool
BW-02014;Hahn, Thomas;1967-03-02;07546;Gera;0365 942441;thomas.hahn@gmx.de;Versandmitarbeiter, Staplerschein;Lager und Logistik;2026-08-04;Multiposting-Portal;Gera;2026-02-04;2026-07-13;2028-02-04;Im Pool
BW-02015;König, Regina;1969-05-22;99817;Eisenach;0151 4583583;regina.koenig@outlook.de;Bilanzbuchhalter, Abschlusssicher;Buchhaltung;2026-08-26;Jobbörse;Gotha;2026-08-26;2026-08-27;2028-08-26;Kein Interesse
BW-02016;Köhler, Ralf;2001-09-17;99817;Eisenach;03621 674003;ralf.koehler@web.de;CNC-Fräser, Heidenhain TNC;CNC-Zerspanung;2026-07-05;Anzeige Website;Gotha;2025-10-17;2026-07-08;2028-10-17;Nicht erreichbar
BW-02017;Lang, Franziska;1982-10-21;07743;Jena;03641 754552;franziska.lang@mailbox.org;Fachlagerist, Staplerschein;Lager und Logistik;2026-09-06;Anzeige Website;Jena;2024-11-18;2026-05-22;2027-11-18;Im Pool
BW-02018;Schwarz, Daniel;2004-01-18;99817;Eisenach;0152 9449720;daniel.schwarz@freenet.de;Technischer Produktdesigner, Inventor;Technische Fachkraft;2026-09-03;Anzeige Website;Gotha;2026-03-05;2026-07-21;2029-03-05;Neu
BW-02019;Maier, Daniel;1981-01-26;99085;Erfurt;0361 679866;daniel.maier@mailbox.org;Sachbearbeitung Auftragsabwicklung, SAP;Kaufmännische Sachbearbeitung;2026-07-09;Karrieremesse;Erfurt;2025-03-08;2025-12-08;2028-03-08;Im Pool
BW-02020;Kloß, Katrin;1985-09-17;07407;Rudolstadt;03641 853419;katrin.kloss@web.de;Staplerfahrer Schubmast, Höhentauglichkeit G41;Lager und Logistik;2026-08-16;Multiposting-Portal;Jena;2025-05-10;2026-06-13;2027-05-10;Abgelehnt
BW-02021;Horn, Anke;1971-08-21;07745;Jena;03641 960016;anke.horn@web.de;Kaufmann Büromanagement, DATEV-Grundkenntnisse, Deutsch B2;Kaufmännische Sachbearbeitung;2026-05-24;Anzeige Website;Jena;2024-11-14;2025-09-06;2027-11-14;Abgelehnt
BW-02022;Maier, Dennis;1982-05-28;99099;Erfurt;0361 808048;dennis.maier@outlook.de;Druckhelfer, Nachtschicht;Druck und Verpackung;2026-05-16;Anzeige Website;Erfurt;2026-04-12;2026-07-09;2028-04-12;Neu
BW-02023;Kuhn, Ronny;1975-12-19;07318;Saalfeld;03641 369027;ronny.kuhn@web.de;CNC-Fachkraft, Programmierkenntnisse;CNC-Zerspanung;2026-08-03;Jobbörse;Jena;2026-01-27;2026-04-30;2029-01-27;Im Pool
BW-02024;Köhler, Robert;1970-08-17;99867;Gotha;0177 8115222;robert.koehler@t-online.de;Produktionshelfer, 3-Schicht, Schichtbereitschaft;Produktion und Montage;2027-04-13;Jobbörse;Gotha;2025-07-04;2026-06-30;2027-07-04;Vermittelt
BW-02025;Baumann, Lars;1993-05-13;07747;Jena;03641 271611;lars.baumann@web.de;CNC-Fräser, Heidenhain TNC;CNC-Zerspanung;2026-07-21;Multiposting-Portal;Jena;2026-07-21;2026-08-12;2028-07-21;Neu
BW-02026;Werner, Lena;1971-03-25;99427;Weimar;0361 506149;lena.werner@outlook.de;Elektroniker Betriebstechnik, Schichtbereitschaft;Elektro;2026-08-02;Anzeige Website;Erfurt;2025-01-14;2026-02-24;2028-01-14;Erstgespräch geführt
BW-02027;Friedrich, Daniel;1990-12-22;07548;Gera;0365 411148;daniel.friedrich@t-online.de;Sachbearbeitung Einkauf, Reinraumerfahrung;Kaufmännische Sachbearbeitung;2026-07-11;Initiativbewerbung;Gera;2026-03-28;2026-06-18;2028-03-28;Im Pool
BW-02028;Balzer, Ramona;1964-12-01;07318;Saalfeld;0160 1609154;ramona.balzer@outlook.de;Holzmechaniker Möbelbau;Tischlerei und Holz;2026-05-29;Anzeige Website;Jena;2025-12-06;2025-12-30;2027-12-06;Abgelehnt
BW-02029;Voigt, Sven;1962-04-07;07549;Gera;0365 223883;sven.voigt@mailbox.org;CNC-Fräser, Heidenhain TNC;CNC-Zerspanung;2026-10-31;Empfehlung;Gera;2025-10-28;2025-11-24;2027-10-28;Im Einsatz
BW-02030;Lang, Marvin;1994-10-13;99089;Erfurt;0157 6769024;marvin.lang@outlook.de;Fachlagerist, Staplerschein;Lager und Logistik;2027-02-13;Jobbörse;Erfurt;2026-04-06;2026-04-25;2028-04-06;Vermittelt
BW-02031;Balzer, Ramona;1996-02-14;99817;Eisenach;0176 5875983;ramona.balzer@mailbox.org;Lagerhelfer, Staplerschein, Schichtbereitschaft;Lager und Logistik;2026-07-21;Jobbörse;Gotha;2026-04-04;2026-05-17;2029-04-04;Nicht erreichbar
BW-02032;Wolff, Matthias;1984-05-15;07318;Saalfeld;03641 379775;matthias.wolff@web.de;Kaufmann Büromanagement, DATEV-Grundkenntnisse, Deutsch B2;Kaufmännische Sachbearbeitung;2026-07-05;Initiativbewerbung;Jena;2025-03-11;2026-02-06;2027-03-11;Abgelehnt
BW-02033;Kuhn, Sabine;1994-04-01;99880;Waltershausen;0151 8022724;sabine.kuhn@googlemail.com;Schweißer MAG 135, Prüfung gültig;Metallbau und Schweißen;2026-07-05;Karrieremesse;Gotha;2025-09-24;2026-04-06;2027-09-24;Im Pool
BW-02034;Steinbrück, Carolin;1970-03-18;07747;Jena;03641 872371;carolin.steinbrueck@googlemail.com;Tischler, CNC-Bearbeitungszentrum;Tischlerei und Holz;2026-06-15;Anzeige Website;Jena;2025-09-06;2026-03-22;2027-09-06;Nicht erreichbar
BW-02035;Friedrich, Ronny;1991-08-04;07747;Jena;03641 958688;ronny.friedrich@outlook.de;Kundenservice, Telefonie;Kaufmännische Sachbearbeitung;2027-01-20;Jobbörse;Jena;2026-05-25;2026-08-26;2029-05-25;Vermittelt
BW-02036;Jung, Andreas;1980-04-25;99086;Erfurt;0176 2142809;andreas.jung@googlemail.com;Produktionshelfer, 3-Schicht;Produktion und Montage;2026-12-08;Jobbörse;Erfurt;2025-02-19;2025-09-17;2027-02-19;Im Einsatz
BW-02037;Wolf, Nadine;1988-12-15;37351;Dingelstädt;03606 873584;nadine.wolf@web.de;Fachlagerist, Staplerschein, Reinraumerfahrung;Lager und Logistik;2026-10-27;Multiposting-Portal;Heilbad Heiligenstadt;2024-10-12;2025-05-11;2026-10-12;Im Einsatz
BW-02038;Hahn, Julia;1971-09-28;99086;Erfurt;0361 764786;julia.hahn@outlook.de;Elektroniker Betriebstechnik, Staplerschein;Elektro;2026-08-04;Anzeige Website;Erfurt;2025-01-11;2025-09-30;2027-01-11;Neu
BW-02039;Rehberg, Hendrik;1970-02-20;99086;Erfurt;0176 5778589;hendrik.rehberg@mailbox.org;Staplerfahrer Schubmast;Lager und Logistik;2026-07-29;Initiativbewerbung;Erfurt;2025-09-04;2026-01-17;2027-09-04;Nicht erreichbar
BW-02040;Sauer, Claudia;1979-07-07;99310;Arnstadt;0361 637585;claudia.sauer@freenet.de;Schlosser, Montageerfahrung;Metallbau und Schweißen;2026-08-09;Jobbörse;Erfurt;2026-08-09;2026-09-01;2028-08-09;Erstgespräch geführt
BW-02041;Kühn, Torsten;1965-10-07;99510;Apolda;0157 8983009;torsten.kuehn@freenet.de;Zerspanungsmechaniker, Frästechnik;CNC-Zerspanung;2026-08-14;Empfehlung;Erfurt;2025-01-14;2026-04-21;2027-01-14;Erstgespräch geführt
BW-02042;Stein, Hendrik;1965-03-19;07546;Gera;0365 308368;hendrik.stein@t-online.de;Sachbearbeitung Auftragsabwicklung, SAP;Kaufmännische Sachbearbeitung;2026-08-13;Initiativbewerbung;Gera;2025-02-06;2025-02-11;2027-02-06;Neu
BW-02043;Schulz, Robert;1971-01-10;99610;Sömmerda;0361 820487;robert.schulz@outlook.de;Mechatroniker Instandhaltung, Schichtbereitschaft;Elektro;2026-06-22;Anzeige Website;Erfurt;2025-01-21;2025-07-25;2027-01-21;Erstgespräch geführt
BW-02044;Schulz, Petra;1971-01-15;99084;Erfurt;0361 904032;petra.schulz@googlemail.com;Offsetdrucker, Bogenoffset;Druck und Verpackung;2027-04-25;Jobbörse;Erfurt;2025-08-22;2026-03-26;2027-08-22;Im Einsatz
BW-02045;Schulz, Sven;1989-08-03;99086;Erfurt;0170 4235178;sven.schulz@freenet.de;CNC-Bediener, Rüsterfahrung, Reinraumerfahrung;CNC-Zerspanung;2026-05-15;Anzeige Website;Erfurt;2025-10-13;2026-01-11;2028-10-13;Im Pool
BW-02046;Schröder, Ralf;1977-07-07;07546;Gera;0365 209946;ralf.schroeder@outlook.de;Zerspanungsmechaniker, Drehtechnik;CNC-Zerspanung;2026-06-17;Jobbörse;Gera;2026-03-18;2026-08-24;2028-03-18;Neu
BW-02047;Wagner, Sebastian;1979-02-16;07749;Jena;03641 299173;sebastian.wagner@gmx.de;Bilanzbuchhalter, Abschlusssicher;Buchhaltung;2026-08-09;Multiposting-Portal;Jena;2025-01-17;2026-05-05;2027-01-17;Im Pool
BW-02048;Schulz, Julia;1980-08-18;07407;Rudolstadt;03641 452032;julia.schulz@web.de;Elektroinstallateur, Baustelleneinsatz, Schichtbereitschaft;Elektro;2026-08-25;Empfehlung;Jena;2022-01-02;2026-07-29;2028-07-29;Im Pool
BW-02049;Brandt, Ralf;1962-08-14;07973;Greiz;0365 227793;ralf.brandt@googlemail.com;Fertigungsplaner, REFA-Grundschein, Montagebereitschaft;Technische Fachkraft;2026-06-30;Anzeige Website;Gera;2024-11-30;2025-07-20;2027-11-30;Im Pool
BW-02050;Lorenz, Holger;1998-12-17;99085;Erfurt;0170 3110353;holger.lorenz@outlook.de;Assistenz Vertriebsinnendienst, Staplerschein;Kaufmännische Sachbearbeitung;2026-06-20;Multiposting-Portal;Erfurt;2025-07-14;2026-05-21;2028-07-14;Im Pool
BW-02051;Zimmermann, Claudia;1979-01-08;99817;Eisenach;03621 288441;claudia.zimmermann@freenet.de;Druckhelfer, Nachtschicht;Druck und Verpackung;2026-05-21;Jobbörse;Gotha;2025-06-05;2026-04-14;2027-06-05;Erstgespräch geführt
BW-02052;Schubert, Regina;2005-11-18;99880;Waltershausen;03621 793394;regina.schubert@mailbox.org;Kreditorenbuchhaltung, SAP FI, Deutsch B2;Buchhaltung;2026-08-12;Empfehlung;Gotha;2025-09-26;2026-07-30;2027-09-26;Neu
BW-02053;Hahn, Enrico;1984-12-20;99425;Weimar;0361 230566;enrico.hahn@gmx.de;Produktionsmitarbeiter, Anlernkraft;Produktion und Montage;2026-08-26;Jobbörse;Erfurt;2026-02-25;2026-04-24;2028-02-25;Im Pool
BW-02054;Peters, Lars;1976-03-25;07407;Rudolstadt;0171 7087896;lars.peters@web.de;Druckhelfer, Nachtschicht, Reinraumerfahrung;Druck und Verpackung;2026-08-26;Jobbörse;Jena;2026-07-07;2026-08-14;2028-07-07;Kein Interesse
BW-02055;Schumacher, Josephine;1994-09-04;99974;Mühlhausen;03606 360004;josephine.schumacher@web.de;Druckhelfer, Nachtschicht;Druck und Verpackung;2026-08-02;Initiativbewerbung;Heilbad Heiligenstadt;2026-06-23;2026-08-09;2029-06-23;Abgelehnt
BW-02056;Arnold, Antje;1964-03-21;37308;Heilbad Heiligenstadt;0163 8728074;antje.arnold@freenet.de;Kaufmann Büromanagement, DATEV-Grundkenntnisse;Kaufmännische Sachbearbeitung;2026-08-19;Initiativbewerbung;Heilbad Heiligenstadt;2025-01-29;2026-07-12;2027-01-29;Im Pool
BW-02057;Weiß, Björn;1995-10-25;99610;Sömmerda;0151 6683646;bjoern.weiss@googlemail.com;Schlosser, Montageerfahrung, Montagebereitschaft;Metallbau und Schweißen;2026-07-17;Jobbörse;Erfurt;2025-02-27;2026-03-04;2028-02-27;Erstgespräch geführt
BW-02058;Werner, Lars;1987-09-22;07407;Rudolstadt;03641 961963;lars.werner@web.de;Elektroniker Betriebstechnik;Elektro;2026-09-08;Empfehlung;Jena;2025-07-09;2026-04-28;2028-07-09;Erstgespräch geführt
BW-02059;Krause, Andrea;1971-07-27;99610;Sömmerda;0361 259218;andrea.krause@t-online.de;Zerspanungsmechaniker, Frästechnik, Staplerschein;CNC-Zerspanung;2026-06-22;Jobbörse;Erfurt;2022-12-18;2026-08-14;2028-08-14;Im Pool
BW-02060;Berger, Ronny;1976-11-23;37327;Leinefelde-Worbis;0170 8653567;ronny.berger@googlemail.com;Lagerhelfer, Staplerschein;Lager und Logistik;2026-05-22;Anzeige Website;Heilbad Heiligenstadt;2025-09-30;2026-07-15;2028-09-30;Neu
BW-02061;Lang, Christian;1997-06-12;99084;Erfurt;0361 403472;christian.lang@gmx.de;Fertigungsplaner, REFA-Grundschein;Technische Fachkraft;2026-08-06;Bundesagentur für Arbeit;Erfurt;2024-12-23;2026-08-14;2026-12-23;Abgelehnt
BW-02062;Bergmann, Holger;1965-07-17;99510;Apolda;0152 6878347;holger.bergmann@freenet.de;Sachbearbeitung Auftragsabwicklung, SAP;Kaufmännische Sachbearbeitung;2026-05-24;Anzeige Website;Erfurt;2025-11-23;2026-09-04;2027-11-23;Nicht erreichbar
BW-02063;Böhm, Patrick;2000-03-26;99867;Gotha;0160 4055872;patrick.boehm@t-online.de;Elektrohelfer, Schaltschrankbau;Elektro;2027-03-29;Bundesagentur für Arbeit;Gotha;2024-10-29;2026-04-26;2026-10-29;Vermittelt
BW-02064;Braun, Ines;1970-01-06;07973;Greiz;0365 552675;ines.braun@googlemail.com;Staplerfahrer Schubmast, Deutsch B2;Lager und Logistik;2026-08-31;Bundesagentur für Arbeit;Gera;2025-01-13;2026-03-24;2027-01-13;Im Pool
BW-02065;Keller, Nicole;1968-02-19;07318;Saalfeld;03641 717643;nicole.keller@gmx.de;Medientechnologe Druck;Druck und Verpackung;2026-08-24;Jobbörse;Jena;2024-11-28;2025-12-10;2026-11-28;Im Pool
BW-02066;Peters, Frank;1992-11-05;07549;Gera;0365 201473;frank.peters@freenet.de;Sachbearbeitung Einkauf, Staplerschein;Kaufmännische Sachbearbeitung;2026-06-20;Jobbörse;Gera;2025-09-15;2026-03-24;2027-09-15;Kein Interesse
BW-02067;Schäfer, Nico;1986-10-27;07549;Gera;0365 990813;nico.schaefer@outlook.de;Technischer Zeichner, AutoCAD, Führerschein B;Technische Fachkraft;2026-06-28;Multiposting-Portal;Gera;2026-06-28;2026-07-06;2028-06-28;Kein Interesse
BW-02068;Kloß, Petra;1966-06-21;99094;Erfurt;0361 500368;petra.kloss@mailbox.org;Maschinenbediener Kunststoff, Deutsch B2;Produktion und Montage;2026-08-03;Jobbörse;Erfurt;2026-08-03;2026-08-25;2029-08-03;Erstgespräch geführt
BW-02069;Otto, Elke;1963-06-07;37308;Heilbad Heiligenstadt;03606 419992;elke.otto@web.de;CNC-Dreher, Siemens 840D, Staplerschein;CNC-Zerspanung;2026-07-20;Initiativbewerbung;Heilbad Heiligenstadt;2026-07-20;2026-08-12;2028-07-20;Erstgespräch geführt
BW-02070;Beck, Holger;1986-10-23;07546;Gera;0365 846993;holger.beck@freenet.de;CNC-Bediener, Rüsterfahrung;CNC-Zerspanung;2026-07-07;Multiposting-Portal;Gera;2026-07-07;2026-08-22;2029-07-07;Neu
BW-02071;Seidel, Hendrik;1962-03-26;99880;Waltershausen;03621 702221;hendrik.seidel@googlemail.com;Versandmitarbeiter, Staplerschein;Lager und Logistik;2026-06-19;Initiativbewerbung;Gotha;2025-09-22;2025-12-10;2027-09-22;Kein Interesse
BW-02072;Albrecht, Vanessa;1990-04-20;07768;Kahla;0176 4459154;vanessa.albrecht@gmx.de;Zerspanungsmechaniker, Drehtechnik;CNC-Zerspanung;2026-06-16;Initiativbewerbung;Jena;2025-06-18;2026-05-05;2028-06-18;Nicht erreichbar
BW-02073;Voigt, Mario;1963-05-04;99089;Erfurt;0361 232365;mario.voigt@web.de;Medientechnologe Druck;Druck und Verpackung;2026-06-04;Jobbörse;Erfurt;2025-02-18;2026-04-02;2028-02-18;Im Pool
BW-02074;Franke, Andrea;2007-06-15;99089;Erfurt;0361 754748;andrea.franke@freenet.de;Medientechnologe Druck, Kranschein;Druck und Verpackung;2026-06-25;Anzeige Website;Erfurt;2025-07-28;2025-10-28;2028-07-28;Nicht erreichbar
BW-02075;Roth, Marcel;1964-05-26;07743;Jena;03641 795746;marcel.roth@t-online.de;Maschinenbediener Kunststoff, Deutsch B2;Produktion und Montage;2026-06-22;Initiativbewerbung;Jena;2025-07-01;2025-12-09;2027-07-01;Im Pool
BW-02076;Friedrich, Uwe;1984-08-24;99510;Apolda;0361 824698;uwe.friedrich@freenet.de;Lagerhelfer, Staplerschein, Höhentauglichkeit G41;Lager und Logistik;2026-07-11;Multiposting-Portal;Erfurt;2025-07-17;2026-03-10;2027-07-17;Im Pool
BW-02077;Kühn, Toni;1981-08-18;99867;Gotha;03621 769480;toni.kuehn@outlook.de;Qualitätsprüfer, Messmittel und Lehren;Technische Fachkraft;2026-06-04;Anzeige Website;Gotha;2024-12-02;2025-11-25;2027-12-02;Kein Interesse
BW-02078;Baumann, Lena;1970-08-02;07318;Saalfeld;0157 4282652;lena.baumann@mailbox.org;Schlosser, Montageerfahrung;Metallbau und Schweißen;2026-06-29;Jobbörse;Jena;2026-04-02;2026-08-23;2028-04-02;Im Pool
BW-02079;Kraus, Lena;1978-01-18;99947;Bad Langensalza;03621 933192;lena.kraus@freenet.de;Bilanzbuchhalter, Abschlusssicher;Buchhaltung;2026-05-12;Initiativbewerbung;Gotha;2025-03-19;2025-11-04;2027-03-19;Kein Interesse
BW-02080;Krause, Julia;1983-09-21;99310;Arnstadt;0163 4773305;julia.krause@mailbox.org;Medientechnologe Druck, Deutsch B2;Druck und Verpackung;2026-07-26;Multiposting-Portal;Erfurt;2025-09-17;2025-11-06;2027-09-17;Erstgespräch geführt
BW-02081;Hofmann, Steffen;1998-01-23;98693;Ilmenau;03621 232453;steffen.hofmann@googlemail.com;Kundenservice, Telefonie, Montagebereitschaft;Kaufmännische Sachbearbeitung;2027-02-11;Bundesagentur für Arbeit;Gotha;2026-06-26;2026-08-16;2028-06-26;Vermittelt
BW-02082;Ziegler, Anke;2003-06-26;07743;Jena;03641 497971;anke.ziegler@freenet.de;Produktionshelfer, 3-Schicht;Produktion und Montage;2026-07-04;Anzeige Website;Jena;2025-02-08;2026-04-29;2027-02-08;Abgelehnt
BW-02083;Meier, Maik;1982-02-06;99610;Sömmerda;0152 9661955;maik.meier@googlemail.com;Technischer Produktdesigner, Inventor;Technische Fachkraft;2027-03-26;Empfehlung;Erfurt;2026-03-03;2026-08-10;2029-03-03;Im Einsatz
BW-02084;Böhm, Ronny;2000-02-22;99427;Weimar;0163 2155677;ronny.boehm@gmx.de;Produktionsmitarbeiter, Anlernkraft, Führerschein B;Produktion und Montage;2026-07-31;Empfehlung;Erfurt;2026-07-02;2026-07-18;2028-07-02;Abgelehnt
BW-02085;Winkler, Kerstin;1985-06-10;07549;Gera;0365 650705;kerstin.winkler@web.de;Assistenz Vertriebsinnendienst, Kranschein;Kaufmännische Sachbearbeitung;2026-05-30;Initiativbewerbung;Gera;2025-07-18;2026-05-19;2027-07-18;Im Pool
BW-02086;Haas, Ralf;1985-04-15;99974;Mühlhausen;0163 6024262;ralf.haas@t-online.de;Elektroniker Betriebstechnik;Elektro;2026-07-28;Initiativbewerbung;Heilbad Heiligenstadt;2026-07-28;2026-08-12;2028-07-28;Im Pool
BW-02087;Pfaff, Silvio;1991-09-20;99734;Nordhausen;0163 6118339;silvio.pfaff@gmx.de;Maschinenführer Verpackungslinie, Höhentauglichkeit G41;Druck und Verpackung;2027-02-02;Anzeige Website;Heilbad Heiligenstadt;2026-06-21;2026-08-12;2029-06-21;Im Einsatz
BW-02088;Jäger, Melanie;1967-03-15;99880;Waltershausen;03621 690748;melanie.jaeger@web.de;Technischer Zeichner, AutoCAD, Staplerschein;Technische Fachkraft;2026-05-30;Anzeige Website;Gotha;2026-04-28;2026-08-30;2028-04-28;Erstgespräch geführt
BW-02089;Vollmer, Simone;1999-07-03;07973;Greiz;0365 413327;simone.vollmer@outlook.de;Maschinen- und Anlagenführer;Produktion und Montage;2026-05-21;Multiposting-Portal;Gera;2025-12-11;2026-01-10;2028-12-11;Erstgespräch geführt
BW-02090;Ritschel, Thomas;1967-04-22;99510;Apolda;0361 966641;thomas.ritschel@mailbox.org;Elektrohelfer, Schaltschrankbau;Elektro;2026-08-19;Bundesagentur für Arbeit;Erfurt;2026-07-27;2026-09-04;2029-07-27;Abgelehnt
BW-02091;Achtelik, Steffen;1992-08-09;99094;Erfurt;0361 911346;steffen.achtelik@freenet.de;CNC-Fräser, Heidenhain TNC;CNC-Zerspanung;2026-08-26;Empfehlung;Erfurt;2025-02-13;2026-06-12;2027-02-13;Neu
BW-02092;Dietrich, Vanessa;1997-02-28;99089;Erfurt;0361 617624;vanessa.dietrich@mailbox.org;Tischlerhelfer, Oberflächenbearbeitung;Tischlerei und Holz;2026-06-26;Karrieremesse;Erfurt;2025-02-12;2025-07-24;2027-02-12;Im Pool
BW-02093;Schneider, Andreas;2003-12-04;99817;Eisenach;03621 701527;andreas.schneider@web.de;Bürokauffrau, MS Office;Kaufmännische Sachbearbeitung;2026-07-17;Empfehlung;Gotha;2025-01-15;2026-07-30;2027-01-15;Kein Interesse
BW-02094;Peters, Lars;1983-01-11;37308;Heilbad Heiligenstadt;03606 243859;lars.peters@googlemail.com;Offsetdrucker, Bogenoffset;Druck und Verpackung;2026-06-28;Bundesagentur für Arbeit;Heilbad Heiligenstadt;2025-06-03;2026-08-08;2028-06-03;Kein Interesse
BW-02095;Lange, Silke;1997-07-26;99089;Erfurt;0152 9107391;silke.lange@t-online.de;Maschinenbediener Kunststoff;Produktion und Montage;2026-09-05;Bundesagentur für Arbeit;Erfurt;2026-05-09;2026-06-10;2028-05-09;Im Pool
BW-02096;Schmid, Dirk;1980-04-06;99974;Mühlhausen;03606 720917;dirk.schmid@mailbox.org;Schweißer MAG 135, Prüfung gültig;Metallbau und Schweißen;2026-09-06;Jobbörse;Heilbad Heiligenstadt;2024-12-31;2026-04-02;2026-12-31;Erstgespräch geführt
BW-02097;Winkler, Marvin;1974-07-10;99310;Arnstadt;0361 769438;marvin.winkler@gmx.de;Metallbauer Konstruktionstechnik;Metallbau und Schweißen;2026-07-17;Jobbörse;Erfurt;2025-05-18;2026-07-05;2027-05-18;Abgelehnt
BW-02098;Böhm, Lars;1978-09-20;07973;Greiz;0178 9928026;lars.boehm@freenet.de;Zerspanungsmechaniker, Drehtechnik;CNC-Zerspanung;2026-05-12;Bundesagentur für Arbeit;Gera;2025-09-11;2026-05-20;2027-09-11;Im Pool
BW-02099;Martin, Mario;1995-06-06;07749;Jena;0157 1771460;mario.martin@t-online.de;Maschinen- und Anlagenführer;Produktion und Montage;2026-06-25;Karrieremesse;Jena;2026-05-26;2026-06-21;2028-05-26;Im Pool
BW-02100;Weber, Kevin;1980-07-04;07546;Gera;0365 366244;kevin.weber@outlook.de;Kreditorenbuchhaltung, SAP FI;Buchhaltung;2026-06-08;Anzeige Website;Gera;2025-10-14;2026-02-04;2027-10-14;Im Pool
BW-02101;Huber, Vanessa;1989-08-12;99089;Erfurt;0361 228048;vanessa.huber@freenet.de;Elektroinstallateur, Baustelleneinsatz;Elektro;2026-11-27;Bundesagentur für Arbeit;Erfurt;2025-04-25;2026-03-19;2027-04-25;Im Einsatz
BW-02102;Schulze, Enrico;1968-09-05;07743;Jena;03641 879785;enrico.schulze@gmx.de;Kommissionierer, Scannererfahrung, Reinraumerfahrung;Lager und Logistik;2026-08-24;Jobbörse;Jena;2026-08-24;2026-09-07;2028-08-24;Im Pool
BW-02103;Stein, Kerstin;1968-07-24;99085;Erfurt;0178 5623207;kerstin.stein@t-online.de;Staplerfahrer Schubmast;Lager und Logistik;2027-03-06;Jobbörse;Erfurt;2025-04-27;2025-05-10;2027-04-27;Im Einsatz
BW-02104;Winkler, Josephine;2006-08-27;07546;Gera;0160 6603350;josephine.winkler@t-online.de;Buchbinder, Weiterverarbeitung;Druck und Verpackung;2026-05-25;Multiposting-Portal;Gera;2025-10-01;2025-12-25;2027-10-01;Erstgespräch geführt
BW-02105;Otto, Kevin;1986-09-09;99086;Erfurt;0152 1909393;kevin.otto@mailbox.org;Technischer Zeichner, AutoCAD, Höhentauglichkeit G41;Technische Fachkraft;2026-09-04;Bundesagentur für Arbeit;Erfurt;2025-01-31;2025-04-01;2027-01-31;Erstgespräch geführt
BW-02106;Huber, Steffen;1995-01-27;99086;Erfurt;0170 5630172;steffen.huber@t-online.de;Elektrohelfer, Schaltschrankbau, Staplerschein;Elektro;2026-06-25;Multiposting-Portal;Erfurt;2026-02-23;2026-02-24;2029-02-23;Nicht erreichbar
BW-02107;Meyer, Christian;1969-05-06;99974;Mühlhausen;0157 7146226;christian.meyer@freenet.de;CNC-Fräser, Heidenhain TNC, Führerschein B;CNC-Zerspanung;2026-07-02;Anzeige Website;Heilbad Heiligenstadt;2025-01-07;2025-06-07;2027-01-07;Im Pool
BW-02108;Wagner, Claudia;1991-03-08;99974;Mühlhausen;03606 707889;claudia.wagner@t-online.de;Montagehelfer Serienfertigung, Führerschein B;Produktion und Montage;2026-09-02;Jobbörse;Heilbad Heiligenstadt;2026-05-28;2026-09-06;2029-05-28;Abgelehnt
BW-02109;Wagner, Holger;1985-05-10;99427;Weimar;0171 7162946;holger.wagner@gmx.de;Offsetdrucker, Bogenoffset;Druck und Verpackung;2026-06-05;Empfehlung;Erfurt;2025-04-06;2025-12-11;2027-04-06;Abgelehnt
BW-02110;Grunewald, Diana;2007-12-15;07381;Pößneck;0178 6051049;diana.grunewald@outlook.de;Montagehelfer Serienfertigung;Produktion und Montage;2026-08-27;Multiposting-Portal;Gera;2026-07-16;2026-08-25;2028-07-16;Im Pool
BW-02111;Wolf, Robert;1993-10-28;07973;Greiz;0178 7078387;robert.wolf@web.de;Zerspanungsmechaniker, Frästechnik, Montagebereitschaft;CNC-Zerspanung;2026-05-12;Multiposting-Portal;Gera;2025-06-19;2026-03-23;2028-06-19;Erstgespräch geführt
BW-02112;Rehberg, Lisa;1986-03-13;07318;Saalfeld;0157 7980116;lisa.rehberg@googlemail.com;Kundenservice, Telefonie;Kaufmännische Sachbearbeitung;2027-02-23;Empfehlung;Jena;2025-12-03;2026-03-29;2028-12-03;Vermittelt
BW-02113;Grunewald, Beate;2003-01-28;99096;Erfurt;0361 986229;beate.grunewald@outlook.de;Montagehelfer Serienfertigung, Führerschein B;Produktion und Montage;2026-07-29;Anzeige Website;Erfurt;2024-11-02;2025-11-08;2027-11-02;Kein Interesse
BW-02114;Pfaff, Claudia;1977-06-04;99425;Weimar;0361 389697;claudia.pfaff@freenet.de;Elektroniker Energie- und Gebäudetechnik, Kranschein;Elektro;2027-02-14;Anzeige Website;Erfurt;2025-12-15;2026-05-25;2028-12-15;Im Einsatz
BW-02115;Martin, Nadine;1986-09-20;99880;Waltershausen;0157 1620187;nadine.martin@freenet.de;Kaufmann Büromanagement, DATEV-Grundkenntnisse, Führerschein B;Kaufmännische Sachbearbeitung;2026-07-24;Jobbörse;Gotha;2026-07-24;2026-09-03;2028-07-24;Im Pool
BW-02116;Braun, Michael;1982-08-22;99086;Erfurt;0361 796172;michael.braun@freenet.de;Fertigungsplaner, REFA-Grundschein;Technische Fachkraft;2026-08-24;Jobbörse;Erfurt;2026-01-30;2026-08-31;2028-01-30;Kein Interesse
BW-02117;Wagner, Ralf;1984-01-09;99423;Weimar;0361 702449;ralf.wagner@mailbox.org;Tischlerhelfer, Oberflächenbearbeitung, Höhentauglichkeit G41;Tischlerei und Holz;2026-05-30;Multiposting-Portal;Erfurt;2025-04-27;2025-06-03;2027-04-27;Im Pool
BW-02118;Möller, Holger;1966-11-20;07580;Ronneburg;0365 875682;holger.moeller@t-online.de;Tischlerhelfer, Oberflächenbearbeitung, Schichtbereitschaft;Tischlerei und Holz;2026-05-22;Anzeige Website;Gera;2025-07-07;2025-12-31;2028-07-07;Erstgespräch geführt
BW-02119;Otto, Rene;1970-09-09;07749;Jena;0163 3580830;rene.otto@t-online.de;CNC-Fräser, Heidenhain TNC, Führerschein B;CNC-Zerspanung;2026-09-08;Multiposting-Portal;Jena;2025-04-17;2026-01-27;2027-04-17;Im Pool
BW-02120;Otto, Silvio;1984-09-15;98693;Ilmenau;03621 503242;silvio.otto@freenet.de;Maschinen- und Anlagenführer;Produktion und Montage;2026-08-12;Initiativbewerbung;Gotha;2025-12-17;2026-08-30;2027-12-17;Nicht erreichbar
BW-02121;Baumann, Alexander;1993-12-05;99867;Gotha;0176 9367223;alexander.baumann@outlook.de;Maschinenbediener Kunststoff;Produktion und Montage;2026-06-04;Multiposting-Portal;Gotha;2026-06-04;2026-07-14;2028-06-04;Im Pool
BW-02122;Lorenz, Matthias;1994-01-15;07745;Jena;03641 316960;matthias.lorenz@t-online.de;CNC-Bediener, Rüsterfahrung, Führerschein B;CNC-Zerspanung;2026-10-08;Empfehlung;Jena;2026-04-09;2026-07-30;2028-04-09;Im Einsatz
BW-02123;Pfeiffer, Robert;1991-05-28;99867;Gotha;03621 583930;robert.pfeiffer@web.de;Maschinen- und Anlagenführer;Produktion und Montage;2026-05-28;Anzeige Website;Gotha;2025-12-17;2026-08-05;2027-12-17;Nicht erreichbar
BW-02124;Keller, Lars;1998-12-19;99310;Arnstadt;0160 7904031;lars.keller@outlook.de;Maschinen- und Anlagenführer, Kranschein;Produktion und Montage;2026-06-01;Jobbörse;Erfurt;2025-11-07;2026-02-08;2027-11-07;Im Pool
BW-02125;Schmitt, Lars;1977-06-09;07549;Gera;0176 2972779;lars.schmitt@outlook.de;Sachbearbeitung Auftragsabwicklung, SAP, Staplerschein;Kaufmännische Sachbearbeitung;2026-05-26;Initiativbewerbung;Gera;2024-10-10;2025-08-27;2027-10-10;Erstgespräch geführt
BW-02126;Mayer, Kathrin;1976-06-01;99310;Arnstadt;0361 651882;kathrin.mayer@web.de;Produktionshelfer, 3-Schicht;Produktion und Montage;2027-04-01;Empfehlung;Erfurt;2026-07-28;2026-08-26;2028-07-28;Im Einsatz
BW-02127;Schmitt, Marco;1974-12-13;99099;Erfurt;0361 851456;marco.schmitt@web.de;Schlosser, Montageerfahrung;Metallbau und Schweißen;2026-08-27;Jobbörse;Erfurt;2026-02-01;2026-07-23;2028-02-01;Abgelehnt
BW-02128;Steinbrück, Frank;1978-11-23;07973;Greiz;0177 3678099;frank.steinbrueck@t-online.de;Maschinen- und Anlagenführer;Produktion und Montage;2026-07-10;Jobbörse;Gera;2025-07-17;2026-04-01;2027-07-17;Erstgespräch geführt
BW-02129;Schmitt, Ralf;2000-03-05;07768;Kahla;03641 826009;ralf.schmitt@gmx.de;Elektrohelfer, Schaltschrankbau;Elektro;2026-08-31;Initiativbewerbung;Jena;2025-10-23;2026-03-05;2027-10-23;Kein Interesse
BW-02130;Huber, Dennis;2001-05-11;07545;Gera;0157 6440069;dennis.huber@t-online.de;CNC-Fachkraft, Programmierkenntnisse, Deutsch B2;CNC-Zerspanung;2026-08-26;Anzeige Website;Gera;2024-12-30;2026-01-11;2026-12-30;Erstgespräch geführt
BW-02131;Kloß, Alexander;1984-11-12;99867;Gotha;03621 369594;alexander.kloss@googlemail.com;Technischer Produktdesigner, Inventor;Technische Fachkraft;2026-06-07;Anzeige Website;Gotha;2025-10-29;2025-12-26;2027-10-29;Erstgespräch geführt
BW-02132;Günther, Lisa;2001-06-13;99084;Erfurt;0361 210835;lisa.guenther@googlemail.com;Kommissionierer, Scannererfahrung;Lager und Logistik;2026-11-15;Bundesagentur für Arbeit;Erfurt;2025-05-26;2025-08-06;2027-05-26;Vermittelt
BW-02133;Haas, Christian;1981-10-01;07745;Jena;0160 3172434;christian.haas@googlemail.com;Montagehelfer Serienfertigung;Produktion und Montage;2026-05-18;Jobbörse;Jena;2024-11-05;2025-07-16;2026-11-05;Im Pool
BW-02134;Thomas, Andrea;1981-01-03;99099;Erfurt;0361 983436;andrea.thomas@web.de;Schlosser, Montageerfahrung;Metallbau und Schweißen;2026-07-02;Initiativbewerbung;Erfurt;2026-07-02;2026-08-04;2028-07-02;Im Pool
BW-02135;Sommer, Michael;1981-08-26;37351;Dingelstädt;0178 6070851;michael.sommer@mailbox.org;Kundenservice, Telefonie;Kaufmännische Sachbearbeitung;2026-09-01;Multiposting-Portal;Heilbad Heiligenstadt;2024-11-09;2025-02-15;2027-11-09;Im Pool
BW-02136;Zimmermann, Christin;1997-08-05;99096;Erfurt;0157 6911199;christin.zimmermann@web.de;Maschinenbediener Kunststoff, Staplerschein;Produktion und Montage;2026-08-02;Anzeige Website;Erfurt;2025-09-16;2025-11-19;2028-09-16;Im Pool
BW-02137;Sommer, Claudia;1965-09-09;07407;Rudolstadt;03641 773959;claudia.sommer@t-online.de;Helfer Kunststoffverarbeitung;Produktion und Montage;2026-08-28;Bundesagentur für Arbeit;Jena;2025-03-25;2025-12-06;2028-03-25;Neu
BW-02138;Busch, Sandra;1991-12-01;99734;Nordhausen;03606 761211;sandra.busch@gmx.de;CNC-Bediener, Rüsterfahrung;CNC-Zerspanung;2026-09-02;Multiposting-Portal;Heilbad Heiligenstadt;2026-09-02;2026-09-03;2029-09-02;Im Pool
BW-02139;Schröder, Ronny;2004-08-07;99947;Bad Langensalza;03621 389424;ronny.schroeder@googlemail.com;Sachbearbeitung Einkauf, Reinraumerfahrung;Kaufmännische Sachbearbeitung;2026-07-27;Empfehlung;Gotha;2025-06-17;2026-03-22;2027-06-17;Nicht erreichbar
BW-02140;Keller, Ralf;1999-12-17;99086;Erfurt;0177 5985116;ralf.keller@web.de;Kaufmann Büromanagement, DATEV-Grundkenntnisse, Staplerschein;Kaufmännische Sachbearbeitung;2026-12-25;Jobbörse;Erfurt;2026-02-15;2026-05-22;2028-02-15;Im Einsatz
BW-02141;Kühn, Daniel;1972-11-21;99097;Erfurt;0361 607231;daniel.kuehn@outlook.de;Lagerfachkraft, Wareneingang;Lager und Logistik;2026-08-15;Anzeige Website;Erfurt;2025-09-07;2026-07-20;2028-09-07;Im Pool
BW-02142;Meyer, Nico;1974-02-13;99867;Gotha;03621 914467;nico.meyer@mailbox.org;Fachlagerist, Staplerschein;Lager und Logistik;2026-12-22;Multiposting-Portal;Gotha;2026-05-21;2026-07-02;2028-05-21;Im Einsatz
BW-02143;Weiß, Steffi;1968-05-08;07580;Ronneburg;0365 888717;steffi.weiss@freenet.de;Lagerfachkraft, Wareneingang;Lager und Logistik;2026-06-09;Jobbörse;Gera;2026-06-09;2026-06-28;2029-06-09;Neu
BW-02144;Nowak, Tobias;1982-09-19;07407;Rudolstadt;03641 879213;tobias.nowak@t-online.de;Kreditorenbuchhaltung, SAP FI;Buchhaltung;2027-01-29;Multiposting-Portal;Jena;2025-09-13;2026-08-03;2028-09-13;Im Einsatz
BW-02145;Albrecht, Kathrin;1980-10-25;99084;Erfurt;0361 841561;kathrin.albrecht@mailbox.org;Montagehelfer Serienfertigung;Produktion und Montage;2026-12-11;Multiposting-Portal;Erfurt;2025-04-29;2025-10-17;2028-04-29;Im Einsatz
BW-02146;Vogt, Anke;1994-08-11;07749;Jena;0170 5863500;anke.vogt@outlook.de;Versandmitarbeiter, Staplerschein, Reinraumerfahrung;Lager und Logistik;2026-05-29;Empfehlung;Jena;2025-10-07;2026-04-14;2027-10-07;Neu
BW-02147;Schumacher, Steffen;1994-05-01;07749;Jena;03641 437326;steffen.schumacher@mailbox.org;CNC-Dreher, Siemens 840D, Deutsch B2;CNC-Zerspanung;2026-07-07;Bundesagentur für Arbeit;Jena;2025-07-13;2026-04-24;2027-07-13;Im Pool
BW-02148;Wolff, Toni;1982-10-16;99610;Sömmerda;0361 347735;toni.wolff@gmx.de;Sachbearbeitung Einkauf;Kaufmännische Sachbearbeitung;2026-11-20;Empfehlung;Erfurt;2025-01-17;2026-03-02;2027-01-17;Im Einsatz
BW-02149;Busch, Toni;1983-03-07;99097;Erfurt;0177 3693680;toni.busch@web.de;Schlosser, Montageerfahrung;Metallbau und Schweißen;2026-07-24;Initiativbewerbung;Erfurt;2025-09-16;2026-07-28;2027-09-16;Im Pool
BW-02150;Krämer, Hendrik;1997-10-21;99867;Gotha;0170 5704293;hendrik.kraemer@outlook.de;Kaufmann Büromanagement, DATEV-Grundkenntnisse;Kaufmännische Sachbearbeitung;2026-08-15;Multiposting-Portal;Gotha;2025-10-01;2026-06-28;2028-10-01;Abgelehnt
BW-02151;Schumacher, Nicole;1988-12-12;07407;Rudolstadt;03641 719374;nicole.schumacher@googlemail.com;Metallbauer Konstruktionstechnik;Metallbau und Schweißen;2026-06-21;Initiativbewerbung;Jena;2025-06-18;2025-09-28;2027-06-18;Abgelehnt
BW-02152;Lange, Alexander;1996-09-06;07407;Rudolstadt;03641 415367;alexander.lange@outlook.de;Schweißer WIG 141;Metallbau und Schweißen;2026-09-08;Anzeige Website;Jena;2025-03-15;2025-12-27;2027-03-15;Abgelehnt
BW-02153;Ritschel, Franziska;1968-06-23;07381;Pößneck;0151 2325062;franziska.ritschel@gmx.de;CNC-Bediener, Rüsterfahrung, Führerschein B;CNC-Zerspanung;2026-07-29;Bundesagentur für Arbeit;Gera;2025-11-19;2026-03-13;2027-11-19;Im Pool
BW-02154;Kuhn, Anke;1980-04-13;07745;Jena;03641 787291;anke.kuhn@googlemail.com;Bürokauffrau, MS Office;Kaufmännische Sachbearbeitung;2026-09-02;Bundesagentur für Arbeit;Jena;2026-03-19;2026-08-08;2029-03-19;Erstgespräch geführt
BW-02155;Krämer, Marco;1972-05-03;07580;Ronneburg;0160 7693180;marco.kraemer@freenet.de;Bautischler, Montage;Tischlerei und Holz;2026-06-26;Multiposting-Portal;Gera;2025-11-29;2026-09-05;2028-11-29;Kein Interesse
BW-02156;Friedrich, Jörg;1995-04-26;99310;Arnstadt;0361 741613;joerg.friedrich@googlemail.com;Finanzbuchhaltung, DATEV, Führerschein B;Buchhaltung;2026-05-21;Multiposting-Portal;Erfurt;2025-04-28;2026-03-15;2028-04-28;Im Pool
BW-02157;Winkler, Dirk;1980-08-23;99310;Arnstadt;0361 822011;dirk.winkler@mailbox.org;Helfer Kunststoffverarbeitung, Schichtbereitschaft;Produktion und Montage;2026-06-21;Jobbörse;Erfurt;2025-09-26;2026-05-15;2027-09-26;Im Pool
BW-02158;Möller, Jörg;1996-10-20;99097;Erfurt;0361 986096;joerg.moeller@t-online.de;Maschinenführer Verpackungslinie;Druck und Verpackung;2026-07-20;Initiativbewerbung;Erfurt;2025-10-02;2026-07-17;2027-10-02;Im Pool
BW-02159;Jung, Ronny;2002-10-18;99099;Erfurt;0177 3222435;ronny.jung@freenet.de;Helfer Kunststoffverarbeitung;Produktion und Montage;2026-07-17;Initiativbewerbung;Erfurt;2025-08-24;2026-02-14;2028-08-24;Im Pool
BW-02160;Graf, Christian;2005-05-10;07745;Jena;03641 954225;christian.graf@web.de;Montagehelfer Serienfertigung, Schichtbereitschaft;Produktion und Montage;2026-06-03;Jobbörse;Jena;2025-05-16;2026-06-30;2028-05-16;Im Pool
BW-02161;Martin, Tobias;1987-07-26;07545;Gera;0365 853726;tobias.martin@freenet.de;Zerspanungsmechaniker, Frästechnik;CNC-Zerspanung;2027-03-07;Multiposting-Portal;Gera;2025-02-06;2025-12-28;2027-02-06;Vermittelt
BW-02162;Stein, Silvio;1989-08-02;99610;Sömmerda;0152 5419272;silvio.stein@web.de;Produktionshelfer, 3-Schicht;Produktion und Montage;2026-07-25;Anzeige Website;Erfurt;2025-08-20;2025-12-03;2028-08-20;Im Pool
BW-02163;Wolf, Erik;1974-11-06;99817;Eisenach;03621 593664;erik.wolf@gmx.de;Industriemechaniker Instandhaltung, Höhentauglichkeit G41;Metallbau und Schweißen;2026-12-08;Initiativbewerbung;Gotha;2026-07-09;2026-08-23;2028-07-09;Im Einsatz
BW-02164;Ziegenhorn, Sebastian;1986-06-26;07768;Kahla;0152 4325083;sebastian.ziegenhorn@t-online.de;Versandmitarbeiter, Staplerschein;Lager und Logistik;2026-08-08;Karrieremesse;Jena;2026-08-08;2026-09-06;2028-08-08;Im Pool
BW-02165;Zimmermann, Ralf;1966-09-05;99817;Eisenach;03621 483534;ralf.zimmermann@freenet.de;CNC-Bediener, Rüsterfahrung;CNC-Zerspanung;2026-07-27;Empfehlung;Gotha;2025-04-11;2025-11-17;2027-04-11;Erstgespräch geführt
BW-02166;Werner, Franziska;1983-09-24;99610;Sömmerda;0361 545471;franziska.werner@t-online.de;Kommissionierer, Scannererfahrung;Lager und Logistik;2026-07-10;Empfehlung;Erfurt;2026-07-04;2026-07-12;2029-07-04;Kein Interesse
BW-02167;Simon, Nadine;2004-08-10;99094;Erfurt;0361 642817;nadine.simon@outlook.de;Buchbinder, Weiterverarbeitung, Höhentauglichkeit G41;Druck und Verpackung;2026-07-29;Anzeige Website;Erfurt;2026-07-29;2026-09-02;2029-07-29;Kein Interesse
BW-02168;Friedrich, Rene;1970-11-25;99734;Nordhausen;03606 696631;rene.friedrich@web.de;CNC-Bediener, Rüsterfahrung;CNC-Zerspanung;2026-07-27;Initiativbewerbung;Heilbad Heiligenstadt;2025-04-15;2026-01-28;2027-04-15;Neu
BW-02169;Fuchs, Mario;2002-06-14;07318;Saalfeld;03641 756604;mario.fuchs@t-online.de;Produktionshelfer, 3-Schicht;Produktion und Montage;2026-05-20;Anzeige Website;Jena;2024-12-18;2026-09-03;2026-12-18;Im Pool
BW-02170;Köhler, Yvonne;1977-10-25;07937;Zeulenroda;0151 4096623;yvonne.koehler@gmx.de;Elektrohelfer, Schaltschrankbau, Höhentauglichkeit G41;Elektro;2027-03-28;Multiposting-Portal;Gera;2025-10-24;2026-06-25;2027-10-24;Vermittelt
BW-02171;Stein, Nico;1988-07-10;07318;Saalfeld;0170 6100293;nico.stein@googlemail.com;Montagehelfer Serienfertigung;Produktion und Montage;2026-08-09;Karrieremesse;Jena;2024-12-03;2025-11-02;2026-12-03;Abgelehnt
BW-02172;Otto, Patrick;1964-03-23;98693;Ilmenau;0157 8280557;patrick.otto@t-online.de;Zerspanungsmechaniker, Frästechnik, Deutsch B2;CNC-Zerspanung;2027-03-23;Jobbörse;Gotha;2026-09-05;2026-09-07;2028-09-05;Vermittelt
BW-02173;Werner, Jörg;1964-11-22;99510;Apolda;0361 385707;joerg.werner@t-online.de;Kreditorenbuchhaltung, SAP FI;Buchhaltung;2026-05-12;Multiposting-Portal;Erfurt;2025-04-20;2026-01-19;2028-04-20;Im Pool
BW-02174;Jung, Erik;1991-07-22;99425;Weimar;0361 248938;erik.jung@t-online.de;Schweißer MAG 135, Prüfung gültig;Metallbau und Schweißen;2026-05-29;Jobbörse;Erfurt;2024-11-20;2026-01-05;2026-11-20;Im Pool
BW-02175;Thomas, Ralf;2003-07-10;07407;Rudolstadt;03641 475320;ralf.thomas@freenet.de;Schlosser, Montageerfahrung;Metallbau und Schweißen;2026-07-01;Empfehlung;Jena;2025-04-06;2026-08-16;2027-04-06;Nicht erreichbar
BW-02176;Weber, Jörg;1987-04-27;07745;Jena;03641 976982;joerg.weber@web.de;Offsetdrucker, Bogenoffset, Montagebereitschaft;Druck und Verpackung;2026-06-14;Empfehlung;Jena;2025-09-16;2025-11-16;2027-09-16;Im Pool
BW-02177;Krause, Denise;2006-01-05;99310;Arnstadt;0361 496455;denise.krause@mailbox.org;Metallbauer Konstruktionstechnik;Metallbau und Schweißen;2026-09-03;Multiposting-Portal;Erfurt;2026-09-03;2026-09-05;2029-09-03;Erstgespräch geführt
BW-02178;Krüger, Mario;1969-08-21;98693;Ilmenau;03621 580115;mario.krueger@web.de;Schweißer WIG 141;Metallbau und Schweißen;2026-06-14;Anzeige Website;Gotha;2025-02-18;2025-06-17;2027-02-18;Im Pool
BW-02179;Vogt, Thomas;2002-01-19;07545;Gera;0365 931644;thomas.vogt@freenet.de;Kreditorenbuchhaltung, SAP FI;Buchhaltung;2026-09-01;Empfehlung;Gera;2026-06-23;2026-08-27;2028-06-23;Im Pool
BW-02180;Lang, Yvonne;1973-12-15;37308;Heilbad Heiligenstadt;03606 976011;yvonne.lang@googlemail.com;CNC-Dreher, Siemens 840D, Deutsch B2;CNC-Zerspanung;2026-07-23;Multiposting-Portal;Heilbad Heiligenstadt;2025-06-23;2025-07-11;2028-06-23;Im Pool
BW-02181;Stein, Heike;1974-05-05;98693;Ilmenau;03621 435186;heike.stein@t-online.de;Produktionshelfer, 3-Schicht;Produktion und Montage;2026-07-31;Anzeige Website;Gotha;2024-11-12;2025-10-04;2026-11-12;Neu
BW-02182;Schmitt, Manuela;1963-11-26;99510;Apolda;0361 621597;manuela.schmitt@freenet.de;Staplerfahrer Schubmast;Lager und Logistik;2027-01-08;Empfehlung;Erfurt;2026-09-06;2026-09-06;2028-09-06;Vermittelt
BW-02183;Jung, Toni;1992-06-20;99734;Nordhausen;0163 9996232;toni.jung@mailbox.org;Schweißer MAG 135, Prüfung gültig, Deutsch B2;Metallbau und Schweißen;2026-08-01;Multiposting-Portal;Heilbad Heiligenstadt;2024-10-20;2024-12-03;2027-10-20;Neu
BW-02184;Lange, Nicole;1993-03-19;07743;Jena;03641 857816;nicole.lange@mailbox.org;Fachlagerist, Staplerschein;Lager und Logistik;2026-08-24;Initiativbewerbung;Jena;2026-08-24;2026-08-25;2028-08-24;Im Pool
BW-02185;Krüger, Franziska;1963-02-10;07549;Gera;0163 3354877;franziska.krueger@t-online.de;Zerspanungsmechaniker, Drehtechnik, Deutsch B2;CNC-Zerspanung;2026-11-19;Jobbörse;Gera;2025-03-16;2025-06-05;2028-03-16;Im Einsatz
BW-02186;Kaiser, Torsten;1970-06-18;99974;Mühlhausen;0157 7977539;torsten.kaiser@outlook.de;Konstruktionsmechaniker, Kranschein;Metallbau und Schweißen;2026-08-18;Bundesagentur für Arbeit;Heilbad Heiligenstadt;2026-04-03;2026-08-05;2028-04-03;Im Pool
BW-02187;Schumacher, Marcel;1982-12-14;99974;Mühlhausen;0160 9310002;marcel.schumacher@web.de;Offsetdrucker, Bogenoffset;Druck und Verpackung;2026-08-31;Initiativbewerbung;Heilbad Heiligenstadt;2025-08-03;2026-01-21;2027-08-03;Im Pool
BW-02188;Weiß, Maik;1965-08-03;99734;Nordhausen;03606 560698;maik.weiss@outlook.de;Metallbauer Konstruktionstechnik;Metallbau und Schweißen;2026-08-11;Jobbörse;Heilbad Heiligenstadt;2025-09-09;2026-07-28;2028-09-09;Im Pool
BW-02189;Lang, Michael;1970-04-21;99867;Gotha;0151 4480798;michael.lang@mailbox.org;Maschinenbediener Kunststoff;Produktion und Montage;2026-07-08;Anzeige Website;Gotha;2025-05-07;2026-07-11;2027-05-07;Nicht erreichbar
BW-02190;Schäfer, Toni;1977-02-12;07549;Gera;0365 847340;toni.schaefer@outlook.de;Bautischler, Montage;Tischlerei und Holz;2026-08-03;Jobbörse;Gera;2025-08-25;2026-06-24;2028-08-25;Im Pool
BW-02191;Frank, Falk;1992-06-26;37327;Leinefelde-Worbis;0157 4840441;falk.frank@web.de;Montagehelfer Serienfertigung, Kranschein;Produktion und Montage;2026-06-06;Multiposting-Portal;Heilbad Heiligenstadt;2025-04-02;2025-10-16;2027-04-02;Im Pool
BW-02192;Krüger, Thomas;1963-08-25;07545;Gera;0365 486306;thomas.krueger@t-online.de;Fertigungsplaner, REFA-Grundschein;Technische Fachkraft;2026-11-28;Multiposting-Portal;Gera;2025-10-03;2026-05-03;2028-10-03;Im Einsatz
BW-02193;Vollmer, Enrico;1984-12-16;07546;Gera;0365 438052;enrico.vollmer@mailbox.org;Produktionshelfer, 3-Schicht, Deutsch B2;Produktion und Montage;2026-06-21;Jobbörse;Gera;2024-11-30;2026-06-06;2026-11-30;Im Pool
BW-02194;Albrecht, Vanessa;2002-06-13;07549;Gera;0365 824370;vanessa.albrecht@outlook.de;CNC-Dreher, Siemens 840D;CNC-Zerspanung;2026-05-16;Empfehlung;Gera;2024-11-24;2025-04-16;2026-11-24;Neu
BW-02195;Becker, Björn;2001-12-05;07749;Jena;0157 4615253;bjoern.becker@web.de;Elektrohelfer, Schaltschrankbau;Elektro;2026-09-03;Empfehlung;Jena;2026-04-18;2026-04-19;2028-04-18;Kein Interesse
BW-02196;Keller, Maik;1980-04-23;07646;Stadtroda;0170 3930675;maik.keller@t-online.de;Lagerhelfer, Staplerschein;Lager und Logistik;2026-06-15;Jobbörse;Jena;2025-11-13;2026-02-04;2027-11-13;Erstgespräch geführt
BW-02197;Schulze, Marvin;1983-12-14;99085;Erfurt;0151 4171517;marvin.schulze@mailbox.org;Elektroniker Betriebstechnik;Elektro;2026-08-22;Initiativbewerbung;Erfurt;2025-12-17;2026-05-23;2027-12-17;Im Pool
BW-02198;Krämer, Dirk;2000-11-08;99099;Erfurt;0361 920215;dirk.kraemer@googlemail.com;Lagerhelfer, Staplerschein, Schichtbereitschaft;Lager und Logistik;2026-07-24;Jobbörse;Erfurt;2025-01-01;2026-05-18;2027-01-01;Im Pool
BW-02199;Meier, Steffen;1963-09-26;98693;Ilmenau;0178 6086586;steffen.meier@googlemail.com;Fachlagerist, Staplerschein, Montagebereitschaft;Lager und Logistik;2026-07-13;Jobbörse;Gotha;2025-09-18;2026-08-10;2027-09-18;Erstgespräch geführt
BW-02200;Kraus, Silvio;1989-07-23;99974;Mühlhausen;0171 3402158;silvio.kraus@mailbox.org;Medientechnologe Druck;Druck und Verpackung;2026-09-05;Bundesagentur für Arbeit;Heilbad Heiligenstadt;2025-07-15;2025-07-26;2027-07-15;Abgelehnt
BW-02201;Baumann, Daniel;1986-08-25;98693;Ilmenau;0160 6784821;daniel.baumann@gmx.de;Technischer Produktdesigner, Inventor;Technische Fachkraft;2026-07-23;Bundesagentur für Arbeit;Gotha;2026-03-10;2026-04-16;2029-03-10;Nicht erreichbar
BW-02202;Vogt, Rene;1974-01-09;07973;Greiz;0365 622026;rene.vogt@freenet.de;Montagehelfer Serienfertigung;Produktion und Montage;2026-07-24;Initiativbewerbung;Gera;2024-11-13;2025-01-11;2026-11-13;Im Pool
BW-02203;Schreiber, Mario;1990-05-10;99097;Erfurt;0361 366612;mario.schreiber@mailbox.org;CNC-Fräser, Heidenhain TNC, Staplerschein;CNC-Zerspanung;2026-05-18;Anzeige Website;Erfurt;2025-11-20;2026-01-23;2027-11-20;Im Pool
BW-02204;Schmitt, Ralf;1994-07-04;07580;Ronneburg;0365 772404;ralf.schmitt@web.de;Schlosser, Montageerfahrung;Metallbau und Schweißen;2026-10-14;Jobbörse;Gera;2026-02-01;2026-07-12;2028-02-01;Im Einsatz
BW-02205;Engel, Björn;2001-10-21;99085;Erfurt;0171 6369477;bjoern.engel@outlook.de;Kundenservice, Telefonie, Kranschein;Kaufmännische Sachbearbeitung;2026-06-04;Anzeige Website;Erfurt;2025-02-01;2025-06-16;2027-02-01;Erstgespräch geführt
BW-02206;Thomas, Patrick;1988-08-08;07768;Kahla;03641 568298;patrick.thomas@gmx.de;Kommissionierer, Scannererfahrung;Lager und Logistik;2026-11-14;Anzeige Website;Jena;2025-01-27;2025-12-26;2027-01-27;Im Einsatz
BW-02207;Schäfer, Nadine;1972-05-11;99510;Apolda;0361 275834;nadine.schaefer@outlook.de;Technischer Zeichner, AutoCAD;Technische Fachkraft;2027-03-02;Anzeige Website;Erfurt;2024-12-23;2026-07-30;2026-12-23;Vermittelt
BW-02208;Hofmann, Kerstin;1982-08-23;99974;Mühlhausen;0157 3883287;kerstin.hofmann@googlemail.com;Fertigungsplaner, REFA-Grundschein;Technische Fachkraft;2027-03-12;Multiposting-Portal;Heilbad Heiligenstadt;2025-11-24;2026-03-17;2027-11-24;Im Einsatz
BW-02209;Krämer, Holger;1991-02-11;99086;Erfurt;0361 544113;holger.kraemer@t-online.de;Technischer Zeichner, AutoCAD;Technische Fachkraft;2026-06-07;Multiposting-Portal;Erfurt;2025-05-23;2026-06-11;2027-05-23;Im Pool
BW-02210;Schreiber, Heike;1963-03-04;99867;Gotha;03621 855396;heike.schreiber@outlook.de;Lagerfachkraft, Wareneingang;Lager und Logistik;2026-08-31;Initiativbewerbung;Gotha;2025-06-17;2026-08-11;2027-06-17;Abgelehnt
BW-02211;Scholz, Marco;1982-05-03;99867;Gotha;03621 974898;marco.scholz@googlemail.com;CNC-Bediener, Rüsterfahrung;CNC-Zerspanung;2026-08-16;Bundesagentur für Arbeit;Gotha;2024-10-12;2025-03-10;2027-10-12;Im Pool
BW-02212;König, Rene;1985-04-02;37351;Dingelstädt;0163 5659521;rene.koenig@web.de;Maschinenbediener Kunststoff;Produktion und Montage;2026-05-18;Initiativbewerbung;Heilbad Heiligenstadt;2025-10-09;2026-03-21;2028-10-09;Neu
BW-02213;Schumacher, Matthias;1991-11-04;07973;Greiz;0365 266189;matthias.schumacher@t-online.de;Versandmitarbeiter, Staplerschein, Höhentauglichkeit G41;Lager und Logistik;2026-07-05;Jobbörse;Gera;2026-02-17;2026-04-24;2028-02-17;Im Pool
BW-02214;Schmid, Tobias;1994-01-12;99610;Sömmerda;0361 392991;tobias.schmid@mailbox.org;Staplerfahrer Schubmast, Montagebereitschaft;Lager und Logistik;2026-07-30;Multiposting-Portal;Erfurt;2025-10-20;2026-05-29;2027-10-20;Nicht erreichbar
BW-02215;Simon, Frank;1992-07-09;07937;Zeulenroda;0163 8046342;frank.simon@outlook.de;Produktionsmitarbeiter, Anlernkraft, Höhentauglichkeit G41;Produktion und Montage;2027-02-05;Empfehlung;Gera;2026-07-21;2026-08-29;2029-07-21;Im Einsatz
BW-02216;Sauer, Sabine;1987-11-09;37308;Heilbad Heiligenstadt;03606 667118;sabine.sauer@mailbox.org;Lagerhelfer, Staplerschein, Kranschein;Lager und Logistik;2026-05-24;Jobbörse;Heilbad Heiligenstadt;2025-12-16;2026-05-30;2027-12-16;Abgelehnt
BW-02217;Jäger, Daniel;1990-11-27;98693;Ilmenau;03621 760067;daniel.jaeger@gmx.de;Lagerfachkraft, Wareneingang;Lager und Logistik;2026-08-31;Anzeige Website;Gotha;2026-08-31;2026-09-06;2028-08-31;Im Pool
BW-02218;Krüger, Toni;1962-12-11;07768;Kahla;03641 888174;toni.krueger@web.de;Industriemechaniker Instandhaltung, Höhentauglichkeit G41;Metallbau und Schweißen;2026-07-24;Karrieremesse;Jena;2025-01-22;2026-07-18;2028-01-22;Im Pool
BW-02219;Günther, Elke;1999-10-28;37308;Heilbad Heiligenstadt;0157 5964590;elke.guenther@t-online.de;Schlosser, Montageerfahrung;Metallbau und Schweißen;2026-06-25;Jobbörse;Heilbad Heiligenstadt;2026-04-24;2026-04-26;2028-04-24;Im Pool
BW-02220;Vogel, Simone;1984-04-02;98693;Ilmenau;03621 799409;simone.vogel@outlook.de;Lagerhelfer, Staplerschein;Lager und Logistik;2026-06-21;Karrieremesse;Gotha;2025-08-08;2026-04-03;2028-08-08;Im Pool
BW-02221;Heinrich, Alexander;1978-12-18;07749;Jena;0171 3780690;alexander.heinrich@mailbox.org;CNC-Fachkraft, Programmierkenntnisse;CNC-Zerspanung;2026-10-05;Bundesagentur für Arbeit;Jena;2025-09-27;2026-06-26;2027-09-27;Im Einsatz
BW-02222;Grunewald, Doreen;2006-05-13;07545;Gera;0365 664200;doreen.grunewald@t-online.de;Schweißer MAG 135, Prüfung gültig;Metallbau und Schweißen;2026-10-14;Anzeige Website;Gera;2024-12-18;2026-07-31;2026-12-18;Im Einsatz
BW-02223;Schmitt, Sebastian;2003-11-24;99427;Weimar;0361 352191;sebastian.schmitt@googlemail.com;Tischlerhelfer, Oberflächenbearbeitung;Tischlerei und Holz;2026-06-05;Anzeige Website;Erfurt;2025-05-23;2026-09-02;2027-05-23;Nicht erreichbar
BW-02224;Fischer, Marco;1988-02-14;99947;Bad Langensalza;0160 3450734;marco.fischer@gmx.de;CNC-Bediener, Rüsterfahrung;CNC-Zerspanung;2026-08-09;Jobbörse;Gotha;2024-12-26;2026-02-27;2026-12-26;Im Pool
BW-02225;Frank, Patrick;2002-08-21;99734;Nordhausen;03606 507923;patrick.frank@gmx.de;Kommissionierer, Scannererfahrung;Lager und Logistik;2027-01-11;Multiposting-Portal;Heilbad Heiligenstadt;2025-08-28;2026-04-11;2027-08-28;Vermittelt
BW-02226;Zimmermann, Marcel;2003-10-26;07973;Greiz;0365 947485;marcel.zimmermann@gmx.de;Druckhelfer, Nachtschicht;Druck und Verpackung;2027-01-27;Jobbörse;Gera;2026-05-16;2026-07-30;2028-05-16;Im Einsatz
BW-02227;Steinbrück, Regina;1980-11-10;99510;Apolda;0361 588973;regina.steinbrueck@mailbox.org;Offsetdrucker, Bogenoffset, Führerschein B;Druck und Verpackung;2026-09-08;Anzeige Website;Erfurt;2024-11-24;2026-02-10;2027-11-24;Neu
BW-02228;Müller, Jana;1976-07-23;99734;Nordhausen;03606 924568;jana.mueller@mailbox.org;Elektroinstallateur, Baustelleneinsatz, Schichtbereitschaft;Elektro;2026-09-03;Multiposting-Portal;Heilbad Heiligenstadt;2026-06-28;2026-09-01;2029-06-28;Im Pool
BW-02229;Schmitz, Matthias;1971-05-02;99947;Bad Langensalza;0177 3492084;matthias.schmitz@web.de;Produktionshelfer, 3-Schicht, Kranschein;Produktion und Montage;2026-08-08;Jobbörse;Gotha;2024-12-17;2025-01-30;2026-12-17;Erstgespräch geführt
BW-02230;Sommer, Ines;2002-11-14;99867;Gotha;03621 259364;ines.sommer@outlook.de;Zerspanungsmechaniker, Drehtechnik, Führerschein B;CNC-Zerspanung;2026-09-06;Multiposting-Portal;Gotha;2026-03-29;2026-07-27;2028-03-29;Abgelehnt
BW-02231;Friedrich, Dirk;1992-09-08;07407;Rudolstadt;0160 9057296;dirk.friedrich@web.de;CNC-Bediener, Rüsterfahrung;CNC-Zerspanung;2026-08-21;Initiativbewerbung;Jena;2025-05-06;2026-05-16;2028-05-06;Kein Interesse
BW-02232;Herrmann, Rene;1963-05-13;07549;Gera;0151 5767891;rene.herrmann@gmx.de;Bürokauffrau, MS Office;Kaufmännische Sachbearbeitung;2026-06-01;Jobbörse;Gera;2025-09-21;2026-05-12;2027-09-21;Erstgespräch geführt
BW-02233;Ziegler, Björn;1965-04-22;99097;Erfurt;0361 863032;bjoern.ziegler@googlemail.com;CNC-Bediener, Rüsterfahrung, Reinraumerfahrung;CNC-Zerspanung;2026-08-16;Anzeige Website;Erfurt;2026-08-16;2026-09-07;2028-08-16;Erstgespräch geführt
BW-02234;Seidel, Stefan;1996-06-19;99085;Erfurt;0178 5750424;stefan.seidel@outlook.de;Kundenservice, Telefonie, Deutsch B2;Kaufmännische Sachbearbeitung;2026-07-18;Jobbörse;Erfurt;2025-08-06;2026-06-28;2027-08-06;Abgelehnt
BW-02235;Keller, Michael;1975-07-27;99089;Erfurt;0151 1203611;michael.keller@mailbox.org;Kommissionierer, Scannererfahrung;Lager und Logistik;2026-06-28;Jobbörse;Erfurt;2025-04-13;2025-09-11;2028-04-13;Abgelehnt
BW-02236;Schröder, Maik;1991-05-21;37308;Heilbad Heiligenstadt;03606 228718;maik.schroeder@t-online.de;Druckhelfer, Nachtschicht, Montagebereitschaft;Druck und Verpackung;2026-06-22;Jobbörse;Heilbad Heiligenstadt;2025-07-24;2025-09-14;2027-07-24;Im Pool
BW-02237;Grunewald, Frank;1962-07-21;07743;Jena;03641 727310;frank.grunewald@mailbox.org;Finanzbuchhaltung, DATEV;Buchhaltung;2026-06-28;Jobbörse;Jena;2025-07-29;2025-08-04;2027-07-29;Erstgespräch geführt
BW-02238;Grunewald, Jörg;1970-11-23;99947;Bad Langensalza;0177 4379393;joerg.grunewald@googlemail.com;Produktionsmitarbeiter, Anlernkraft;Produktion und Montage;2027-03-15;Jobbörse;Gotha;2024-12-25;2025-07-05;2026-12-25;Im Einsatz
BW-02239;Wagner, Beate;2004-04-09;99867;Gotha;03621 616950;beate.wagner@gmx.de;Zerspanungsmechaniker, Frästechnik, Führerschein B;CNC-Zerspanung;2026-05-22;Empfehlung;Gotha;2025-01-08;2025-03-31;2027-01-08;Im Pool
BW-02240;Balzer, Marvin;1998-07-11;07546;Gera;0365 649644;marvin.balzer@mailbox.org;Helfer Kunststoffverarbeitung, Montagebereitschaft;Produktion und Montage;2026-12-17;Empfehlung;Gera;2025-12-11;2026-05-18;2027-12-11;Im Einsatz
BW-02241;Becker, Elke;1986-10-17;99094;Erfurt;0361 569570;elke.becker@googlemail.com;Produktionshelfer, 3-Schicht;Produktion und Montage;2026-05-25;Bundesagentur für Arbeit;Erfurt;2025-03-03;2026-02-25;2028-03-03;Im Pool
BW-02242;Beck, Silvio;2002-03-21;99310;Arnstadt;0170 5731644;silvio.beck@web.de;Maschinenbediener Kunststoff, Reinraumerfahrung;Produktion und Montage;2026-10-17;Empfehlung;Erfurt;2024-11-01;2026-08-01;2027-11-01;Im Einsatz
BW-02243;Richter, Anja;1985-01-12;99867;Gotha;03621 220229;anja.richter@web.de;Produktionsmitarbeiter, Anlernkraft;Produktion und Montage;2026-07-06;Jobbörse;Gotha;2025-08-16;2025-11-21;2027-08-16;Erstgespräch geführt
BW-02244;Hartmann, Ronny;1988-09-03;99974;Mühlhausen;03606 680949;ronny.hartmann@web.de;Mechatroniker Instandhaltung;Elektro;2026-11-24;Multiposting-Portal;Heilbad Heiligenstadt;2025-01-30;2026-07-07;2027-01-30;Im Einsatz
BW-02245;König, Marco;1996-08-23;07747;Jena;0178 2363751;marco.koenig@outlook.de;Schweißer WIG 141;Metallbau und Schweißen;2026-07-03;Multiposting-Portal;Jena;2025-10-08;2026-01-13;2028-10-08;Im Pool
BW-02246;Krämer, Matthias;1971-10-22;99867;Gotha;0160 8226490;matthias.kraemer@outlook.de;CNC-Dreher, Siemens 840D, Reinraumerfahrung;CNC-Zerspanung;2026-07-30;Initiativbewerbung;Gotha;2025-04-04;2025-05-31;2027-04-04;Neu
BW-02247;Groß, Torsten;1971-09-18;99974;Mühlhausen;03606 352942;torsten.gross@outlook.de;Metallbauer Konstruktionstechnik, Deutsch B2;Metallbau und Schweißen;2026-05-14;Multiposting-Portal;Heilbad Heiligenstadt;2025-03-15;2026-04-10;2027-03-15;Erstgespräch geführt
BW-02248;Beck, Heike;1983-06-26;99610;Sömmerda;0157 2050673;heike.beck@outlook.de;CNC-Fachkraft, Programmierkenntnisse, Reinraumerfahrung;CNC-Zerspanung;2026-07-22;Initiativbewerbung;Erfurt;2026-05-23;2026-06-22;2028-05-23;Kein Interesse
BW-02249;Stein, Yvonne;1969-07-15;99310;Arnstadt;0170 8904982;yvonne.stein@outlook.de;Versandmitarbeiter, Staplerschein;Lager und Logistik;2027-02-25;Jobbörse;Erfurt;2026-05-07;2026-05-28;2028-05-07;Im Einsatz
BW-02250;Schröder, Franziska;1965-03-06;99085;Erfurt;0361 974668;franziska.schroeder@mailbox.org;Kommissionierer, Scannererfahrung, Schichtbereitschaft;Lager und Logistik;2026-08-03;Empfehlung;Erfurt;2025-02-12;2025-11-18;2027-02-12;Im Pool
BW-02251;Keller, Ralf;1990-04-22;99867;Gotha;03621 929355;ralf.keller@mailbox.org;Lagerhelfer, Staplerschein;Lager und Logistik;2026-05-20;Jobbörse;Gotha;2025-06-05;2026-03-15;2027-06-05;Im Pool
BW-02252;Graf, Kevin;2007-02-11;99817;Eisenach;0151 1481744;kevin.graf@googlemail.com;Bürokauffrau, MS Office, Führerschein B;Kaufmännische Sachbearbeitung;2026-10-19;Jobbörse;Gotha;2024-12-10;2026-03-21;2026-12-10;Im Einsatz
BW-02253;Becker, Enrico;1975-03-15;99085;Erfurt;0176 6341893;enrico.becker@outlook.de;Buchbinder, Weiterverarbeitung;Druck und Verpackung;2026-06-04;Empfehlung;Erfurt;2025-11-17;2026-07-12;2027-11-17;Im Pool
BW-02254;Kaiser, Vanessa;2003-09-01;99947;Bad Langensalza;0178 4594142;vanessa.kaiser@mailbox.org;Lagerhelfer, Staplerschein;Lager und Logistik;2026-07-04;Bundesagentur für Arbeit;Gotha;2024-10-27;2026-09-06;2027-10-27;Im Pool
BW-02255;Hoffmann, Diana;1997-03-18;07381;Pößneck;0176 5747597;diana.hoffmann@googlemail.com;Lagerfachkraft, Wareneingang;Lager und Logistik;2026-09-07;Jobbörse;Gera;2025-02-23;2026-05-09;2028-02-23;Im Pool
BW-02256;Engel, Dennis;1966-05-02;37351;Dingelstädt;03606 888700;dennis.engel@t-online.de;Buchbinder, Weiterverarbeitung;Druck und Verpackung;2026-05-21;Empfehlung;Heilbad Heiligenstadt;2025-07-21;2026-04-05;2027-07-21;Kein Interesse
BW-02257;Braun, Patrick;2006-09-24;07545;Gera;0365 271827;patrick.braun@googlemail.com;Qualitätsprüfer, Messmittel und Lehren, Kranschein;Technische Fachkraft;2026-12-19;Anzeige Website;Gera;2025-06-05;2025-08-08;2027-06-05;Vermittelt
BW-02258;Schäfer, Uwe;1996-01-06;99867;Gotha;03621 765413;uwe.schaefer@freenet.de;Mechatroniker Instandhaltung;Elektro;2027-03-10;Bundesagentur für Arbeit;Gotha;2025-01-10;2026-07-11;2028-01-10;Vermittelt
BW-02259;Günther, Alexander;2006-08-16;07937;Zeulenroda;0160 9305834;alexander.guenther@googlemail.com;CNC-Bediener, Rüsterfahrung, Deutsch B2;CNC-Zerspanung;2026-08-07;Bundesagentur für Arbeit;Gera;2026-02-27;2026-08-04;2028-02-27;Neu
BW-02260;Vollmer, Christin;2000-05-03;99085;Erfurt;0170 3942342;christin.vollmer@web.de;Tischler, CNC-Bearbeitungszentrum;Tischlerei und Holz;2027-01-15;Bundesagentur für Arbeit;Erfurt;2026-07-15;2026-07-19;2029-07-15;Vermittelt
BW-02261;Roth, Mario;2006-12-09;99867;Gotha;03621 517053;mario.roth@gmx.de;Metallbauer Konstruktionstechnik, Reinraumerfahrung;Metallbau und Schweißen;2026-05-27;Initiativbewerbung;Gotha;2025-08-09;2026-01-01;2027-08-09;Neu
BW-02262;Schröder, Kerstin;1982-12-06;37308;Heilbad Heiligenstadt;0178 4328413;kerstin.schroeder@mailbox.org;Bürokauffrau, MS Office;Kaufmännische Sachbearbeitung;2026-08-15;Anzeige Website;Heilbad Heiligenstadt;2026-03-10;2026-07-05;2029-03-10;Erstgespräch geführt
BW-02263;Dietrich, Falk;1981-03-19;99094;Erfurt;0177 9290682;falk.dietrich@web.de;Montagehelfer Serienfertigung;Produktion und Montage;2026-06-14;Jobbörse;Erfurt;2026-03-26;2026-04-29;2028-03-26;Im Pool
BW-02264;Engel, Hendrik;1970-10-11;07318;Saalfeld;03641 636159;hendrik.engel@freenet.de;CNC-Bediener, Rüsterfahrung, Deutsch B2;CNC-Zerspanung;2026-07-02;Bundesagentur für Arbeit;Jena;2019-08-06;2026-08-14;2028-08-14;Im Pool
BW-02265;Seidel, Björn;1966-01-17;98693;Ilmenau;03621 924980;bjoern.seidel@gmx.de;CNC-Fräser, Heidenhain TNC, Montagebereitschaft;CNC-Zerspanung;2026-07-21;Anzeige Website;Gotha;2025-01-03;2026-01-20;2027-01-03;Neu
BW-02266;Franke, Nico;1993-03-06;99817;Eisenach;03621 515690;nico.franke@googlemail.com;CNC-Bediener, Rüsterfahrung, Kranschein;CNC-Zerspanung;2027-03-21;Initiativbewerbung;Gotha;2025-04-14;2025-06-25;2027-04-14;Im Einsatz
BW-02267;Kaiser, Anke;1971-10-05;07545;Gera;0365 395427;anke.kaiser@mailbox.org;Zerspanungsmechaniker, Drehtechnik, Kranschein;CNC-Zerspanung;2026-07-24;Multiposting-Portal;Gera;2026-01-29;2026-08-28;2028-01-29;Kein Interesse
BW-02268;Kloß, Jörg;1962-02-03;07743;Jena;03641 806257;joerg.kloss@freenet.de;Sachbearbeitung Auftragsabwicklung, SAP;Kaufmännische Sachbearbeitung;2027-04-26;Jobbörse;Jena;2025-03-05;2026-02-14;2027-03-05;Im Einsatz
BW-02269;Ziegenhorn, Nadine;1978-12-03;99867;Gotha;0152 9528290;nadine.ziegenhorn@web.de;Konstruktionsmechaniker;Metallbau und Schweißen;2026-07-02;Bundesagentur für Arbeit;Gotha;2026-05-09;2026-08-05;2029-05-09;Neu
BW-02270;Dietrich, Daniel;1978-08-28;99097;Erfurt;0176 9253795;daniel.dietrich@freenet.de;Fertigungsplaner, REFA-Grundschein, Staplerschein;Technische Fachkraft;2026-07-16;Bundesagentur für Arbeit;Erfurt;2025-08-12;2026-02-09;2028-08-12;Im Pool
BW-02271;Vollmer, Anja;1989-01-07;99427;Weimar;0361 742564;anja.vollmer@t-online.de;Elektroniker Energie- und Gebäudetechnik, Schichtbereitschaft;Elektro;2026-07-03;Anzeige Website;Erfurt;2025-12-11;2026-06-19;2027-12-11;Im Pool
BW-02272;Neumann, Maria;1989-03-20;99094;Erfurt;0151 8192270;maria.neumann@t-online.de;Produktionshelfer, 3-Schicht;Produktion und Montage;2026-10-30;Multiposting-Portal;Erfurt;2025-02-11;2025-11-19;2028-02-11;Im Einsatz
BW-02273;Friedrich, Julia;1996-02-19;99867;Gotha;03621 310037;julia.friedrich@mailbox.org;Konstruktionsmechaniker, Führerschein B;Metallbau und Schweißen;2027-03-31;Karrieremesse;Gotha;2026-07-18;2026-09-05;2029-07-18;Vermittelt
BW-02274;Becker, Holger;1977-08-05;07749;Jena;03641 913664;holger.becker@gmx.de;Zerspanungsmechaniker, Frästechnik;CNC-Zerspanung;2026-07-19;Jobbörse;Jena;2026-07-19;2026-08-17;2028-07-19;Im Pool
BW-02275;Schmitt, Robert;1979-06-27;37327;Leinefelde-Worbis;0177 1849064;robert.schmitt@outlook.de;Schlosser, Montageerfahrung;Metallbau und Schweißen;2026-08-03;Jobbörse;Heilbad Heiligenstadt;2025-10-07;2026-08-07;2028-10-07;Im Pool
BW-02276;Sommer, Frank;1980-07-17;99734;Nordhausen;0157 3575052;frank.sommer@gmx.de;Druckhelfer, Nachtschicht;Druck und Verpackung;2026-08-31;Anzeige Website;Heilbad Heiligenstadt;2026-04-23;2026-07-15;2028-04-23;Kein Interesse
BW-02277;Martin, Josephine;1970-09-07;37308;Heilbad Heiligenstadt;03606 440947;josephine.martin@web.de;Kaufmann Büromanagement, DATEV-Grundkenntnisse, Höhentauglichkeit G41;Kaufmännische Sachbearbeitung;2026-06-11;Bundesagentur für Arbeit;Heilbad Heiligenstadt;2025-12-11;2026-06-27;2027-12-11;Im Pool
BW-02278;Möller, Marvin;1986-03-10;07318;Saalfeld;03641 642537;marvin.moeller@outlook.de;Industriemechaniker Instandhaltung;Metallbau und Schweißen;2026-07-01;Empfehlung;Jena;2026-07-01;2026-08-26;2028-07-01;Im Pool
BW-02279;Peters, Sebastian;1993-04-01;07745;Jena;0152 2943308;sebastian.peters@mailbox.org;Industriemechaniker Instandhaltung;Metallbau und Schweißen;2026-07-18;Bundesagentur für Arbeit;Jena;2025-06-27;2026-03-16;2028-06-27;Kein Interesse
BW-02280;Pohl, Christin;1986-04-17;99423;Weimar;0157 1610805;christin.pohl@t-online.de;Staplerfahrer Schubmast;Lager und Logistik;2026-07-18;Multiposting-Portal;Erfurt;2025-08-21;2026-04-02;2028-08-21;Im Pool
BW-02281;Weiß, Ramona;1997-08-19;07749;Jena;03641 454487;ramona.weiss@web.de;Elektrohelfer, Schaltschrankbau;Elektro;2026-07-11;Jobbörse;Jena;2025-06-04;2026-05-20;2027-06-04;Im Pool
BW-02282;Scholz, Jens;2004-08-26;99310;Arnstadt;0151 3452556;jens.scholz@googlemail.com;Elektroniker Betriebstechnik, Deutsch B2;Elektro;2026-06-12;Anzeige Website;Erfurt;2025-10-15;2026-05-09;2028-10-15;Im Pool
BW-02283;Grunewald, Sven;1972-11-20;07407;Rudolstadt;03641 232028;sven.grunewald@freenet.de;Maschinenführer Verpackungslinie;Druck und Verpackung;2026-07-27;Jobbörse;Jena;2025-04-02;2025-12-17;2028-04-02;Erstgespräch geführt
BW-02284;Lorenz, Heike;1987-12-06;37308;Heilbad Heiligenstadt;03606 836518;heike.lorenz@outlook.de;Buchbinder, Weiterverarbeitung;Druck und Verpackung;2026-06-01;Anzeige Website;Heilbad Heiligenstadt;2026-05-29;2026-07-17;2028-05-29;Kein Interesse
BW-02285;Otto, Ronny;1989-03-26;07548;Gera;0365 322428;ronny.otto@mailbox.org;Technischer Produktdesigner, Inventor, Montagebereitschaft;Technische Fachkraft;2026-07-23;Jobbörse;Gera;2025-07-06;2025-10-24;2027-07-06;Neu
BW-02286;Busch, Hendrik;1964-10-25;99734;Nordhausen;03606 695417;hendrik.busch@googlemail.com;Maschinenbediener Kunststoff, Deutsch B2;Produktion und Montage;2026-06-22;Anzeige Website;Heilbad Heiligenstadt;2025-06-04;2026-08-13;2027-06-04;Im Pool
BW-02287;Horn, Marco;1991-05-13;99867;Gotha;0152 8716946;marco.horn@mailbox.org;Elektrohelfer, Schaltschrankbau, Schichtbereitschaft;Elektro;2026-10-25;Anzeige Website;Gotha;2025-12-01;2026-07-08;2028-12-01;Im Einsatz
BW-02288;Zimmermann, Falk;2000-09-03;37308;Heilbad Heiligenstadt;0163 2871869;falk.zimmermann@t-online.de;Kundenservice, Telefonie;Kaufmännische Sachbearbeitung;2026-08-24;Multiposting-Portal;Heilbad Heiligenstadt;2025-04-19;2026-02-23;2028-04-19;Erstgespräch geführt
BW-02289;Schubert, Alexander;1997-10-24;99947;Bad Langensalza;0157 3676790;alexander.schubert@outlook.de;Produktionsmitarbeiter, Anlernkraft;Produktion und Montage;2026-07-02;Multiposting-Portal;Gotha;2025-07-23;2026-01-27;2028-07-23;Neu
BW-02290;Friedrich, Simone;1989-11-22;07646;Stadtroda;0152 9452363;simone.friedrich@outlook.de;Maschinenbediener Kunststoff, Führerschein B;Produktion und Montage;2026-05-27;Jobbörse;Jena;2025-11-24;2025-12-01;2027-11-24;Im Pool
BW-02291;Schumacher, Marvin;1977-07-16;07546;Gera;0365 634403;marvin.schumacher@googlemail.com;Fachlagerist, Staplerschein;Lager und Logistik;2026-08-17;Jobbörse;Gera;2025-04-21;2026-05-03;2028-04-21;Im Pool
BW-02292;Schneider, Hendrik;1991-01-12;98693;Ilmenau;0176 6261739;hendrik.schneider@freenet.de;Konstruktionsmechaniker, Staplerschein;Metallbau und Schweißen;2026-05-23;Jobbörse;Gotha;2025-05-30;2025-09-18;2028-05-30;Im Pool
BW-02293;Haas, Ralf;1990-08-05;99427;Weimar;0176 6655274;ralf.haas@web.de;Lagerfachkraft, Wareneingang, Deutsch B2;Lager und Logistik;2026-05-16;Empfehlung;Erfurt;2026-04-13;2026-08-07;2028-04-13;Im Pool
BW-02294;Franke, Silke;1999-05-18;99423;Weimar;0170 8234134;silke.franke@web.de;Sachbearbeitung Auftragsabwicklung, SAP;Kaufmännische Sachbearbeitung;2026-09-01;Empfehlung;Erfurt;2025-01-12;2025-09-10;2027-01-12;Neu
BW-02295;Steinbrück, Daniel;1976-03-11;99867;Gotha;03621 964422;daniel.steinbrueck@web.de;Sachbearbeitung Einkauf;Kaufmännische Sachbearbeitung;2026-08-16;Jobbörse;Gotha;2025-12-04;2026-04-10;2027-12-04;Erstgespräch geführt
BW-02296;Neumann, Andreas;2001-07-18;99974;Mühlhausen;0171 9427836;andreas.neumann@web.de;Holzmechaniker Möbelbau;Tischlerei und Holz;2026-06-16;Karrieremesse;Heilbad Heiligenstadt;2025-04-18;2025-07-06;2027-04-18;Erstgespräch geführt
BW-02297;Seidel, Kevin;2004-06-08;37308;Heilbad Heiligenstadt;0176 4701948;kevin.seidel@mailbox.org;Tischlerhelfer, Oberflächenbearbeitung;Tischlerei und Holz;2026-06-28;Empfehlung;Heilbad Heiligenstadt;2019-04-04;2026-06-06;2028-06-06;Neu
BW-02298;Peters, Sandra;1973-07-05;99310;Arnstadt;0361 400140;sandra.peters@mailbox.org;Verpackungsmitarbeiter, Akkordbereitschaft, Schichtbereitschaft;Druck und Verpackung;2026-05-30;Multiposting-Portal;Erfurt;2025-03-10;2025-04-06;2028-03-10;Kein Interesse
BW-02299;Peters, Ralf;1988-04-25;99089;Erfurt;0361 560443;ralf.peters@gmx.de;Assistenz Vertriebsinnendienst, Schichtbereitschaft;Kaufmännische Sachbearbeitung;2026-06-09;Empfehlung;Erfurt;2025-12-10;2026-03-18;2027-12-10;Im Pool
BW-02300;Krüger, Dennis;1986-06-19;99086;Erfurt;0361 202168;dennis.krueger@googlemail.com;Qualitätsprüfer, Messmittel und Lehren;Technische Fachkraft;2026-09-01;Anzeige Website;Erfurt;2026-09-01;2026-09-06;2028-09-01;Erstgespräch geführt
BW-02301;Neumann, Simone;1994-05-21;99427;Weimar;0361 317986;simone.neumann@gmx.de;Maschinenbediener Kunststoff;Produktion und Montage;2026-08-30;Jobbörse;Erfurt;2025-02-09;2026-08-03;2027-02-09;Im Pool
BW-02302;Wolf, Hendrik;2005-11-25;99423;Weimar;0163 9026847;hendrik.wolf@gmx.de;Sachbearbeitung Auftragsabwicklung, SAP;Kaufmännische Sachbearbeitung;2026-06-14;Anzeige Website;Erfurt;2025-02-27;2026-04-26;2028-02-27;Im Pool
BW-02303;Schmidt, Maik;1970-04-12;07646;Stadtroda;03641 968235;maik.schmidt@t-online.de;Tischler, CNC-Bearbeitungszentrum;Tischlerei und Holz;2026-07-07;Anzeige Website;Jena;2026-03-23;2026-05-18;2029-03-23;Neu
BW-02304;Hahn, Melanie;1979-04-10;99510;Apolda;0177 3836079;melanie.hahn@outlook.de;Maschinenführer Verpackungslinie;Druck und Verpackung;2026-08-07;Anzeige Website;Erfurt;2025-06-07;2026-02-21;2028-06-07;Im Pool
BW-02305;König, Jörg;1965-02-15;99310;Arnstadt;0361 696241;joerg.koenig@outlook.de;Lagerhelfer, Staplerschein, Schichtbereitschaft;Lager und Logistik;2026-05-19;Karrieremesse;Erfurt;2024-10-13;2024-12-17;2026-10-13;Erstgespräch geführt
BW-02306;Engel, Franziska;1985-02-09;07381;Pößneck;0365 993572;franziska.engel@googlemail.com;Industriemechaniker Instandhaltung, Staplerschein;Metallbau und Schweißen;2026-08-18;Empfehlung;Gera;2024-10-31;2025-06-21;2026-10-31;Neu
BW-02307;Köhler, Erik;1964-10-05;99099;Erfurt;0152 8287105;erik.koehler@googlemail.com;Technischer Produktdesigner, Inventor;Technische Fachkraft;2027-02-18;Initiativbewerbung;Erfurt;2026-05-21;2026-08-27;2028-05-21;Im Einsatz
BW-02308;Lange, Ronny;2007-11-25;07743;Jena;0160 4789044;ronny.lange@t-online.de;Sachbearbeitung Auftragsabwicklung, SAP, Deutsch B2;Kaufmännische Sachbearbeitung;2026-06-18;Anzeige Website;Jena;2025-06-23;2025-11-15;2027-06-23;Neu
BW-02309;Schreiber, Claudia;1980-11-08;99084;Erfurt;0361 372572;claudia.schreiber@outlook.de;Buchbinder, Weiterverarbeitung;Druck und Verpackung;2026-06-05;Anzeige Website;Erfurt;2025-01-31;2025-02-25;2028-01-31;Kein Interesse
BW-02310;Pfeiffer, Matthias;1995-10-18;07646;Stadtroda;03641 568887;matthias.pfeiffer@outlook.de;Lagerfachkraft, Wareneingang, Deutsch B2;Lager und Logistik;2026-09-02;Anzeige Website;Jena;2025-11-20;2026-02-10;2028-11-20;Im Pool
BW-02311;Krause, Simone;2004-01-12;99096;Erfurt;0361 285116;simone.krause@mailbox.org;Tischlerhelfer, Oberflächenbearbeitung;Tischlerei und Holz;2026-05-17;Multiposting-Portal;Erfurt;2025-01-26;2025-04-09;2027-01-26;Erstgespräch geführt
BW-02312;Busch, Nico;1985-07-16;99089;Erfurt;0170 9799273;nico.busch@googlemail.com;CNC-Bediener, Rüsterfahrung, Führerschein B;CNC-Zerspanung;2026-08-16;Multiposting-Portal;Erfurt;2025-11-01;2026-03-16;2027-11-01;Abgelehnt
BW-02313;Steinbrück, Hendrik;1983-09-03;07549;Gera;0170 5127055;hendrik.steinbrueck@gmx.de;Helfer Kunststoffverarbeitung, Schichtbereitschaft;Produktion und Montage;2026-08-05;Anzeige Website;Gera;2026-07-26;2026-08-02;2028-07-26;Im Pool
BW-02314;Werner, Beate;1984-10-05;99425;Weimar;0361 788999;beate.werner@freenet.de;Maschinenführer Verpackungslinie, Führerschein B;Druck und Verpackung;2026-10-25;Initiativbewerbung;Erfurt;2026-01-27;2026-03-08;2029-01-27;Im Einsatz
BW-02315;Winkler, Andrea;1981-06-21;07747;Jena;0163 9543360;andrea.winkler@web.de;Qualitätsprüfer, Messmittel und Lehren;Technische Fachkraft;2026-08-05;Initiativbewerbung;Jena;2026-04-16;2026-08-01;2029-04-16;Neu
BW-02316;Vogel, Heike;1979-05-18;99084;Erfurt;0361 234968;heike.vogel@t-online.de;Zerspanungsmechaniker, Drehtechnik;CNC-Zerspanung;2026-05-28;Multiposting-Portal;Erfurt;2026-05-15;2026-05-22;2028-05-15;Kein Interesse
BW-02317;Kühn, Stefan;1988-09-22;99610;Sömmerda;0361 348828;stefan.kuehn@googlemail.com;Medientechnologe Druck;Druck und Verpackung;2026-08-15;Anzeige Website;Erfurt;2025-04-20;2026-07-26;2028-04-20;Im Pool
BW-02318;Schreiber, Erik;2000-04-27;07743;Jena;0160 4938740;erik.schreiber@outlook.de;CNC-Fachkraft, Programmierkenntnisse, Reinraumerfahrung;CNC-Zerspanung;2026-07-15;Anzeige Website;Jena;2026-03-06;2026-07-15;2028-03-06;Im Pool
BW-02319;Busch, Marcel;1973-07-28;99089;Erfurt;0361 340885;marcel.busch@web.de;Tischler, CNC-Bearbeitungszentrum, Führerschein B;Tischlerei und Holz;2026-06-13;Bundesagentur für Arbeit;Erfurt;2025-03-21;2025-11-30;2027-03-21;Im Pool
BW-02320;Schneider, Anja;1990-12-25;07743;Jena;03641 664278;anja.schneider@outlook.de;Industriemechaniker Instandhaltung, Montagebereitschaft;Metallbau und Schweißen;2026-05-24;Multiposting-Portal;Jena;2025-01-14;2026-04-29;2027-01-14;Im Pool
BW-02321;Herrmann, Beate;1988-07-06;07545;Gera;0365 225950;beate.herrmann@googlemail.com;Maschinen- und Anlagenführer, Deutsch B2;Produktion und Montage;2027-02-10;Anzeige Website;Gera;2026-05-08;2026-06-10;2028-05-08;Im Einsatz
BW-02322;Kaiser, Ralf;1975-10-08;99947;Bad Langensalza;0151 4689279;ralf.kaiser@gmx.de;Versandmitarbeiter, Staplerschein;Lager und Logistik;2026-06-26;Bundesagentur für Arbeit;Gotha;2025-01-12;2025-06-27;2027-01-12;Im Pool
BW-02323;Graf, Yvonne;2005-04-13;99510;Apolda;0361 388307;yvonne.graf@web.de;Holzmechaniker Möbelbau, Reinraumerfahrung;Tischlerei und Holz;2026-09-07;Jobbörse;Erfurt;2025-08-03;2026-09-04;2027-08-03;Kein Interesse
BW-02324;Weiß, Matthias;1987-02-14;99867;Gotha;03621 230380;matthias.weiss@mailbox.org;Tischlerhelfer, Oberflächenbearbeitung, Montagebereitschaft;Tischlerei und Holz;2026-08-25;Initiativbewerbung;Gotha;2026-04-11;2026-08-19;2029-04-11;Erstgespräch geführt
BW-02325;Haas, Sven;1999-03-04;07743;Jena;0176 6249638;sven.haas@mailbox.org;Montagehelfer Serienfertigung, Führerschein B;Produktion und Montage;2027-03-17;Multiposting-Portal;Jena;2026-05-07;2026-06-28;2028-05-07;Vermittelt
BW-02326;Hoffmann, Uwe;1999-05-12;07745;Jena;0177 7797825;uwe.hoffmann@freenet.de;Maschinenbediener Kunststoff;Produktion und Montage;2026-07-19;Initiativbewerbung;Jena;2025-06-19;2025-09-30;2028-06-19;Nicht erreichbar
BW-02327;Steinbrück, Kevin;1979-03-01;99947;Bad Langensalza;03621 987669;kevin.steinbrueck@mailbox.org;Technischer Zeichner, AutoCAD, Montagebereitschaft;Technische Fachkraft;2027-03-01;Multiposting-Portal;Gotha;2026-06-10;2026-08-09;2028-06-10;Im Einsatz
BW-02328;Horn, Patrick;1968-04-04;99947;Bad Langensalza;0178 2293002;patrick.horn@googlemail.com;Bilanzbuchhalter, Abschlusssicher, Schichtbereitschaft;Buchhaltung;2026-05-29;Multiposting-Portal;Gotha;2026-03-05;2026-05-14;2028-03-05;Im Pool
BW-02329;Stein, Ralf;1979-03-09;99974;Mühlhausen;03606 584969;ralf.stein@web.de;Bilanzbuchhalter, Abschlusssicher, Montagebereitschaft;Buchhaltung;2026-08-06;Jobbörse;Heilbad Heiligenstadt;2025-07-04;2026-02-15;2027-07-04;Im Pool
BW-02330;Walter, Stefan;1976-06-28;99423;Weimar;0160 1279882;stefan.walter@freenet.de;Montagehelfer Serienfertigung;Produktion und Montage;2026-07-16;Anzeige Website;Erfurt;2026-02-25;2026-06-01;2028-02-25;Nicht erreichbar
BW-02331;Bauer, Ramona;1971-08-05;99096;Erfurt;0361 960601;ramona.bauer@web.de;Kreditorenbuchhaltung, SAP FI;Buchhaltung;2026-07-08;Initiativbewerbung;Erfurt;2026-05-26;2026-06-02;2029-05-26;Neu
BW-02332;Beck, Nico;2004-02-06;98693;Ilmenau;0170 9149041;nico.beck@freenet.de;Produktionshelfer, 3-Schicht;Produktion und Montage;2026-10-27;Jobbörse;Gotha;2024-12-01;2025-05-22;2026-12-01;Vermittelt
BW-02333;Schuster, Nico;1997-07-23;99086;Erfurt;0176 6272736;nico.schuster@googlemail.com;Offsetdrucker, Bogenoffset, Höhentauglichkeit G41;Druck und Verpackung;2026-08-19;Karrieremesse;Erfurt;2025-06-17;2026-07-13;2028-06-17;Erstgespräch geführt
BW-02334;Kloß, Silke;1979-02-13;37308;Heilbad Heiligenstadt;03606 741572;silke.kloss@outlook.de;Sachbearbeitung Auftragsabwicklung, SAP, Montagebereitschaft;Kaufmännische Sachbearbeitung;2026-09-03;Initiativbewerbung;Heilbad Heiligenstadt;2025-03-22;2025-05-19;2028-03-22;Im Pool
BW-02335;Schreiber, Sebastian;1964-08-22;07749;Jena;03641 660852;sebastian.schreiber@freenet.de;Holzmechaniker Möbelbau;Tischlerei und Holz;2026-09-03;Jobbörse;Jena;2026-09-03;2026-09-06;2028-09-03;Im Pool
BW-02336;Schreiber, Andreas;1992-03-18;99097;Erfurt;0361 942339;andreas.schreiber@googlemail.com;Bürokauffrau, MS Office, Staplerschein;Kaufmännische Sachbearbeitung;2026-09-06;Jobbörse;Erfurt;2025-06-22;2026-02-19;2027-06-22;Nicht erreichbar
BW-02337;Peters, Holger;2002-10-15;07745;Jena;03641 846101;holger.peters@web.de;CNC-Fräser, Heidenhain TNC;CNC-Zerspanung;2026-09-07;Jobbörse;Jena;2026-06-22;2026-07-07;2028-06-22;Im Pool
BW-02338;Lehmann, Christin;2002-10-19;99947;Bad Langensalza;0178 4546197;christin.lehmann@freenet.de;Kommissionierer, Scannererfahrung;Lager und Logistik;2026-06-13;Initiativbewerbung;Gotha;2025-06-25;2026-04-03;2028-06-25;Kein Interesse
BW-02339;Neumann, Hendrik;1991-01-22;07646;Stadtroda;03641 200466;hendrik.neumann@web.de;Maschinenführer Verpackungslinie, Höhentauglichkeit G41;Druck und Verpackung;2026-07-16;Initiativbewerbung;Jena;2026-05-17;2026-09-04;2029-05-17;Im Pool
BW-02340;Pohl, Franziska;1998-05-23;99310;Arnstadt;0157 8450628;franziska.pohl@mailbox.org;Maschinen- und Anlagenführer, Schichtbereitschaft;Produktion und Montage;2026-07-02;Multiposting-Portal;Erfurt;2025-08-20;2026-06-06;2028-08-20;Im Pool
BW-02341;Winkler, Stefan;1983-01-17;07318;Saalfeld;03641 709872;stefan.winkler@googlemail.com;Helfer Kunststoffverarbeitung, Führerschein B;Produktion und Montage;2026-06-20;Multiposting-Portal;Jena;2025-07-06;2026-04-06;2027-07-06;Im Pool
BW-02342;Vogel, Thomas;1979-04-01;99510;Apolda;0152 8879881;thomas.vogel@googlemail.com;Industriemechaniker Instandhaltung, Schichtbereitschaft;Metallbau und Schweißen;2026-11-04;Initiativbewerbung;Erfurt;2025-01-17;2026-06-03;2027-01-17;Vermittelt
BW-02343;Voigt, Enrico;1970-06-11;37351;Dingelstädt;03606 450941;enrico.voigt@mailbox.org;Tischlerhelfer, Oberflächenbearbeitung, Reinraumerfahrung;Tischlerei und Holz;2026-08-19;Jobbörse;Heilbad Heiligenstadt;2026-08-19;2026-08-28;2029-08-19;Im Pool
BW-02344;Hofmann, Ronny;1996-07-17;07749;Jena;0157 4180285;ronny.hofmann@mailbox.org;CNC-Fräser, Heidenhain TNC;CNC-Zerspanung;2026-07-26;Multiposting-Portal;Jena;2025-12-18;2026-05-05;2027-12-18;Im Pool
BW-02345;Koch, Matthias;1993-11-20;99734;Nordhausen;0151 4309871;matthias.koch@web.de;Produktionshelfer, 3-Schicht, Höhentauglichkeit G41;Produktion und Montage;2026-08-07;Karrieremesse;Heilbad Heiligenstadt;2025-10-22;2025-12-17;2028-10-22;Im Pool
BW-02346;Pohl, Sven;1964-03-14;07580;Ronneburg;0365 282491;sven.pohl@freenet.de;Lagerfachkraft, Wareneingang;Lager und Logistik;2027-04-03;Jobbörse;Gera;2026-07-01;2026-08-23;2029-07-01;Im Einsatz
BW-02347;Huber, Stefan;1987-09-16;99310;Arnstadt;0361 248408;stefan.huber@t-online.de;Schlosser, Montageerfahrung, Reinraumerfahrung;Metallbau und Schweißen;2026-05-26;Bundesagentur für Arbeit;Erfurt;2026-03-27;2026-05-25;2028-03-27;Erstgespräch geführt
BW-02348;Ludwig, Beate;2001-11-28;99817;Eisenach;0177 2784842;beate.ludwig@outlook.de;Kreditorenbuchhaltung, SAP FI, Montagebereitschaft;Buchhaltung;2026-05-20;Initiativbewerbung;Gotha;2024-10-22;2024-12-31;2027-10-22;Abgelehnt
BW-02349;Schreiber, Nico;1968-10-02;37308;Heilbad Heiligenstadt;0160 9754254;nico.schreiber@googlemail.com;Schlosser, Montageerfahrung;Metallbau und Schweißen;2026-07-07;Multiposting-Portal;Heilbad Heiligenstadt;2025-12-13;2026-07-19;2027-12-13;Erstgespräch geführt
BW-02350;Lange, Robert;1994-12-07;99734;Nordhausen;03606 766552;robert.lange@googlemail.com;Lagerfachkraft, Wareneingang, Höhentauglichkeit G41;Lager und Logistik;2026-05-16;Initiativbewerbung;Heilbad Heiligenstadt;2024-11-22;2026-08-05;2026-11-22;Abgelehnt
BW-02351;Günther, Sandra;1970-07-21;07407;Rudolstadt;03641 538057;sandra.guenther@mailbox.org;Sachbearbeitung Auftragsabwicklung, SAP;Kaufmännische Sachbearbeitung;2026-06-16;Anzeige Website;Jena;2026-04-17;2026-05-12;2028-04-17;Im Pool
BW-02352;Schröder, Uwe;1986-04-06;06449;Aschersleben;0163 9495582;uwe.schroeder@mailbox.org;Buchbinder, Weiterverarbeitung;Druck und Verpackung;2026-05-24;Jobbörse;Aschersleben;2025-12-20;2026-01-19;2027-12-20;Neu
BW-02353;Zimmermann, Patrick;2005-12-05;06449;Aschersleben;0178 5119577;patrick.zimmermann@t-online.de;Schlosser, Montageerfahrung;Metallbau und Schweißen;2026-05-14;Anzeige Website;Aschersleben;2025-12-21;2026-03-16;2027-12-21;Abgelehnt
BW-02354;Krämer, Patrick;1962-01-09;06449;Aschersleben;0176 1554532;patrick.kraemer@outlook.de;Bürokauffrau, MS Office, Schichtbereitschaft;Kaufmännische Sachbearbeitung;2026-08-18;Jobbörse;Aschersleben;2025-12-22;2026-04-28;2027-12-22;Neu
BW-02355;Beck, Carolin;1992-12-08;06449;Aschersleben;03473 838337;carolin.beck@freenet.de;Versandmitarbeiter, Staplerschein;Lager und Logistik;2026-05-12;Jobbörse;Aschersleben;2025-12-23;2026-05-19;2028-12-23;Im Pool
BW-02356;Friedrich, Andreas;1997-05-15;06449;Aschersleben;03473 707373;andreas.friedrich@web.de;Buchbinder, Weiterverarbeitung, Führerschein B;Druck und Verpackung;2026-07-15;Multiposting-Portal;Aschersleben;2025-12-24;2026-08-02;2027-12-24;Im Pool
BW-02357;Hofmann, Lars;1995-11-10;06449;Aschersleben;03473 509105;lars.hofmann@gmx.de;Lohnbuchhaltung, Tarifkenntnisse;Buchhaltung;2026-12-12;Jobbörse;Aschersleben;2025-12-25;2026-08-09;2028-12-25;Vermittelt
BW-02358;Busch, Susanne;1992-05-01;06449;Aschersleben;0151 3002985;susanne.busch@googlemail.com;Konstruktionsmechaniker, Deutsch B2;Metallbau und Schweißen;2026-06-01;Bundesagentur für Arbeit;Aschersleben;2025-12-26;2026-02-04;2027-12-26;Im Pool
BW-02359;Pfeiffer, Andreas;1997-11-03;06449;Aschersleben;03473 613700;andreas.pfeiffer@web.de;Druckhelfer, Nachtschicht, Deutsch B2;Druck und Verpackung;2026-06-06;Multiposting-Portal;Aschersleben;2025-12-27;2026-06-23;2027-12-27;Nicht erreichbar
BW-02360;Köhler, Toni;1992-04-13;06449;Aschersleben;0171 9898668;toni.koehler@mailbox.org;Assistenz Vertriebsinnendienst, Schichtbereitschaft;Kaufmännische Sachbearbeitung;2026-06-24;Empfehlung;Aschersleben;2025-12-28;2026-07-26;2027-12-28;Im Pool
BW-02361;Schmidt, Christian;1980-01-01;06449;Aschersleben;03473 876301;christian.schmidt@t-online.de;Schweißer WIG 141, Schichtbereitschaft;Metallbau und Schweißen;2026-05-19;Bundesagentur für Arbeit;Aschersleben;2025-12-29;2026-08-20;2027-12-29;Kein Interesse
BW-02362;Schuster, Sebastian;2007-06-18;06449;Aschersleben;03473 628638;sebastian.schuster@gmx.de;Schweißer WIG 141, Höhentauglichkeit G41;Metallbau und Schweißen;2026-07-09;Empfehlung;Aschersleben;2025-12-30;2026-06-05;2027-12-30;Kein Interesse
BW-02363;Franke, Christin;2007-07-14;06449;Aschersleben;0170 3915754;christin.franke@googlemail.com;Elektroniker Energie- und Gebäudetechnik, Reinraumerfahrung;Elektro;2026-09-06;Bundesagentur für Arbeit;Aschersleben;2025-12-31;2026-06-15;2027-12-31;Im Pool
BW-02364;Werner, Ramona;1979-03-21;06449;Aschersleben;03473 435215;ramona.werner@t-online.de;Elektrohelfer, Schaltschrankbau, Führerschein B;Elektro;2026-08-13;Initiativbewerbung;Aschersleben;2026-01-01;2026-07-14;2028-01-01;Kein Interesse
BW-02365;Lang, Ralf;1981-12-21;06449;Aschersleben;03473 834364;ralf.lang@gmx.de;Lagerhelfer, Staplerschein;Lager und Logistik;2026-06-07;Jobbörse;Aschersleben;2026-01-02;2026-02-08;2028-01-02;Im Pool
BW-02366;Huber, Andreas;1976-05-28;06449;Aschersleben;03473 977157;andreas.huber@outlook.de;Industriemechaniker Instandhaltung;Metallbau und Schweißen;2026-09-22;Jobbörse;Aschersleben;2026-01-03;2026-05-26;2028-01-03;Im Einsatz
BW-02367;Keller, Patrick;1997-03-10;06449;Aschersleben;0176 5295850;patrick.keller@mailbox.org;Zerspanungsmechaniker, Frästechnik, Führerschein B;CNC-Zerspanung;2026-05-15;Bundesagentur für Arbeit;Aschersleben;2026-01-04;2026-02-02;2028-01-04;Erstgespräch geführt
BW-02368;Pohl, Steffen;1982-10-09;06449;Aschersleben;03473 884302;steffen.pohl@gmx.de;Offsetdrucker, Bogenoffset;Druck und Verpackung;2027-01-24;Bundesagentur für Arbeit;Aschersleben;2026-01-05;2026-06-25;2029-01-05;Im Einsatz
BW-02369;Vogt, Holger;1981-04-15;06449;Aschersleben;0157 6911972;holger.vogt@freenet.de;Offsetdrucker, Bogenoffset;Druck und Verpackung;2026-05-14;Anzeige Website;Aschersleben;2026-01-06;2026-05-05;2028-01-06;Im Pool
BW-02370;Graf, Andreas;1997-10-27;06449;Aschersleben;0177 6239405;andreas.graf@freenet.de;Sachbearbeitung Auftragsabwicklung, SAP, Staplerschein;Kaufmännische Sachbearbeitung;2026-07-15;Jobbörse;Aschersleben;2026-01-07;2026-02-26;2028-01-07;Nicht erreichbar
BW-02371;Pfeiffer, Frank;1992-01-07;06449;Aschersleben;03473 564378;frank.pfeiffer@mailbox.org;Maschinenführer Verpackungslinie;Druck und Verpackung;2026-12-31;Jobbörse;Aschersleben;2026-01-08;2026-01-24;2028-01-08;Vermittelt
BW-02372;Lang, Björn;1999-02-12;06449;Aschersleben;03473 959448;bjoern.lang@web.de;Elektroinstallateur, Baustelleneinsatz, Schichtbereitschaft;Elektro;2026-06-01;Jobbörse;Aschersleben;2026-01-09;2026-01-10;2028-01-09;Abgelehnt
BW-02373;Böhm, Nadine;2002-02-21;06449;Aschersleben;03473 482023;nadine.boehm@googlemail.com;Fachlagerist, Staplerschein, Führerschein B;Lager und Logistik;2026-07-05;Anzeige Website;Aschersleben;2026-01-10;2026-01-11;2028-01-10;Erstgespräch geführt
BW-02374;Reuter, Robert;1989-05-17;06449;Aschersleben;03473 874412;robert.reuter@mailbox.org;Lohnbuchhaltung, Tarifkenntnisse;Buchhaltung;2026-08-24;Jobbörse;Aschersleben;2026-01-11;2026-03-22;2028-01-11;Im Pool
BW-02375;Winter, Jörg;1979-03-24;06449;Aschersleben;03473 580584;joerg.winter@freenet.de;Schweißer MAG 135, Prüfung gültig;Metallbau und Schweißen;2026-07-27;Jobbörse;Aschersleben;2026-01-12;2026-07-05;2028-01-12;Erstgespräch geführt
BW-02376;Jung, Stefan;1969-06-07;06449;Aschersleben;0152 2075842;stefan.jung@gmx.de;Offsetdrucker, Bogenoffset;Druck und Verpackung;2026-07-02;Anzeige Website;Aschersleben;2026-01-13;2026-03-27;2028-01-13;Im Pool
BW-02377;Fuchs, Doreen;1987-07-21;06449;Aschersleben;03473 725006;doreen.fuchs@t-online.de;Holzmechaniker Möbelbau, Höhentauglichkeit G41;Tischlerei und Holz;2026-08-29;Bundesagentur für Arbeit;Aschersleben;2026-01-14;2026-03-23;2029-01-14;Neu
BW-02378;Sauer, Björn;1970-08-04;06449;Aschersleben;0170 2689834;bjoern.sauer@outlook.de;Metallbauer Konstruktionstechnik;Metallbau und Schweißen;2026-06-25;Jobbörse;Aschersleben;2026-01-15;2026-01-20;2029-01-15;Im Pool
BW-02379;Otto, Lisa;1974-11-07;06449;Aschersleben;03473 541943;lisa.otto@gmx.de;CNC-Fräser, Heidenhain TNC;CNC-Zerspanung;2026-05-24;Initiativbewerbung;Aschersleben;2026-01-16;2026-04-27;2028-01-16;Abgelehnt
BW-02380;Beck, Kevin;1986-03-07;06449;Aschersleben;03473 337185;kevin.beck@t-online.de;Metallbauer Konstruktionstechnik, Kranschein;Metallbau und Schweißen;2026-06-29;Initiativbewerbung;Aschersleben;2026-01-17;2026-03-05;2028-01-17;Im Pool
BW-02381;Kuhn, Kevin;1993-10-20;06449;Aschersleben;0178 4281894;kevin.kuhn@googlemail.com;Maschinenbediener Kunststoff;Produktion und Montage;2027-04-01;Multiposting-Portal;Aschersleben;2026-01-18;2026-07-08;2028-01-18;Im Einsatz
BW-02382;Hahn, Robert;1991-08-05;06449;Aschersleben;0178 2405455;robert.hahn@outlook.de;Maschinenbediener Kunststoff, Montagebereitschaft;Produktion und Montage;2026-06-28;Jobbörse;Aschersleben;2026-01-19;2026-06-08;2028-01-19;Abgelehnt
BW-02383;Keller, Enrico;1979-01-05;06449;Aschersleben;0176 6984467;enrico.keller@freenet.de;Maschinenführer Verpackungslinie;Druck und Verpackung;2026-09-06;Empfehlung;Aschersleben;2026-01-20;2026-06-16;2028-01-20;Nicht erreichbar
BW-02384;Groß, Vanessa;1975-09-20;06449;Aschersleben;03473 492936;vanessa.gross@t-online.de;Kaufmann Büromanagement, DATEV-Grundkenntnisse;Kaufmännische Sachbearbeitung;2026-08-01;Karrieremesse;Aschersleben;2026-01-21;2026-02-24;2029-01-21;Im Pool
BW-02385;Böhm, Silvio;1974-04-07;06449;Aschersleben;03473 949656;silvio.boehm@freenet.de;Maschinen- und Anlagenführer;Produktion und Montage;2026-06-19;Karrieremesse;Aschersleben;2026-01-22;2026-04-06;2028-01-22;Erstgespräch geführt
BW-02386;Schulze, Simone;2006-06-20;06449;Aschersleben;0152 3361449;simone.schulze@googlemail.com;Elektrohelfer, Schaltschrankbau, Höhentauglichkeit G41;Elektro;2026-08-20;Empfehlung;Aschersleben;2026-01-23;2026-08-28;2029-01-23;Neu
BW-02387;Schwarz, Daniel;1990-02-01;06449;Aschersleben;03473 486756;daniel.schwarz@googlemail.com;Helfer Kunststoffverarbeitung, Deutsch B2;Produktion und Montage;2026-07-02;Initiativbewerbung;Aschersleben;2026-01-24;2026-04-11;2028-01-24;Im Pool
BW-02388;Lang, Marco;1966-04-20;06449;Aschersleben;03473 897208;marco.lang@googlemail.com;Sachbearbeitung Einkauf, Kranschein;Kaufmännische Sachbearbeitung;2026-07-20;Anzeige Website;Aschersleben;2026-01-25;2026-08-14;2028-01-25;Im Pool
BW-02389;Lange, Daniel;1994-09-02;06449;Aschersleben;03473 537931;daniel.lange@gmx.de;Industriemechaniker Instandhaltung;Metallbau und Schweißen;2026-08-19;Bundesagentur für Arbeit;Aschersleben;2026-01-26;2026-05-02;2028-01-26;Abgelehnt
BW-02390;Bauer, Jens;1990-02-09;06449;Aschersleben;03473 367231;jens.bauer@gmx.de;Staplerfahrer Schubmast, Höhentauglichkeit G41;Lager und Logistik;2026-07-29;Bundesagentur für Arbeit;Aschersleben;2025-12-19;2026-05-14;2028-12-19;Im Pool
BW-02391;Krause, Christin;1963-03-25;06449;Aschersleben;03473 533987;christin.krause@t-online.de;Holzmechaniker Möbelbau, Montagebereitschaft;Tischlerei und Holz;2026-12-18;Empfehlung;Aschersleben;2025-12-20;2026-07-01;2027-12-20;Vermittelt
BW-02392;Berger, Toni;1962-12-20;06449;Aschersleben;0176 6735404;toni.berger@mailbox.org;Lagerhelfer, Staplerschein;Lager und Logistik;2026-12-09;Initiativbewerbung;Aschersleben;2025-12-21;2026-03-06;2027-12-21;Vermittelt
BW-02393;Krause, Torsten;1986-02-17;06449;Aschersleben;03473 503270;torsten.krause@outlook.de;Kundenservice, Telefonie;Kaufmännische Sachbearbeitung;2026-07-15;Jobbörse;Aschersleben;2025-12-22;2026-01-04;2027-12-22;Im Pool
BW-02394;Stein, Dennis;2003-07-23;06449;Aschersleben;0163 6131707;dennis.stein@googlemail.com;Produktionshelfer, 3-Schicht, Reinraumerfahrung;Produktion und Montage;2026-11-26;Bundesagentur für Arbeit;Aschersleben;2025-12-23;2026-07-25;2028-12-23;Im Einsatz
BW-02395;Marx, Kevin;1993-01-03;06449;Aschersleben;0170 5600930;kevin.marx@t-online.de;Helfer Kunststoffverarbeitung;Produktion und Montage;2026-08-07;Anzeige Website;Aschersleben;2025-12-24;2026-05-12;2027-12-24;Im Pool
BW-02396;Martin, Sebastian;2002-01-13;06449;Aschersleben;03473 956392;sebastian.martin@web.de;CNC-Fräser, Heidenhain TNC;CNC-Zerspanung;2026-07-18;Initiativbewerbung;Aschersleben;2025-12-25;2026-01-31;2028-12-25;Im Pool
BW-02397;Meier, Ines;1998-12-10;06449;Aschersleben;0170 8786007;ines.meier@outlook.de;Mechatroniker Instandhaltung;Elektro;2027-01-19;Multiposting-Portal;Aschersleben;2025-12-26;2026-05-27;2027-12-26;Im Einsatz
BW-02398;Schmidt, Marco;1963-09-28;06449;Aschersleben;0178 1948059;marco.schmidt@outlook.de;CNC-Bediener, Rüsterfahrung;CNC-Zerspanung;2026-05-14;Jobbörse;Aschersleben;2025-12-27;2026-03-25;2027-12-27;Im Pool
BW-02399;Becker, Julia;1990-05-07;06449;Aschersleben;03473 460696;julia.becker@mailbox.org;Elektroniker Betriebstechnik;Elektro;2027-03-12;Anzeige Website;Aschersleben;2025-12-28;2026-06-22;2028-12-28;Vermittelt
BW-02400;Hahn, Jens;1971-03-08;06449;Aschersleben;03473 535403;jens.hahn@outlook.de;Lagerfachkraft, Wareneingang;Lager und Logistik;2026-08-09;Jobbörse;Aschersleben;2025-12-29;2026-06-02;2028-12-29;Erstgespräch geführt
BW-02401;Winkler, Kevin;1980-02-02;06449;Aschersleben;03473 938655;kevin.winkler@outlook.de;Buchbinder, Weiterverarbeitung;Druck und Verpackung;2026-07-05;Anzeige Website;Aschersleben;2025-12-30;2026-03-17;2027-12-30;Erstgespräch geführt
BW-02402;Stein, Erik;1962-12-12;06449;Aschersleben;0170 2464697;erik.stein@gmx.de;Finanzbuchhaltung, DATEV;Buchhaltung;2026-07-12;Multiposting-Portal;Aschersleben;2025-12-31;2026-02-17;2027-12-31;Im Pool
BW-02403;Neumann, Jörg;1976-10-14;06449;Aschersleben;0178 3150958;joerg.neumann@web.de;Tischlerhelfer, Oberflächenbearbeitung, Kranschein;Tischlerei und Holz;2026-08-26;Bundesagentur für Arbeit;Aschersleben;2026-01-01;2026-03-31;2028-01-01;Im Pool
BW-02404;Busch, Lars;1990-11-11;06449;Aschersleben;03473 845258;lars.busch@web.de;Technischer Produktdesigner, Inventor;Technische Fachkraft;2026-08-19;Bundesagentur für Arbeit;Aschersleben;2026-01-02;2026-08-27;2028-01-02;Im Pool
BW-02405;Koch, Nicole;1972-10-22;06449;Aschersleben;03473 554642;nicole.koch@t-online.de;Buchbinder, Weiterverarbeitung;Druck und Verpackung;2026-08-01;Initiativbewerbung;Aschersleben;2026-01-03;2026-08-12;2028-01-03;Im Pool
BW-02406;Dietrich, Andrea;1978-06-27;06449;Aschersleben;03473 503378;andrea.dietrich@t-online.de;CNC-Dreher, Siemens 840D;CNC-Zerspanung;2026-08-13;Anzeige Website;Aschersleben;2026-01-04;2026-07-01;2028-01-04;Im Pool
BW-02407;Voigt, Patrick;1968-11-06;06449;Aschersleben;03473 533344;patrick.voigt@web.de;Elektroniker Energie- und Gebäudetechnik;Elektro;2026-08-05;Karrieremesse;Aschersleben;2026-01-05;2026-08-15;2028-01-05;Im Pool
BW-02408;Simon, Lars;1995-12-07;06449;Aschersleben;0157 9055528;lars.simon@mailbox.org;Lagerhelfer, Staplerschein, Deutsch B2;Lager und Logistik;2027-01-04;Initiativbewerbung;Aschersleben;2026-01-06;2026-05-20;2028-01-06;Im Einsatz
BW-02409;Schubert, Franziska;1985-08-05;06449;Aschersleben;03473 217503;franziska.schubert@mailbox.org;Fertigungsplaner, REFA-Grundschein;Technische Fachkraft;2026-07-21;Multiposting-Portal;Aschersleben;2026-01-07;2026-01-26;2028-01-07;Kein Interesse
BW-02410;Reuter, Marcel;1991-05-13;06449;Aschersleben;0151 7235890;marcel.reuter@web.de;Offsetdrucker, Bogenoffset;Druck und Verpackung;2026-07-15;Jobbörse;Aschersleben;2026-01-08;2026-05-01;2028-01-08;Erstgespräch geführt
BW-02411;Neumann, Tobias;1970-09-10;06449;Aschersleben;03473 632264;tobias.neumann@googlemail.com;Medientechnologe Druck;Druck und Verpackung;2026-08-31;Empfehlung;Aschersleben;2026-01-09;2026-01-19;2028-01-09;Abgelehnt
BW-02412;Dietrich, Ines;1994-10-08;39418;Staßfurt;0152 5595314;ines.dietrich@mailbox.org;Druckhelfer, Nachtschicht;Druck und Verpackung;2026-08-02;Anzeige Website;Aschersleben;2026-01-10;2026-05-26;2028-01-10;Abgelehnt
BW-02413;Krause, Holger;1975-12-02;39418;Staßfurt;03473 680789;holger.krause@mailbox.org;Fertigungsplaner, REFA-Grundschein;Technische Fachkraft;2026-08-28;Bundesagentur für Arbeit;Aschersleben;2026-01-11;2026-07-17;2029-01-11;Nicht erreichbar
BW-02414;Horn, Dennis;2000-03-17;39418;Staßfurt;0170 4741349;dennis.horn@googlemail.com;Helfer Kunststoffverarbeitung;Produktion und Montage;2026-07-20;Jobbörse;Aschersleben;2026-01-12;2026-07-08;2028-01-12;Im Pool
BW-02415;Köhler, Lena;2003-02-11;39418;Staßfurt;0157 3096173;lena.koehler@googlemail.com;Produktionsmitarbeiter, Anlernkraft, Höhentauglichkeit G41;Produktion und Montage;2026-06-15;Jobbörse;Aschersleben;2026-01-13;2026-02-04;2028-01-13;Abgelehnt
BW-02416;König, Tobias;2004-08-06;39418;Staßfurt;03473 714846;tobias.koenig@mailbox.org;Konstruktionsmechaniker;Metallbau und Schweißen;2026-12-31;Anzeige Website;Aschersleben;2026-01-14;2026-07-13;2028-01-14;Im Einsatz
BW-02417;Martin, Dennis;2001-03-27;39418;Staßfurt;0178 6146724;dennis.martin@outlook.de;Kaufmann Büromanagement, DATEV-Grundkenntnisse, Deutsch B2;Kaufmännische Sachbearbeitung;2026-06-09;Initiativbewerbung;Aschersleben;2026-01-15;2026-06-18;2028-01-15;Abgelehnt
BW-02418;Mayer, Nadine;1999-12-11;39418;Staßfurt;03473 685416;nadine.mayer@outlook.de;Bautischler, Montage, Montagebereitschaft;Tischlerei und Holz;2026-07-11;Jobbörse;Aschersleben;2026-01-16;2026-06-27;2029-01-16;Erstgespräch geführt
BW-02419;Lehmann, Björn;1980-02-23;39418;Staßfurt;0151 4652100;bjoern.lehmann@mailbox.org;Druckhelfer, Nachtschicht;Druck und Verpackung;2026-07-27;Jobbörse;Aschersleben;2026-01-17;2026-03-14;2028-01-17;Nicht erreichbar
BW-02420;Schubert, Anke;1969-06-10;39418;Staßfurt;03473 758981;anke.schubert@outlook.de;Schweißer WIG 141;Metallbau und Schweißen;2026-07-22;Bundesagentur für Arbeit;Aschersleben;2026-01-18;2026-05-20;2028-01-18;Abgelehnt
BW-02421;Ziegler, Enrico;1995-09-14;39418;Staßfurt;03473 313272;enrico.ziegler@freenet.de;Bilanzbuchhalter, Abschlusssicher;Buchhaltung;2026-10-05;Jobbörse;Aschersleben;2026-01-19;2026-02-24;2028-01-19;Im Einsatz
BW-02422;Vogt, Nadine;1988-08-15;39418;Staßfurt;0171 2477204;nadine.vogt@t-online.de;Tischler, CNC-Bearbeitungszentrum, Staplerschein;Tischlerei und Holz;2027-01-23;Empfehlung;Aschersleben;2026-01-20;2026-08-24;2028-01-20;Vermittelt
BW-02423;Sauer, Thomas;1984-09-13;39418;Staßfurt;03473 280736;thomas.sauer@web.de;Zerspanungsmechaniker, Frästechnik;CNC-Zerspanung;2026-06-26;Anzeige Website;Aschersleben;2026-01-21;2026-08-23;2028-01-21;Im Pool
BW-02424;Braun, Enrico;1988-11-14;39418;Staßfurt;03473 781683;enrico.braun@t-online.de;Elektrohelfer, Schaltschrankbau;Elektro;2026-05-25;Multiposting-Portal;Aschersleben;2026-01-22;2026-05-01;2029-01-22;Abgelehnt
BW-02425;Schmidt, Frank;1984-08-26;39418;Staßfurt;0170 6936856;frank.schmidt@freenet.de;Lagerhelfer, Staplerschein;Lager und Logistik;2026-07-23;Initiativbewerbung;Aschersleben;2026-01-23;2026-08-02;2028-01-23;Im Pool
BW-02426;Kunze, Dirk;2003-11-15;39418;Staßfurt;0177 9514540;dirk.kunze@t-online.de;Helfer Kunststoffverarbeitung, Führerschein B;Produktion und Montage;2026-06-12;Multiposting-Portal;Aschersleben;2026-01-24;2026-02-18;2028-01-24;Nicht erreichbar
BW-02427;Hartmann, Dirk;2007-09-02;39418;Staßfurt;03473 212676;dirk.hartmann@mailbox.org;Maschinen- und Anlagenführer;Produktion und Montage;2026-08-20;Jobbörse;Aschersleben;2026-01-25;2026-08-13;2028-01-25;Im Pool
BW-02428;Graf, Jens;1980-12-20;39418;Staßfurt;03473 693868;jens.graf@freenet.de;Bilanzbuchhalter, Abschlusssicher;Buchhaltung;2026-10-14;Anzeige Website;Aschersleben;2026-01-26;2026-01-29;2029-01-26;Im Einsatz
BW-02429;Grunewald, Holger;2004-11-13;39418;Staßfurt;0177 5874358;holger.grunewald@t-online.de;Holzmechaniker Möbelbau;Tischlerei und Holz;2027-02-08;Initiativbewerbung;Aschersleben;2025-10-09;2026-03-24;2027-10-09;Im Einsatz
BW-02430;Pfeiffer, Sandra;2002-05-15;39418;Staßfurt;0151 6643163;sandra.pfeiffer@web.de;Kundenservice, Telefonie, Schichtbereitschaft;Kaufmännische Sachbearbeitung;2026-05-21;Empfehlung;Aschersleben;2025-07-30;2026-01-15;2028-07-30;Kein Interesse
BW-02431;Bergmann, Lisa;1967-12-19;39418;Staßfurt;03473 699009;lisa.bergmann@gmx.de;Fachlagerist, Staplerschein, Deutsch B2;Lager und Logistik;2026-05-24;Initiativbewerbung;Aschersleben;2026-03-25;2026-04-16;2028-03-25;Erstgespräch geführt
BW-02432;Huber, Nico;1988-12-23;39418;Staßfurt;03473 990962;nico.huber@mailbox.org;Produktionshelfer, 3-Schicht, Schichtbereitschaft;Produktion und Montage;2026-07-23;Anzeige Website;Aschersleben;2024-12-30;2025-12-10;2026-12-30;Erstgespräch geführt
BW-02433;Fischer, Matthias;1986-04-14;39418;Staßfurt;0171 8452342;matthias.fischer@freenet.de;Lagerhelfer, Staplerschein, Führerschein B;Lager und Logistik;2027-04-28;Empfehlung;Aschersleben;2025-03-02;2026-04-20;2027-03-02;Vermittelt
BW-02434;Krämer, Torsten;1968-09-27;39418;Staßfurt;0177 1888443;torsten.kraemer@t-online.de;Kommissionierer, Scannererfahrung, Führerschein B;Lager und Logistik;2026-05-30;Jobbörse;Aschersleben;2024-11-26;2026-04-26;2026-11-26;Im Pool
BW-02435;Meier, Silke;1972-09-26;39418;Staßfurt;03473 316612;silke.meier@freenet.de;Sachbearbeitung Einkauf;Kaufmännische Sachbearbeitung;2027-04-02;Jobbörse;Aschersleben;2025-07-02;2026-02-14;2027-07-02;Im Einsatz
BW-02436;Simon, Petra;1962-04-24;39418;Staßfurt;03473 781258;petra.simon@web.de;Staplerfahrer Schubmast;Lager und Logistik;2026-08-18;Jobbörse;Aschersleben;2025-12-06;2026-03-10;2027-12-06;Im Pool
BW-02437;Schwarz, Kerstin;1972-11-26;39418;Staßfurt;03473 308222;kerstin.schwarz@freenet.de;Schlosser, Montageerfahrung, Montagebereitschaft;Metallbau und Schweißen;2026-07-16;Jobbörse;Aschersleben;2024-11-24;2025-09-08;2027-11-24;Erstgespräch geführt
BW-02438;Schulze, Thomas;1999-12-12;39418;Staßfurt;03473 456025;thomas.schulze@gmx.de;Schweißer WIG 141, Schichtbereitschaft;Metallbau und Schweißen;2026-07-28;Initiativbewerbung;Aschersleben;2025-12-21;2026-06-27;2028-12-21;Nicht erreichbar
BW-02439;Fuchs, Sven;1978-03-25;39418;Staßfurt;0177 5254951;sven.fuchs@freenet.de;Druckhelfer, Nachtschicht;Druck und Verpackung;2026-07-03;Initiativbewerbung;Aschersleben;2025-09-05;2026-07-05;2027-09-05;Abgelehnt
BW-02440;Friedrich, Nico;1988-05-12;39418;Staßfurt;0151 8298326;nico.friedrich@t-online.de;Helfer Kunststoffverarbeitung;Produktion und Montage;2026-07-06;Karrieremesse;Aschersleben;2025-04-09;2025-09-07;2027-04-09;Abgelehnt
BW-02441;Marx, Jörg;1998-03-23;39418;Staßfurt;03473 425157;joerg.marx@t-online.de;Maschinenbediener Kunststoff, Staplerschein;Produktion und Montage;2026-08-23;Bundesagentur für Arbeit;Aschersleben;2025-01-10;2026-05-24;2027-01-10;Kein Interesse
BW-02442;Martin, Ronny;1963-01-04;39418;Staßfurt;0152 9404496;ronny.martin@gmx.de;Fachlagerist, Staplerschein, Montagebereitschaft;Lager und Logistik;2026-06-10;Anzeige Website;Aschersleben;2026-05-30;2026-06-27;2028-05-30;Im Pool
BW-02443;Köhler, Nico;1979-11-25;39418;Staßfurt;0177 7293165;nico.koehler@gmx.de;Montagehelfer Serienfertigung, Montagebereitschaft;Produktion und Montage;2026-08-07;Multiposting-Portal;Aschersleben;2026-04-25;2026-06-14;2028-04-25;Im Pool
BW-02444;Köhler, Andreas;1984-10-23;39418;Staßfurt;0177 9043158;andreas.koehler@gmx.de;Montagehelfer Serienfertigung;Produktion und Montage;2026-07-11;Jobbörse;Aschersleben;2026-01-12;2026-07-19;2028-01-12;Abgelehnt
BW-02445;Kaiser, Manuela;1981-09-03;39418;Staßfurt;03473 664584;manuela.kaiser@outlook.de;Bürokauffrau, MS Office;Kaufmännische Sachbearbeitung;2026-05-12;Initiativbewerbung;Aschersleben;2025-10-08;2026-01-05;2027-10-08;Im Pool
BW-02446;Schmitt, Anke;2006-03-23;39418;Staßfurt;03473 794546;anke.schmitt@mailbox.org;Assistenz Vertriebsinnendienst;Kaufmännische Sachbearbeitung;2026-08-18;Multiposting-Portal;Aschersleben;2025-03-01;2026-07-07;2027-03-01;Im Pool
BW-02447;Koch, Jens;1965-06-13;06406;Bernburg;0176 2973111;jens.koch@web.de;Buchbinder, Weiterverarbeitung, Staplerschein;Druck und Verpackung;2026-08-09;Initiativbewerbung;Aschersleben;2025-10-23;2026-05-05;2027-10-23;Im Pool
BW-02448;Koch, Erik;2004-02-14;06406;Bernburg;03473 854440;erik.koch@t-online.de;Helfer Kunststoffverarbeitung;Produktion und Montage;2026-08-06;Initiativbewerbung;Aschersleben;2025-10-16;2026-07-25;2027-10-16;Im Pool
BW-02449;Schuster, Marco;2004-03-13;06406;Bernburg;0171 8600785;marco.schuster@web.de;Zerspanungsmechaniker, Drehtechnik, Deutsch B2;CNC-Zerspanung;2026-06-30;Multiposting-Portal;Aschersleben;2024-11-30;2025-04-19;2026-11-30;Im Pool
BW-02450;Stein, Sven;1995-11-18;06406;Bernburg;0160 3993894;sven.stein@mailbox.org;CNC-Bediener, Rüsterfahrung, Staplerschein;CNC-Zerspanung;2026-08-17;Jobbörse;Aschersleben;2026-08-04;2026-09-05;2028-08-04;Neu
BW-02451;Schulz, Andrea;1973-09-05;06406;Bernburg;0163 6849666;andrea.schulz@web.de;Holzmechaniker Möbelbau;Tischlerei und Holz;2026-05-26;Anzeige Website;Aschersleben;2024-11-01;2025-08-10;2027-11-01;Kein Interesse
BW-02452;Schröder, Matthias;1984-01-10;06406;Bernburg;03473 628404;matthias.schroeder@web.de;Bürokauffrau, MS Office;Kaufmännische Sachbearbeitung;2026-06-06;Initiativbewerbung;Aschersleben;2025-08-31;2026-03-14;2028-08-31;Erstgespräch geführt
BW-02453;Pohl, Marvin;1976-01-22;06406;Bernburg;0151 2115667;marvin.pohl@googlemail.com;Maschinen- und Anlagenführer;Produktion und Montage;2026-07-30;Multiposting-Portal;Aschersleben;2025-07-28;2025-12-27;2027-07-28;Neu
BW-02454;Hofmann, Maria;1975-02-22;06406;Bernburg;03473 643727;maria.hofmann@web.de;Metallbauer Konstruktionstechnik, Montagebereitschaft;Metallbau und Schweißen;2026-07-07;Initiativbewerbung;Aschersleben;2026-03-23;2026-08-01;2029-03-23;Im Pool
BW-02455;Huber, Patrick;1994-04-07;06406;Bernburg;03473 597951;patrick.huber@t-online.de;Elektroniker Energie- und Gebäudetechnik, Schichtbereitschaft;Elektro;2027-04-12;Initiativbewerbung;Aschersleben;2026-08-29;2026-09-05;2028-08-29;Vermittelt
BW-02456;Seidel, Marvin;1962-05-21;06406;Bernburg;03473 807873;marvin.seidel@web.de;Maschinenführer Verpackungslinie;Druck und Verpackung;2026-06-05;Bundesagentur für Arbeit;Aschersleben;2026-05-30;2026-08-04;2028-05-30;Kein Interesse
BW-02457;Schulze, Robert;1973-07-19;06406;Bernburg;0157 4265733;robert.schulze@freenet.de;Staplerfahrer Schubmast;Lager und Logistik;2026-08-27;Multiposting-Portal;Aschersleben;2025-01-12;2025-02-04;2027-01-12;Im Pool
BW-02458;Hoffmann, Maria;1997-07-17;06406;Bernburg;0152 4345832;maria.hoffmann@mailbox.org;CNC-Bediener, Rüsterfahrung;CNC-Zerspanung;2026-06-07;Multiposting-Portal;Aschersleben;2025-07-10;2025-10-13;2027-07-10;Neu
BW-02459;Martin, Vanessa;1969-01-26;06406;Bernburg;03473 986567;vanessa.martin@freenet.de;Elektroniker Betriebstechnik;Elektro;2026-06-02;Karrieremesse;Aschersleben;2024-10-21;2025-01-21;2026-10-21;Im Pool
BW-02460;Engel, Daniel;1987-04-04;06406;Bernburg;0163 1864293;daniel.engel@freenet.de;Holzmechaniker Möbelbau, Kranschein;Tischlerei und Holz;2026-07-06;Jobbörse;Aschersleben;2024-10-18;2024-10-25;2027-10-18;Abgelehnt
BW-02461;Haas, Melanie;2000-06-24;06406;Bernburg;0163 6746562;melanie.haas@freenet.de;Fachlagerist, Staplerschein, Führerschein B;Lager und Logistik;2026-06-21;Jobbörse;Aschersleben;2025-11-21;2026-01-27;2027-11-21;Erstgespräch geführt
BW-02462;Graf, Susanne;1969-04-15;06406;Bernburg;03473 833284;susanne.graf@freenet.de;Kommissionierer, Scannererfahrung;Lager und Logistik;2027-01-12;Jobbörse;Aschersleben;2025-08-06;2026-03-26;2027-08-06;Vermittelt
BW-02463;Brandt, Enrico;1964-11-07;06406;Bernburg;0171 7473735;enrico.brandt@googlemail.com;Elektroinstallateur, Baustelleneinsatz, Montagebereitschaft;Elektro;2026-08-26;Jobbörse;Aschersleben;2026-08-26;2026-08-26;2028-08-26;Im Pool
BW-02464;Marx, Torsten;2006-06-28;06406;Bernburg;03473 656968;torsten.marx@outlook.de;Elektrohelfer, Schaltschrankbau;Elektro;2026-06-28;Initiativbewerbung;Aschersleben;2024-11-19;2026-09-02;2026-11-19;Neu
BW-02465;Müller, Katrin;1983-05-15;06406;Bernburg;03473 663496;katrin.mueller@gmx.de;Lagerfachkraft, Wareneingang, Staplerschein;Lager und Logistik;2026-05-29;Bundesagentur für Arbeit;Aschersleben;2025-10-28;2026-05-08;2027-10-28;Erstgespräch geführt
BW-02466;Ziegler, Michael;1998-10-21;06406;Bernburg;03473 605358;michael.ziegler@mailbox.org;Montagehelfer Serienfertigung, Staplerschein;Produktion und Montage;2027-03-16;Jobbörse;Aschersleben;2025-09-16;2026-03-12;2028-09-16;Im Einsatz
BW-02467;Bergmann, Matthias;1984-11-20;06406;Bernburg;03473 600821;matthias.bergmann@web.de;Buchbinder, Weiterverarbeitung, Deutsch B2;Druck und Verpackung;2026-08-25;Anzeige Website;Aschersleben;2025-03-26;2026-04-05;2028-03-26;Im Pool
BW-02468;Schneider, Ramona;1998-09-07;06406;Bernburg;03473 890948;ramona.schneider@mailbox.org;Zerspanungsmechaniker, Drehtechnik;CNC-Zerspanung;2026-08-30;Multiposting-Portal;Aschersleben;2025-01-25;2025-06-11;2027-01-25;Im Pool
BW-02469;Friedrich, Michael;1968-07-23;06406;Bernburg;03473 731014;michael.friedrich@t-online.de;CNC-Fräser, Heidenhain TNC, Deutsch B2;CNC-Zerspanung;2026-09-02;Multiposting-Portal;Aschersleben;2026-04-23;2026-06-05;2028-04-23;Kein Interesse
BW-02470;Friedrich, Jana;1970-05-24;06406;Bernburg;03473 765597;jana.friedrich@googlemail.com;Verpackungsmitarbeiter, Akkordbereitschaft;Druck und Verpackung;2026-06-03;Karrieremesse;Aschersleben;2025-12-15;2026-02-10;2027-12-15;Abgelehnt
BW-02471;Huber, Dirk;1985-04-10;06406;Bernburg;03473 757734;dirk.huber@outlook.de;CNC-Bediener, Rüsterfahrung, Montagebereitschaft;CNC-Zerspanung;2026-05-29;Initiativbewerbung;Aschersleben;2025-12-30;2026-06-29;2027-12-30;Nicht erreichbar
BW-02472;Schwarz, Tobias;1978-12-17;06406;Bernburg;03473 205736;tobias.schwarz@googlemail.com;Medientechnologe Druck;Druck und Verpackung;2026-05-25;Empfehlung;Aschersleben;2026-02-01;2026-04-22;2029-02-01;Kein Interesse
BW-02473;Mayer, Nico;1980-10-03;06406;Bernburg;0163 8162030;nico.mayer@googlemail.com;CNC-Bediener, Rüsterfahrung;CNC-Zerspanung;2026-05-15;Jobbörse;Aschersleben;2026-03-24;2026-07-28;2028-03-24;Kein Interesse
BW-02474;Baumann, Lena;1996-04-05;06406;Bernburg;03473 934685;lena.baumann@web.de;Elektrohelfer, Schaltschrankbau;Elektro;2026-05-17;Multiposting-Portal;Aschersleben;2025-01-08;2025-10-13;2028-01-08;Erstgespräch geführt
BW-02475;Schäfer, Vanessa;1989-03-19;06406;Bernburg;03473 386762;vanessa.schaefer@t-online.de;Lagerfachkraft, Wareneingang;Lager und Logistik;2026-05-27;Multiposting-Portal;Aschersleben;2025-02-03;2025-02-17;2027-02-03;Abgelehnt
BW-02476;Voigt, Jörg;2004-03-07;06406;Bernburg;0163 8419605;joerg.voigt@freenet.de;Maschinen- und Anlagenführer, Montagebereitschaft;Produktion und Montage;2026-08-05;Empfehlung;Aschersleben;2026-03-12;2026-03-18;2028-03-12;Kein Interesse
BW-02477;Krämer, Regina;2001-08-08;06484;Quedlinburg;0157 1872197;regina.kraemer@t-online.de;Helfer Kunststoffverarbeitung;Produktion und Montage;2026-06-20;Bundesagentur für Arbeit;Aschersleben;2026-04-12;2026-06-06;2028-04-12;Im Pool
BW-02478;Lehmann, Melanie;2006-02-09;06484;Quedlinburg;03473 454274;melanie.lehmann@outlook.de;CNC-Fräser, Heidenhain TNC;CNC-Zerspanung;2026-06-05;Jobbörse;Aschersleben;2024-11-14;2025-07-01;2026-11-14;Abgelehnt
BW-02479;Arnold, Jörg;1991-09-16;06484;Quedlinburg;0151 1753655;joerg.arnold@gmx.de;Fachlagerist, Staplerschein;Lager und Logistik;2026-07-04;Empfehlung;Aschersleben;2026-07-04;2026-09-05;2028-07-04;Im Pool
BW-02480;Kraus, Sven;2006-01-10;06484;Quedlinburg;03473 875726;sven.kraus@outlook.de;Maschinen- und Anlagenführer;Produktion und Montage;2027-03-25;Multiposting-Portal;Aschersleben;2026-06-13;2026-07-19;2028-06-13;Im Einsatz
BW-02481;Voigt, Ronny;1995-04-20;06484;Quedlinburg;0177 4643737;ronny.voigt@googlemail.com;Maschinenbediener Kunststoff;Produktion und Montage;2027-01-25;Jobbörse;Aschersleben;2025-02-18;2025-03-08;2028-02-18;Im Einsatz
BW-02482;Sommer, Maik;1963-03-06;06484;Quedlinburg;03473 318099;maik.sommer@web.de;Sachbearbeitung Einkauf;Kaufmännische Sachbearbeitung;2026-10-19;Anzeige Website;Aschersleben;2026-08-24;2026-08-29;2029-08-24;Vermittelt
BW-02483;Kraus, Jana;1978-09-25;06484;Quedlinburg;03473 489998;jana.kraus@outlook.de;Finanzbuchhaltung, DATEV, Kranschein;Buchhaltung;2026-06-05;Empfehlung;Aschersleben;2025-09-14;2026-04-13;2027-09-14;Abgelehnt
BW-02484;Scholz, Melanie;2007-06-08;06484;Quedlinburg;03473 400367;melanie.scholz@googlemail.com;Verpackungsmitarbeiter, Akkordbereitschaft;Druck und Verpackung;2026-05-21;Empfehlung;Aschersleben;2025-05-13;2025-06-14;2027-05-13;Im Pool
BW-02485;Schneider, Nadine;1991-11-15;06484;Quedlinburg;03473 957458;nadine.schneider@web.de;Maschinen- und Anlagenführer;Produktion und Montage;2026-12-20;Multiposting-Portal;Aschersleben;2026-03-09;2026-07-29;2029-03-09;Vermittelt
BW-02486;Schröder, Michael;1973-10-20;06484;Quedlinburg;03473 963734;michael.schroeder@outlook.de;Schweißer MAG 135, Prüfung gültig, Schichtbereitschaft;Metallbau und Schweißen;2026-07-19;Initiativbewerbung;Aschersleben;2024-12-07;2025-03-19;2026-12-07;Im Pool
BW-02487;Pohl, Alexander;1984-07-05;06484;Quedlinburg;03473 548199;alexander.pohl@mailbox.org;Kaufmann Büromanagement, DATEV-Grundkenntnisse;Kaufmännische Sachbearbeitung;2026-08-01;Multiposting-Portal;Aschersleben;2026-03-18;2026-07-24;2028-03-18;Im Pool
BW-02488;Thomas, Simone;1988-09-07;06484;Quedlinburg;0176 6084284;simone.thomas@mailbox.org;Sachbearbeitung Auftragsabwicklung, SAP, Montagebereitschaft;Kaufmännische Sachbearbeitung;2026-10-07;Empfehlung;Aschersleben;2026-08-11;2026-08-20;2028-08-11;Vermittelt
BW-02489;Hofmann, Stefan;1997-01-10;06484;Quedlinburg;0160 2021193;stefan.hofmann@web.de;Fachlagerist, Staplerschein;Lager und Logistik;2027-03-10;Anzeige Website;Aschersleben;2025-10-26;2026-08-22;2027-10-26;Im Einsatz
BW-02490;Braun, Sebastian;2001-02-01;06484;Quedlinburg;03473 664098;sebastian.braun@mailbox.org;Elektroinstallateur, Baustelleneinsatz;Elektro;2027-01-04;Jobbörse;Aschersleben;2025-12-02;2026-06-10;2028-12-02;Vermittelt
BW-02491;Keller, Christian;1967-03-18;06484;Quedlinburg;03473 260853;christian.keller@googlemail.com;Schlosser, Montageerfahrung, Staplerschein;Metallbau und Schweißen;2026-09-06;Anzeige Website;Aschersleben;2025-06-18;2025-09-17;2027-06-18;Im Pool
BW-02492;Winkler, Falk;1995-10-26;06484;Quedlinburg;03473 890243;falk.winkler@web.de;Maschinenbediener Kunststoff, Deutsch B2;Produktion und Montage;2026-12-27;Empfehlung;Aschersleben;2025-04-07;2025-11-10;2027-04-07;Im Einsatz
BW-02493;Wolf, Marvin;1975-10-14;06484;Quedlinburg;0160 7865214;marvin.wolf@t-online.de;CNC-Dreher, Siemens 840D;CNC-Zerspanung;2026-07-11;Initiativbewerbung;Aschersleben;2026-07-11;2026-09-01;2028-07-11;Im Pool
BW-02494;Peters, Sebastian;1980-06-19;06484;Quedlinburg;03473 722149;sebastian.peters@t-online.de;Industriemechaniker Instandhaltung, Kranschein;Metallbau und Schweißen;2026-06-10;Jobbörse;Aschersleben;2025-05-02;2026-05-31;2027-05-02;Abgelehnt
BW-02495;Roth, Franziska;1995-12-24;06484;Quedlinburg;03473 743749;franziska.roth@gmx.de;Maschinen- und Anlagenführer;Produktion und Montage;2026-09-07;Jobbörse;Aschersleben;2025-04-13;2025-07-27;2027-04-13;Im Pool
BW-02496;Hofmann, Jana;1969-02-14;06484;Quedlinburg;03473 772612;jana.hofmann@freenet.de;Schweißer MAG 135, Prüfung gültig;Metallbau und Schweißen;2026-08-30;Anzeige Website;Aschersleben;2025-03-06;2025-05-27;2027-03-06;Erstgespräch geführt
BW-02497;Winkler, Daniel;2006-06-14;06484;Quedlinburg;03473 329101;daniel.winkler@freenet.de;Metallbauer Konstruktionstechnik;Metallbau und Schweißen;2026-07-22;Jobbörse;Aschersleben;2025-08-23;2026-05-09;2027-08-23;Im Pool
BW-02498;Hofmann, Uwe;1972-02-04;06484;Quedlinburg;03473 215047;uwe.hofmann@gmx.de;Bürokauffrau, MS Office;Kaufmännische Sachbearbeitung;2026-08-11;Multiposting-Portal;Aschersleben;2025-10-14;2026-03-26;2027-10-14;Im Pool
BW-02499;Winkler, Manuela;1985-02-21;06484;Quedlinburg;0163 8058417;manuela.winkler@web.de;Bautischler, Montage, Höhentauglichkeit G41;Tischlerei und Holz;2026-07-07;Multiposting-Portal;Aschersleben;2026-05-16;2026-08-16;2028-05-16;Abgelehnt
BW-02500;Winkler, Claudia;2004-10-14;06484;Quedlinburg;0171 8028055;claudia.winkler@googlemail.com;Kundenservice, Telefonie;Kaufmännische Sachbearbeitung;2026-07-06;Initiativbewerbung;Aschersleben;2025-07-08;2026-01-15;2027-07-08;Neu
BW-02501;Horn, Marcel;1981-08-19;06484;Quedlinburg;03473 985409;marcel.horn@outlook.de;Staplerfahrer Schubmast, Führerschein B;Lager und Logistik;2026-06-24;Multiposting-Portal;Aschersleben;2026-06-06;2026-08-30;2028-06-06;Im Pool
BW-02502;Beck, Yvonne;1985-04-15;99885;Ohrdruf;0171 7104637;yvonne.beck@web.de;Verpackungsmitarbeiter, Akkordbereitschaft;Druck und Verpackung;2026-11-29;Karrieremesse;Gotha;2025-04-18;2025-08-30;2027-04-18;Im Einsatz
BW-02503;Frank, Birgit;1992-11-09;99885;Ohrdruf;0178 9167900;birgit.frank@mailbox.org;Bautischler, Montage;Tischlerei und Holz;2026-08-28;Multiposting-Portal;Gotha;2025-09-20;2026-02-01;2027-09-20;Erstgespräch geführt
BW-02504;Müller, Antje;1998-11-12;99885;Ohrdruf;0157 2162549;antje.mueller@t-online.de;Lagerfachkraft, Wareneingang;Lager und Logistik;2026-05-31;Anzeige Website;Gotha;2025-11-26;2026-01-22;2027-11-26;Neu
BW-02505;Wolff, Toni;1996-12-24;99885;Ohrdruf;0163 2575761;toni.wolff@gmx.de;Industriemechaniker Instandhaltung;Metallbau und Schweißen;2026-08-07;Empfehlung;Gotha;2025-08-31;2026-02-13;2027-08-31;Neu
BW-02506;Herrmann, Dennis;1964-08-19;99885;Ohrdruf;03621 396198;dennis.herrmann@freenet.de;Lagerfachkraft, Wareneingang;Lager und Logistik;2026-08-13;Initiativbewerbung;Gotha;2026-08-13;2026-08-27;2028-08-13;Nicht erreichbar
BW-02507;Jung, Matthias;1987-01-22;99885;Ohrdruf;03621 569355;matthias.jung@t-online.de;Sachbearbeitung Einkauf;Kaufmännische Sachbearbeitung;2026-06-23;Bundesagentur für Arbeit;Gotha;2025-06-02;2025-07-24;2027-06-02;Im Pool
BW-02508;Baumann, Nicole;1979-01-02;99885;Ohrdruf;03621 298214;nicole.baumann@t-online.de;Bürokauffrau, MS Office;Kaufmännische Sachbearbeitung;2026-05-19;Jobbörse;Gotha;2026-01-03;2026-06-27;2028-01-03;Im Pool
BW-02509;Wolf, Stefan;2005-10-07;99885;Ohrdruf;0157 9073926;stefan.wolf@t-online.de;Kundenservice, Telefonie;Kaufmännische Sachbearbeitung;2026-08-23;Multiposting-Portal;Gotha;2025-03-23;2026-03-14;2028-03-23;Im Pool
BW-02510;Schulz, Denise;1987-01-25;99885;Ohrdruf;0160 5624659;denise.schulz@gmx.de;Produktionshelfer, 3-Schicht, Schichtbereitschaft;Produktion und Montage;2026-06-18;Initiativbewerbung;Gotha;2025-05-09;2026-04-29;2027-05-09;Im Pool
BW-02511;Reuter, Marcel;1995-03-16;99885;Ohrdruf;03621 706762;marcel.reuter@gmx.de;Kaufmann Büromanagement, DATEV-Grundkenntnisse;Kaufmännische Sachbearbeitung;2026-08-30;Bundesagentur für Arbeit;Gotha;2025-03-08;2026-08-14;2027-03-08;Abgelehnt
BW-02512;Engel, Christin;1976-04-13;99885;Ohrdruf;0178 2459514;christin.engel@googlemail.com;Schweißer MAG 135, Prüfung gültig;Metallbau und Schweißen;2027-04-11;Initiativbewerbung;Gotha;2025-04-20;2025-08-17;2027-04-20;Im Einsatz
BW-02513;Frank, Manuela;1982-02-17;99885;Ohrdruf;0163 2416844;manuela.frank@freenet.de;Druckhelfer, Nachtschicht, Führerschein B;Druck und Verpackung;2026-06-22;Anzeige Website;Gotha;2025-03-20;2025-10-27;2027-03-20;Neu
